i   AlignChn ScoredChain  AlignResNum  AlignResType  AlignRespLDDT      n0chn  n0dom  n0res    d0chn     d0dom     d0res   ipTM_pae  ipSAE_d0chn ipSAE_d0dom    ipSAE 
1       A         B            1           GLU            0.00           780      0      0     9.541     1.000     1.000     0.0891      0.0000      0.0000      0.0000
2       A         B            2           ILE            0.00           780      0      0     9.541     1.000     1.000     0.0908      0.0000      0.0000      0.0000
3       A         B            3           GLU            0.00           780      0      0     9.541     1.000     1.000     0.0912      0.0000      0.0000      0.0000
4       A         B            4           LEU            0.00           780      0      0     9.541     1.000     1.000     0.0909      0.0000      0.0000      0.0000
5       A         B            5           ALA            0.00           780      0      0     9.541     1.000     1.000     0.0907      0.0000      0.0000      0.0000
6       A         B            6           GLY            0.00           780      0      0     9.541     1.000     1.000     0.0909      0.0000      0.0000      0.0000
7       A         B            7           VAL            0.00           780      0      0     9.541     1.000     1.000     0.0907      0.0000      0.0000      0.0000
8       A         B            8           LEU            0.00           780      0      0     9.541     1.000     1.000     0.0903      0.0000      0.0000      0.0000
9       A         B            9           LEU            0.00           780      0      0     9.541     1.000     1.000     0.0912      0.0000      0.0000      0.0000
10      A         B           10           GLY            0.00           780      0      0     9.541     1.000     1.000     0.0912      0.0000      0.0000      0.0000
11      A         B           11           PRO            0.00           780      0      0     9.541     1.000     1.000     0.0910      0.0000      0.0000      0.0000
12      A         B           12           GLU            0.00           780      0      0     9.541     1.000     1.000     0.0915      0.0000      0.0000      0.0000
13      A         B           13           GLU            0.00           780      0      0     9.541     1.000     1.000     0.0909      0.0000      0.0000      0.0000
14      A         B           14           VAL            0.00           780      0      0     9.541     1.000     1.000     0.0907      0.0000      0.0000      0.0000
15      A         B           15           GLU            0.00           780      0      0     9.541     1.000     1.000     0.0909      0.0000      0.0000      0.0000
16      A         B           16           VAL            0.00           780      0      0     9.541     1.000     1.000     0.0907      0.0000      0.0000      0.0000
17      A         B           17           LEU            0.00           780      0      0     9.541     1.000     1.000     0.0907      0.0000      0.0000      0.0000
18      A         B           18           ARG            0.00           780      0      0     9.541     1.000     1.000     0.0903      0.0000      0.0000      0.0000
19      A         B           19           THR            0.00           780      0      0     9.541     1.000     1.000     0.0907      0.0000      0.0000      0.0000
20      A         B           20           THR            0.00           780      0      0     9.541     1.000     1.000     0.0904      0.0000      0.0000      0.0000
21      A         B           21           VAL            0.00           780      0      0     9.541     1.000     1.000     0.0894      0.0000      0.0000      0.0000
22      A         B           22           GLY            0.00           780      0      0     9.541     1.000     1.000     0.0898      0.0000      0.0000      0.0000
23      A         B           23           ILE            0.00           780      0      0     9.541     1.000     1.000     0.0901      0.0000      0.0000      0.0000
24      A         B           24           GLU            0.00           780      0      0     9.541     1.000     1.000     0.0903      0.0000      0.0000      0.0000
25      A         B           25           ARG            0.00           780      0      0     9.541     1.000     1.000     0.0900      0.0000      0.0000      0.0000
26      A         B           26           VAL            0.00           780      0      0     9.541     1.000     1.000     0.0906      0.0000      0.0000      0.0000
27      A         B           27           GLU            0.00           780      0      0     9.541     1.000     1.000     0.0907      0.0000      0.0000      0.0000
28      A         B           28           LEU            0.00           780      0      0     9.541     1.000     1.000     0.0905      0.0000      0.0000      0.0000
29      A         B           29           LEU            0.00           780      0      0     9.541     1.000     1.000     0.0906      0.0000      0.0000      0.0000
30      A         B           30           ASP            0.00           780      0      0     9.541     1.000     1.000     0.0916      0.0000      0.0000      0.0000
31      A         B           31           GLN            0.00           780      0      0     9.541     1.000     1.000     0.0910      0.0000      0.0000      0.0000
32      A         B           32           GLY            0.00           780      0      0     9.541     1.000     1.000     0.0910      0.0000      0.0000      0.0000
33      A         B           33           ILE            0.00           780      0      0     9.541     1.000     1.000     0.0910      0.0000      0.0000      0.0000
34      A         B           34           ILE            0.00           780      0      0     9.541     1.000     1.000     0.0914      0.0000      0.0000      0.0000
35      A         B           35           VAL            0.00           780      0      0     9.541     1.000     1.000     0.0910      0.0000      0.0000      0.0000
36      A         B           36           ALA            0.00           780      0      0     9.541     1.000     1.000     0.0911      0.0000      0.0000      0.0000
37      A         B           37           ALA            0.00           780      0      0     9.541     1.000     1.000     0.0904      0.0000      0.0000      0.0000
38      A         B           38           ILE            0.00           780      0      0     9.541     1.000     1.000     0.0903      0.0000      0.0000      0.0000
39      A         B           39           TYR            0.00           780      0      0     9.541     1.000     1.000     0.0897      0.0000      0.0000      0.0000
40      A         B           40           LYS            0.00           780      0      0     9.541     1.000     1.000     0.0904      0.0000      0.0000      0.0000
41      A         B           41           ASP            0.00           780      0      0     9.541     1.000     1.000     0.0903      0.0000      0.0000      0.0000
42      A         B           42           LYS            0.00           780      0      0     9.541     1.000     1.000     0.0906      0.0000      0.0000      0.0000
43      A         B           43           ALA            0.00           780      0      0     9.541     1.000     1.000     0.0905      0.0000      0.0000      0.0000
44      A         B           44           VAL            0.00           780      0      0     9.541     1.000     1.000     0.0904      0.0000      0.0000      0.0000
45      A         B           45           TYR            0.00           780      0      0     9.541     1.000     1.000     0.0904      0.0000      0.0000      0.0000
46      A         B           46           VAL            0.00           780      0      0     9.541     1.000     1.000     0.0901      0.0000      0.0000      0.0000
47      A         B           47           GLY            0.00           780      0      0     9.541     1.000     1.000     0.0904      0.0000      0.0000      0.0000
48      A         B           48           GLU            0.00           780      0      0     9.541     1.000     1.000     0.0904      0.0000      0.0000      0.0000
49      A         B           49           GLY            0.00           780      0      0     9.541     1.000     1.000     0.0906      0.0000      0.0000      0.0000
50      A         B           50           ALA            0.00           780      0      0     9.541     1.000     1.000     0.0913      0.0000      0.0000      0.0000
51      A         B           51           THR            0.00           780      0      0     9.541     1.000     1.000     0.0919      0.0000      0.0000      0.0000
52      A         B           52           ILE            0.00           780      0      0     9.541     1.000     1.000     0.0913      0.0000      0.0000      0.0000
53      A         B           53           CYS            0.00           780      0      0     9.541     1.000     1.000     0.0907      0.0000      0.0000      0.0000
54      A         B           54           LEU            0.00           780      0      0     9.541     1.000     1.000     0.0911      0.0000      0.0000      0.0000
55      A         B           55           ARG            0.00           780      0      0     9.541     1.000     1.000     0.0913      0.0000      0.0000      0.0000
56      A         B           56           LYS            0.00           780      0      0     9.541     1.000     1.000     0.0907      0.0000      0.0000      0.0000
57      A         B           57           ALA            0.00           780      0      0     9.541     1.000     1.000     0.0905      0.0000      0.0000      0.0000
58      A         B           58           LEU            0.00           780      0      0     9.541     1.000     1.000     0.0903      0.0000      0.0000      0.0000
59      A         B           59           GLU            0.00           780      0      0     9.541     1.000     1.000     0.0903      0.0000      0.0000      0.0000
60      A         B           60           THR            0.00           780      0      0     9.541     1.000     1.000     0.0896      0.0000      0.0000      0.0000
61      A         B           61           VAL            0.00           780      0      0     9.541     1.000     1.000     0.0890      0.0000      0.0000      0.0000
62      A         B           62           PRO            0.00           780      0      0     9.541     1.000     1.000     0.0884      0.0000      0.0000      0.0000
63      A         B           63           ALA            0.00           780      0      0     9.541     1.000     1.000     0.0876      0.0000      0.0000      0.0000
64      A         B           64           THR            0.00           780      0      0     9.541     1.000     1.000     0.0872      0.0000      0.0000      0.0000
65      A         B           65           ARG            0.00           780      0      0     9.541     1.000     1.000     0.0866      0.0000      0.0000      0.0000
66      A         B           66           PHE            0.00           780      0      0     9.541     1.000     1.000     0.0864      0.0000      0.0000      0.0000
67      A         B           67           ILE            0.00           780      0      0     9.541     1.000     1.000     0.0859      0.0000      0.0000      0.0000
68      A         B           68           SER            0.00           780      0      0     9.541     1.000     1.000     0.0861      0.0000      0.0000      0.0000
69      A         B           69           GLY            0.00           780      0      0     9.541     1.000     1.000     0.0862      0.0000      0.0000      0.0000
70      A         B           70           GLU            0.00           780      0      0     9.541     1.000     1.000     0.0860      0.0000      0.0000      0.0000
71      A         B           71           GLU            0.00           780      0      0     9.541     1.000     1.000     0.0863      0.0000      0.0000      0.0000
72      A         B           72           LYS            0.00           780      0      0     9.541     1.000     1.000     0.0863      0.0000      0.0000      0.0000
73      A         B           73           PRO            0.00           780      0      0     9.541     1.000     1.000     0.0864      0.0000      0.0000      0.0000
74      A         B           74           GLN            0.00           780      0      0     9.541     1.000     1.000     0.0863      0.0000      0.0000      0.0000
75      A         B           75           GLU            0.00           780      0      0     9.541     1.000     1.000     0.0861      0.0000      0.0000      0.0000
76      A         B           76           THR            0.00           780      0      0     9.541     1.000     1.000     0.0863      0.0000      0.0000      0.0000
77      A         B           77           PRO            0.00           780      0      0     9.541     1.000     1.000     0.0867      0.0000      0.0000      0.0000
78      A         B           78           GLU            0.00           780      0      0     9.541     1.000     1.000     0.0870      0.0000      0.0000      0.0000
79      A         B           79           LEU            0.00           780      0      0     9.541     1.000     1.000     0.0874      0.0000      0.0000      0.0000
80      A         B           80           ALA            0.00           780      0      0     9.541     1.000     1.000     0.0879      0.0000      0.0000      0.0000
81      A         B           81           ASP            0.00           780      0      0     9.541     1.000     1.000     0.0883      0.0000      0.0000      0.0000
82      A         B           82           LYS            0.00           780      0      0     9.541     1.000     1.000     0.0896      0.0000      0.0000      0.0000
83      A         B           83           GLU            0.00           780      0      0     9.541     1.000     1.000     0.0896      0.0000      0.0000      0.0000
84      A         B           84           GLU            0.00           780      0      0     9.541     1.000     1.000     0.0899      0.0000      0.0000      0.0000
85      A         B           85           ALA            0.00           780      0      0     9.541     1.000     1.000     0.0904      0.0000      0.0000      0.0000
86      A         B           86           ASP            0.00           780      0      0     9.541     1.000     1.000     0.0907      0.0000      0.0000      0.0000
87      A         B           87           LYS            0.00           780      0      0     9.541     1.000     1.000     0.0908      0.0000      0.0000      0.0000
88      A         B           88           LEU            0.00           780      0      0     9.541     1.000     1.000     0.0906      0.0000      0.0000      0.0000
89      A         B           89           ALA            0.00           780      0      0     9.541     1.000     1.000     0.0913      0.0000      0.0000      0.0000
90      A         B           90           ARG            0.00           780      0      0     9.541     1.000     1.000     0.0912      0.0000      0.0000      0.0000
91      A         B           91           ASP            0.00           780      0      0     9.541     1.000     1.000     0.0918      0.0000      0.0000      0.0000
92      A         B           92           ASP            0.00           780      0      0     9.541     1.000     1.000     0.0920      0.0000      0.0000      0.0000
93      A         B           93           THR            0.00           780      0      0     9.541     1.000     1.000     0.0927      0.0000      0.0000      0.0000
94      A         B           94           ILE            0.00           780      0      0     9.541     1.000     1.000     0.0935      0.0000      0.0000      0.0000
95      A         B           95           ARG            0.00           780      0      0     9.541     1.000     1.000     0.0919      0.0000      0.0000      0.0000
96      A         B           96           ILE            0.00           780      0      0     9.541     1.000     1.000     0.0922      0.0000      0.0000      0.0000
97      A         B           97           LEU            0.00           780      0      0     9.541     1.000     1.000     0.0921      0.0000      0.0000      0.0000
98      A         B           98           LYS            0.00           780      0      0     9.541     1.000     1.000     0.0921      0.0000      0.0000      0.0000
99      A         B           99           LEU            0.00           780      0      0     9.541     1.000     1.000     0.0924      0.0000      0.0000      0.0000
100     A         B          100           THR            0.00           780      0      0     9.541     1.000     1.000     0.0921      0.0000      0.0000      0.0000
101     A         B          101           VAL            0.00           780      0      0     9.541     1.000     1.000     0.0913      0.0000      0.0000      0.0000
102     A         B          102           LEU            0.00           780      0      0     9.541     1.000     1.000     0.0906      0.0000      0.0000      0.0000
103     A         B          103           ASP            0.00           780      0      0     9.541     1.000     1.000     0.0904      0.0000      0.0000      0.0000
104     A         B          104           LYS            0.00           780      0      0     9.541     1.000     1.000     0.0899      0.0000      0.0000      0.0000
105     A         B          105           ASP            0.00           780      0      0     9.541     1.000     1.000     0.0897      0.0000      0.0000      0.0000
106     A         B          106           ALA            0.00           780      0      0     9.541     1.000     1.000     0.0894      0.0000      0.0000      0.0000
107     A         B          107           VAL            0.00           780      0      0     9.541     1.000     1.000     0.0896      0.0000      0.0000      0.0000
108     A         B          108           ASP            0.00           780      0      0     9.541     1.000     1.000     0.0897      0.0000      0.0000      0.0000
109     A         B          109           ALA            0.00           780      0      0     9.541     1.000     1.000     0.0895      0.0000      0.0000      0.0000
110     A         B          110           GLU            0.00           780      0      0     9.541     1.000     1.000     0.0901      0.0000      0.0000      0.0000
111     A         B          111           ALA            0.00           780      0      0     9.541     1.000     1.000     0.0901      0.0000      0.0000      0.0000
112     A         B          112           GLU            0.00           780      0      0     9.541     1.000     1.000     0.0902      0.0000      0.0000      0.0000
113     A         B          113           ILE            0.00           780      0      0     9.541     1.000     1.000     0.0898      0.0000      0.0000      0.0000
114     A         B          114           GLU            0.00           780      0      0     9.541     1.000     1.000     0.0903      0.0000      0.0000      0.0000
115     A         B          115           LEU            0.00           780      0      0     9.541     1.000     1.000     0.0898      0.0000      0.0000      0.0000
116     A         B          116           LYS            0.00           780      0      0     9.541     1.000     1.000     0.0897      0.0000      0.0000      0.0000
117     A         B          117           MET            0.00           780      0      0     9.541     1.000     1.000     0.0897      0.0000      0.0000      0.0000
118     A         B          118           ILE            0.00           780      0      0     9.541     1.000     1.000     0.0900      0.0000      0.0000      0.0000
119     A         B          119           LEU            0.00           780      0      0     9.541     1.000     1.000     0.0896      0.0000      0.0000      0.0000
120     A         B          120           ALA            0.00           780      0      0     9.541     1.000     1.000     0.0899      0.0000      0.0000      0.0000
121     A         B          121           LYS            0.00           780      0      0     9.541     1.000     1.000     0.0901      0.0000      0.0000      0.0000
122     A         B          122           PHE            0.00           780      0      0     9.541     1.000     1.000     0.0897      0.0000      0.0000      0.0000
123     A         B          123           GLU            0.00           780      0      0     9.541     1.000     1.000     0.0899      0.0000      0.0000      0.0000
124     A         B          124           VAL            0.00           780      0      0     9.541     1.000     1.000     0.0894      0.0000      0.0000      0.0000
125     A         B          125           ARG            0.00           780      0      0     9.541     1.000     1.000     0.0894      0.0000      0.0000      0.0000
126     A         B          126           ALA            0.00           780      0      0     9.541     1.000     1.000     0.0895      0.0000      0.0000      0.0000
127     A         B          127           PRO            0.00           780      0      0     9.541     1.000     1.000     0.0893      0.0000      0.0000      0.0000
128     A         B          128           VAL            0.00           780      0      0     9.541     1.000     1.000     0.0896      0.0000      0.0000      0.0000
129     A         B          129           VAL            0.00           780      0      0     9.541     1.000     1.000     0.0900      0.0000      0.0000      0.0000
130     A         B          130           VAL            0.00           780      0      0     9.541     1.000     1.000     0.0896      0.0000      0.0000      0.0000
131     A         B          131           LEU            0.00           780      0      0     9.541     1.000     1.000     0.0897      0.0000      0.0000      0.0000
132     A         B          132           LYS            0.00           780      0      0     9.541     1.000     1.000     0.0895      0.0000      0.0000      0.0000
133     A         B          133           VAL            0.00           780      0      0     9.541     1.000     1.000     0.0874      0.0000      0.0000      0.0000
134     A         B          134           ASN            0.00           780      0      0     9.541     1.000     1.000     0.0869      0.0000      0.0000      0.0000
135     A         B          135           PRO            0.00           780      0      0     9.541     1.000     1.000     0.0875      0.0000      0.0000      0.0000
136     A         B          136           ALA            0.00           780      0      0     9.541     1.000     1.000     0.0871      0.0000      0.0000      0.0000
137     A         B          137           ILE            0.00           780      0      0     9.541     1.000     1.000     0.0873      0.0000      0.0000      0.0000
138     A         B          138           GLU            0.00           780      0      0     9.541     1.000     1.000     0.0877      0.0000      0.0000      0.0000
139     A         B          139           SER            0.00           780      0      0     9.541     1.000     1.000     0.0879      0.0000      0.0000      0.0000
140     A         B          140           LYS            0.00           780      0      0     9.541     1.000     1.000     0.0881      0.0000      0.0000      0.0000
141     A         B          141           ALA            0.00           780      0      0     9.541     1.000     1.000     0.0890      0.0000      0.0000      0.0000
142     A         B          142           VAL            0.00           780      0      0     9.541     1.000     1.000     0.0904      0.0000      0.0000      0.0000
143     A         B          143           SER            0.00           780      0      0     9.541     1.000     1.000     0.0911      0.0000      0.0000      0.0000
144     A         B          144           VAL            0.00           780      0      0     9.541     1.000     1.000     0.0916      0.0000      0.0000      0.0000
145     A         B          145           GLU            0.00           780      0      0     9.541     1.000     1.000     0.0918      0.0000      0.0000      0.0000
146     A         B          146           ILE            0.00           780      0      0     9.541     1.000     1.000     0.0919      0.0000      0.0000      0.0000
147     A         B          147           PRO            0.00           780      0      0     9.541     1.000     1.000     0.0917      0.0000      0.0000      0.0000
148     A         B          148           GLY            0.00           780      0      0     9.541     1.000     1.000     0.0908      0.0000      0.0000      0.0000
149     A         B          149           ALA            0.00           780      0      0     9.541     1.000     1.000     0.0907      0.0000      0.0000      0.0000
150     A         B          150           ALA            0.00           780      0      0     9.541     1.000     1.000     0.0907      0.0000      0.0000      0.0000
151     A         B          151           GLY            0.00           780      0      0     9.541     1.000     1.000     0.0910      0.0000      0.0000      0.0000
152     A         B          152           ALA            0.00           780      0      0     9.541     1.000     1.000     0.0910      0.0000      0.0000      0.0000
153     A         B          153           ALA            0.00           780      0      0     9.541     1.000     1.000     0.0910      0.0000      0.0000      0.0000
154     A         B          154           GLY            0.00           780      0      0     9.541     1.000     1.000     0.0915      0.0000      0.0000      0.0000
155     A         B          155           HIS            0.00           780      0      0     9.541     1.000     1.000     0.0921      0.0000      0.0000      0.0000
156     A         B          156           ALA            0.00           780      0      0     9.541     1.000     1.000     0.0918      0.0000      0.0000      0.0000
157     A         B          157           ALA            0.00           780      0      0     9.541     1.000     1.000     0.0922      0.0000      0.0000      0.0000
158     A         B          158           ILE            0.00           780      0      0     9.541     1.000     1.000     0.0926      0.0000      0.0000      0.0000
159     A         B          159           ILE            0.00           780      0      0     9.541     1.000     1.000     0.0925      0.0000      0.0000      0.0000
160     B         A            1           LEU            0.00           780      0      0     9.541     1.000     1.000     0.0893      0.0000      0.0000      0.0000
161     B         A            2           GLU            0.00           780      0      0     9.541     1.000     1.000     0.0942      0.0000      0.0000      0.0000
162     B         A            3           GLU            0.00           780      0      0     9.541     1.000     1.000     0.1047      0.0000      0.0000      0.0000
163     B         A            4           LYS            0.00           780      0      0     9.541     1.000     1.000     0.1133      0.0000      0.0000      0.0000
164     B         A            5           LYS            0.00           780      0      0     9.541     1.000     1.000     0.1200      0.0000      0.0000      0.0000
165     B         A            6           VAL            0.00           780      0      0     9.541     1.000     1.000     0.1231      0.0000      0.0000      0.0000
166     B         A            7           CYS            0.00           780      0      0     9.541     1.000     1.000     0.1238      0.0000      0.0000      0.0000
167     B         A            8           GLN            0.00           780      0      0     9.541     1.000     1.000     0.1237      0.0000      0.0000      0.0000
168     B         A            9           GLY            0.00           780      0      0     9.541     1.000     1.000     0.1260      0.0000      0.0000      0.0000
169     B         A           10           THR            0.00           780      0      0     9.541     1.000     1.000     0.1234      0.0000      0.0000      0.0000
170     B         A           11           SER            0.00           780      0      0     9.541     1.000     1.000     0.1269      0.0000      0.0000      0.0000
171     B         A           12           ASN            0.00           780      0      0     9.541     1.000     1.000     0.1233      0.0000      0.0000      0.0000
172     B         A           13           LYS            0.00           780      0      0     9.541     1.000     1.000     0.1258      0.0000      0.0000      0.0000
173     B         A           14           LEU            0.00           780      0      0     9.541     1.000     1.000     0.1238      0.0000      0.0000      0.0000
174     B         A           15           THR            0.00           780      0      0     9.541     1.000     1.000     0.1268      0.0000      0.0000      0.0000
175     B         A           16           GLN            0.00           780      0      0     9.541     1.000     1.000     0.1226      0.0000      0.0000      0.0000
176     B         A           17           LEU            0.00           780      0      0     9.541     1.000     1.000     0.1184      0.0000      0.0000      0.0000
177     B         A           18           GLY            0.00           780      0      0     9.541     1.000     1.000     0.1220      0.0000      0.0000      0.0000
178     B         A           19           THR            0.00           780      0      0     9.541     1.000     1.000     0.1269      0.0000      0.0000      0.0000
179     B         A           20           PHE            0.00           780      0      0     9.541     1.000     1.000     0.1269      0.0000      0.0000      0.0000
180     B         A           21           GLU            0.00           780      0      0     9.541     1.000     1.000     0.1284      0.0000      0.0000      0.0000
181     B         A           22           ASP            0.00           780      0      0     9.541     1.000     1.000     0.1262      0.0000      0.0000      0.0000
182     B         A           23           HIS            0.00           780      0      0     9.541     1.000     1.000     0.1256      0.0000      0.0000      0.0000
183     B         A           24           PHE            0.00           780      0      0     9.541     1.000     1.000     0.1249      0.0000      0.0000      0.0000
184     B         A           25           LEU            0.00           780      0      0     9.541     1.000     1.000     0.1253      0.0000      0.0000      0.0000
185     B         A           26           SER            0.00           780      0      0     9.541     1.000     1.000     0.1250      0.0000      0.0000      0.0000
186     B         A           27           LEU            0.00           780      0      0     9.541     1.000     1.000     0.1240      0.0000      0.0000      0.0000
187     B         A           28           GLN            0.00           780      0      0     9.541     1.000     1.000     0.1267      0.0000      0.0000      0.0000
188     B         A           29           ARG            0.00           780      0      0     9.541     1.000     1.000     0.1236      0.0000      0.0000      0.0000
189     B         A           30           MET            0.00           780      0      0     9.541     1.000     1.000     0.1241      0.0000      0.0000      0.0000
190     B         A           31           PHE            0.00           780      0      0     9.541     1.000     1.000     0.1230      0.0000      0.0000      0.0000
191     B         A           32           ASN            0.00           780      0      0     9.541     1.000     1.000     0.1253      0.0000      0.0000      0.0000
192     B         A           33           ASN            0.00           780      0      0     9.541     1.000     1.000     0.1227      0.0000      0.0000      0.0000
193     B         A           34           CYS            0.00           780      0      0     9.541     1.000     1.000     0.1225      0.0000      0.0000      0.0000
194     B         A           35           GLU            0.00           780      0      0     9.541     1.000     1.000     0.1236      0.0000      0.0000      0.0000
195     B         A           36           VAL            0.00           780      0      0     9.541     1.000     1.000     0.1226      0.0000      0.0000      0.0000
196     B         A           37           VAL            0.00           780      0      0     9.541     1.000     1.000     0.1224      0.0000      0.0000      0.0000
197     B         A           38           LEU            0.00           780      0      0     9.541     1.000     1.000     0.1224      0.0000      0.0000      0.0000
198     B         A           39           GLY            0.00           780      0      0     9.541     1.000     1.000     0.1242      0.0000      0.0000      0.0000
199     B         A           40           ASN            0.00           780      0      0     9.541     1.000     1.000     0.1212      0.0000      0.0000      0.0000
200     B         A           41           LEU            0.00           780      0      0     9.541     1.000     1.000     0.1231      0.0000      0.0000      0.0000
201     B         A           42           GLU            0.00           780      0      0     9.541     1.000     1.000     0.1204      0.0000      0.0000      0.0000
202     B         A           43           ILE            0.00           780      0      0     9.541     1.000     1.000     0.1230      0.0000      0.0000      0.0000
203     B         A           44           THR            0.00           780      0      0     9.541     1.000     1.000     0.1222      0.0000      0.0000      0.0000
204     B         A           45           TYR            0.00           780      0      0     9.541     1.000     1.000     0.1232      0.0000      0.0000      0.0000
205     B         A           46           VAL            0.00           780      0      0     9.541     1.000     1.000     0.1255      0.0000      0.0000      0.0000
206     B         A           47           GLN            0.00           780      0      0     9.541     1.000     1.000     0.1238      0.0000      0.0000      0.0000
207     B         A           48           ARG            0.00           780      0      0     9.541     1.000     1.000     0.1233      0.0000      0.0000      0.0000
208     B         A           49           ASN            0.00           780      0      0     9.541     1.000     1.000     0.1252      0.0000      0.0000      0.0000
209     B         A           50           TYR            0.00           780      0      0     9.541     1.000     1.000     0.1245      0.0000      0.0000      0.0000
210     B         A           51           ASP            0.00           780      0      0     9.541     1.000     1.000     0.1256      0.0000      0.0000      0.0000
211     B         A           52           LEU            0.00           780      0      0     9.541     1.000     1.000     0.1240      0.0000      0.0000      0.0000
212     B         A           53           SER            0.00           780      0      0     9.541     1.000     1.000     0.1268      0.0000      0.0000      0.0000
213     B         A           54           PHE            0.00           780      0      0     9.541     1.000     1.000     0.1242      0.0000      0.0000      0.0000
214     B         A           55           LEU            0.00           780      0      0     9.541     1.000     1.000     0.1232      0.0000      0.0000      0.0000
215     B         A           56           LYS            0.00           780      0      0     9.541     1.000     1.000     0.1281      0.0000      0.0000      0.0000
216     B         A           57           THR            0.00           780      0      0     9.541     1.000     1.000     0.1252      0.0000      0.0000      0.0000
217     B         A           58           ILE            0.00           780      0      0     9.541     1.000     1.000     0.1217      0.0000      0.0000      0.0000
218     B         A           59           GLN            0.00           780      0      0     9.541     1.000     1.000     0.1236      0.0000      0.0000      0.0000
219     B         A           60           GLU            0.00           780      0      0     9.541     1.000     1.000     0.1232      0.0000      0.0000      0.0000
220     B         A           61           VAL            0.00           780      0      0     9.541     1.000     1.000     0.1212      0.0000      0.0000      0.0000
221     B         A           62           ALA            0.00           780      0      0     9.541     1.000     1.000     0.1226      0.0000      0.0000      0.0000
222     B         A           63           GLY            0.00           780      0      0     9.541     1.000     1.000     0.1234      0.0000      0.0000      0.0000
223     B         A           64           TYR            0.00           780      0      0     9.541     1.000     1.000     0.1220      0.0000      0.0000      0.0000
224     B         A           65           VAL            0.00           780      0      0     9.541     1.000     1.000     0.1224      0.0000      0.0000      0.0000
225     B         A           66           LEU            0.00           780      0      0     9.541     1.000     1.000     0.1200      0.0000      0.0000      0.0000
226     B         A           67           ILE            0.00           780      0      0     9.541     1.000     1.000     0.1231      0.0000      0.0000      0.0000
227     B         A           68           ALA            0.00           780      0      0     9.541     1.000     1.000     0.1247      0.0000      0.0000      0.0000
228     B         A           69           LEU            0.00           780      0      0     9.541     1.000     1.000     0.1260      0.0000      0.0000      0.0000
229     B         A           70           ASN            0.00           780      0      0     9.541     1.000     1.000     0.1262      0.0000      0.0000      0.0000
230     B         A           71           THR            0.00           780      0      0     9.541     1.000     1.000     0.1247      0.0000      0.0000      0.0000
231     B         A           72           VAL            0.00           780      0      0     9.541     1.000     1.000     0.1254      0.0000      0.0000      0.0000
232     B         A           73           GLU            0.00           780      0      0     9.541     1.000     1.000     0.1273      0.0000      0.0000      0.0000
233     B         A           74           ARG            0.00           780      0      0     9.541     1.000     1.000     0.1262      0.0000      0.0000      0.0000
234     B         A           75           ILE            0.00           780      0      0     9.541     1.000     1.000     0.1229      0.0000      0.0000      0.0000
235     B         A           76           PRO            0.00           780      0      0     9.541     1.000     1.000     0.1261      0.0000      0.0000      0.0000
236     B         A           77           LEU            0.00           780      0      0     9.541     1.000     1.000     0.1228      0.0000      0.0000      0.0000
237     B         A           78           GLU            0.00           780      0      0     9.541     1.000     1.000     0.1273      0.0000      0.0000      0.0000
238     B         A           79           ASN            0.00           780      0      0     9.541     1.000     1.000     0.1237      0.0000      0.0000      0.0000
239     B         A           80           LEU            0.00           780      0      0     9.541     1.000     1.000     0.1213      0.0000      0.0000      0.0000
240     B         A           81           GLN            0.00           780      0      0     9.541     1.000     1.000     0.1232      0.0000      0.0000      0.0000
241     B         A           82           ILE            0.00           780      0      0     9.541     1.000     1.000     0.1227      0.0000      0.0000      0.0000
242     B         A           83           ILE            0.00           780      0      0     9.541     1.000     1.000     0.1210      0.0000      0.0000      0.0000
243     B         A           84           ARG            0.00           780      0      0     9.541     1.000     1.000     0.1226      0.0000      0.0000      0.0000
244     B         A           85           GLY            0.00           780      0      0     9.541     1.000     1.000     0.1235      0.0000      0.0000      0.0000
245     B         A           86           ASN            0.00           780      0      0     9.541     1.000     1.000     0.1239      0.0000      0.0000      0.0000
246     B         A           87           MET            0.00           780      0      0     9.541     1.000     1.000     0.1243      0.0000      0.0000      0.0000
247     B         A           88           TYR            0.00           780      0      0     9.541     1.000     1.000     0.1247      0.0000      0.0000      0.0000
248     B         A           89           TYR            0.00           780      0      0     9.541     1.000     1.000     0.1240      0.0000      0.0000      0.0000
249     B         A           90           GLU            0.00           780      0      0     9.541     1.000     1.000     0.1224      0.0000      0.0000      0.0000
250     B         A           91           ASN            0.00           780      0      0     9.541     1.000     1.000     0.1279      0.0000      0.0000      0.0000
251     B         A           92           SER            0.00           780      0      0     9.541     1.000     1.000     0.1231      0.0000      0.0000      0.0000
252     B         A           93           TYR            0.00           780      0      0     9.541     1.000     1.000     0.1232      0.0000      0.0000      0.0000
253     B         A           94           ALA            0.00           780      0      0     9.541     1.000     1.000     0.1222      0.0000      0.0000      0.0000
254     B         A           95           LEU            0.00           780      0      0     9.541     1.000     1.000     0.1221      0.0000      0.0000      0.0000
255     B         A           96           ALA            0.00           780      0      0     9.541     1.000     1.000     0.1209      0.0000      0.0000      0.0000
256     B         A           97           VAL            0.00           780      0      0     9.541     1.000     1.000     0.1239      0.0000      0.0000      0.0000
257     B         A           98           LEU            0.00           780      0      0     9.541     1.000     1.000     0.1257      0.0000      0.0000      0.0000
258     B         A           99           SER            0.00           780      0      0     9.541     1.000     1.000     0.1249      0.0000      0.0000      0.0000
259     B         A          100           ASN            0.00           780      0      0     9.541     1.000     1.000     0.1269      0.0000      0.0000      0.0000
260     B         A          101           TYR            0.00           780      0      0     9.541     1.000     1.000     0.1229      0.0000      0.0000      0.0000
261     B         A          102           ASP            0.00           780      0      0     9.541     1.000     1.000     0.1198      0.0000      0.0000      0.0000
262     B         A          103           ALA            0.00           780      0      0     9.541     1.000     1.000     0.1178      0.0000      0.0000      0.0000
263     B         A          104           ASN            0.00           780      0      0     9.541     1.000     1.000     0.1233      0.0000      0.0000      0.0000
264     B         A          105           LYS            0.00           780      0      0     9.541     1.000     1.000     0.1203      0.0000      0.0000      0.0000
265     B         A          106           THR            0.00           780      0      0     9.541     1.000     1.000     0.1218      0.0000      0.0000      0.0000
266     B         A          107           GLY            0.00           780      0      0     9.541     1.000     1.000     0.1203      0.0000      0.0000      0.0000
267     B         A          108           LEU            0.00           780      0      0     9.541     1.000     1.000     0.1232      0.0000      0.0000      0.0000
268     B         A          109           LYS            0.00           780      0      0     9.541     1.000     1.000     0.1263      0.0000      0.0000      0.0000
269     B         A          110           GLU            0.00           780      0      0     9.541     1.000     1.000     0.1269      0.0000      0.0000      0.0000
270     B         A          111           LEU            0.00           780      0      0     9.541     1.000     1.000     0.1233      0.0000      0.0000      0.0000
271     B         A          112           PRO            0.00           780      0      0     9.541     1.000     1.000     0.1248      0.0000      0.0000      0.0000
272     B         A          113           MET            0.00           780      0      0     9.541     1.000     1.000     0.1227      0.0000      0.0000      0.0000
273     B         A          114           ARG            0.00           780      0      0     9.541     1.000     1.000     0.1271      0.0000      0.0000      0.0000
274     B         A          115           ASN            0.00           780      0      0     9.541     1.000     1.000     0.1236      0.0000      0.0000      0.0000
275     B         A          116           LEU            0.00           780      0      0     9.541     1.000     1.000     0.1207      0.0000      0.0000      0.0000
276     B         A          117           GLN            0.00           780      0      0     9.541     1.000     1.000     0.1221      0.0000      0.0000      0.0000
277     B         A          118           GLU            0.00           780      0      0     9.541     1.000     1.000     0.1224      0.0000      0.0000      0.0000
278     B         A          119           ILE            0.00           780      0      0     9.541     1.000     1.000     0.1207      0.0000      0.0000      0.0000
279     B         A          120           LEU            0.00           780      0      0     9.541     1.000     1.000     0.1219      0.0000      0.0000      0.0000
280     B         A          121           HIS            0.00           780      0      0     9.541     1.000     1.000     0.1232      0.0000      0.0000      0.0000
281     B         A          122           GLY            0.00           780      0      0     9.541     1.000     1.000     0.1228      0.0000      0.0000      0.0000
282     B         A          123           ALA            0.00           780      0      0     9.541     1.000     1.000     0.1230      0.0000      0.0000      0.0000
283     B         A          124           VAL            0.00           780      0      0     9.541     1.000     1.000     0.1220      0.0000      0.0000      0.0000
284     B         A          125           ARG            0.00           780      0      0     9.541     1.000     1.000     0.1223      0.0000      0.0000      0.0000
285     B         A          126           PHE            0.00           780      0      0     9.541     1.000     1.000     0.1231      0.0000      0.0000      0.0000
286     B         A          127           SER            0.00           780      0      0     9.541     1.000     1.000     0.1231      0.0000      0.0000      0.0000
287     B         A          128           ASN            0.00           780      0      0     9.541     1.000     1.000     0.1229      0.0000      0.0000      0.0000
288     B         A          129           ASN            0.00           780      0      0     9.541     1.000     1.000     0.1244      0.0000      0.0000      0.0000
289     B         A          130           PRO            0.00           780      0      0     9.541     1.000     1.000     0.1228      0.0000      0.0000      0.0000
290     B         A          131           ALA            0.00           780      0      0     9.541     1.000     1.000     0.1236      0.0000      0.0000      0.0000
291     B         A          132           LEU            0.00           780      0      0     9.541     1.000     1.000     0.1224      0.0000      0.0000      0.0000
292     B         A          133           CYS            0.00           780      0      0     9.541     1.000     1.000     0.1228      0.0000      0.0000      0.0000
293     B         A          134           ASN            0.00           780      0      0     9.541     1.000     1.000     0.1233      0.0000      0.0000      0.0000
294     B         A          135           VAL            0.00           780      0      0     9.541     1.000     1.000     0.1229      0.0000      0.0000      0.0000
295     B         A          136           GLU            0.00           780      0      0     9.541     1.000     1.000     0.1226      0.0000      0.0000      0.0000
296     B         A          137           SER            0.00           780      0      0     9.541     1.000     1.000     0.1232      0.0000      0.0000      0.0000
297     B         A          138           ILE            0.00           780      0      0     9.541     1.000     1.000     0.1222      0.0000      0.0000      0.0000
298     B         A          139           GLN            0.00           780      0      0     9.541     1.000     1.000     0.1218      0.0000      0.0000      0.0000
299     B         A          140           TRP            0.00           780      0      0     9.541     1.000     1.000     0.1211      0.0000      0.0000      0.0000
300     B         A          141           ARG            0.00           780      0      0     9.541     1.000     1.000     0.1232      0.0000      0.0000      0.0000
301     B         A          142           ASP            0.00           780      0      0     9.541     1.000     1.000     0.1219      0.0000      0.0000      0.0000
302     B         A          143           ILE            0.00           780      0      0     9.541     1.000     1.000     0.1211      0.0000      0.0000      0.0000
303     B         A          144           VAL            0.00           780      0      0     9.541     1.000     1.000     0.1212      0.0000      0.0000      0.0000
304     B         A          145           SER            0.00           780      0      0     9.541     1.000     1.000     0.1223      0.0000      0.0000      0.0000
305     B         A          146           SER            0.00           780      0      0     9.541     1.000     1.000     0.1218      0.0000      0.0000      0.0000
306     B         A          147           ASP            0.00           780      0      0     9.541     1.000     1.000     0.1229      0.0000      0.0000      0.0000
307     B         A          148           PHE            0.00           780      0      0     9.541     1.000     1.000     0.1217      0.0000      0.0000      0.0000
308     B         A          149           LEU            0.00           780      0      0     9.541     1.000     1.000     0.1223      0.0000      0.0000      0.0000
309     B         A          150           SER            0.00           780      0      0     9.541     1.000     1.000     0.1221      0.0000      0.0000      0.0000
310     B         A          151           ASN            0.00           780      0      0     9.541     1.000     1.000     0.1222      0.0000      0.0000      0.0000
311     B         A          152           MET            0.00           780      0      0     9.541     1.000     1.000     0.1218      0.0000      0.0000      0.0000
312     B         A          153           SER            0.00           780      0      0     9.541     1.000     1.000     0.1203      0.0000      0.0000      0.0000
313     B         A          154           MET            0.00           780      0      0     9.541     1.000     1.000     0.1195      0.0000      0.0000      0.0000
314     B         A          155           ASP            0.00           780      0      0     9.541     1.000     1.000     0.1172      0.0000      0.0000      0.0000
315     B         A          156           PHE            0.00           780      0      0     9.541     1.000     1.000     0.1153      0.0000      0.0000      0.0000
316     B         A          157           GLN            0.00           780      0      0     9.541     1.000     1.000     0.1023      0.0000      0.0000      0.0000
317     B         A          158           ASN            0.00           780      0      0     9.541     1.000     1.000     0.0987      0.0000      0.0000      0.0000
318     B         A          159           HIS            0.00           780      0      0     9.541     1.000     1.000     0.0980      0.0000      0.0000      0.0000
319     B         A          160           LEU            0.00           780      0      0     9.541     1.000     1.000     0.0971      0.0000      0.0000      0.0000
320     B         A          161           GLY            0.00           780      0      0     9.541     1.000     1.000     0.0967      0.0000      0.0000      0.0000
321     B         A          162           SER            0.00           780      0      0     9.541     1.000     1.000     0.0974      0.0000      0.0000      0.0000
322     B         A          163           CYS            0.00           780      0      0     9.541     1.000     1.000     0.1184      0.0000      0.0000      0.0000
323     B         A          164           GLN            0.00           780      0      0     9.541     1.000     1.000     0.1208      0.0000      0.0000      0.0000
324     B         A          165           LYS            0.00           780      0      0     9.541     1.000     1.000     0.1205      0.0000      0.0000      0.0000
325     B         A          166           CYS            0.00           780      0      0     9.541     1.000     1.000     0.1230      0.0000      0.0000      0.0000
326     B         A          167           ASP            0.00           780      0      0     9.541     1.000     1.000     0.1243      0.0000      0.0000      0.0000
327     B         A          168           PRO            0.00           780      0      0     9.541     1.000     1.000     0.1207      0.0000      0.0000      0.0000
328     B         A          169           SER            0.00           780      0      0     9.541     1.000     1.000     0.1193      0.0000      0.0000      0.0000
329     B         A          170           CYS            0.00           780      0      0     9.541     1.000     1.000     0.1196      0.0000      0.0000      0.0000
330     B         A          171           PRO            0.00           780      0      0     9.541     1.000     1.000     0.1113      0.0000      0.0000      0.0000
331     B         A          172           ASN            0.00           780      0      0     9.541     1.000     1.000     0.1161      0.0000      0.0000      0.0000
332     B         A          173           GLY            0.00           780      0      0     9.541     1.000     1.000     0.1195      0.0000      0.0000      0.0000
333     B         A          174           SER            0.00           780      0      0     9.541     1.000     1.000     0.1207      0.0000      0.0000      0.0000
334     B         A          175           CYS            0.00           780      0      0     9.541     1.000     1.000     0.1243      0.0000      0.0000      0.0000
335     B         A          176           TRP            0.00           780      0      0     9.541     1.000     1.000     0.1224      0.0000      0.0000      0.0000
336     B         A          177           GLY            0.00           780      0      0     9.541     1.000     1.000     0.1218      0.0000      0.0000      0.0000
337     B         A          178           ALA            0.00           780      0      0     9.541     1.000     1.000     0.1206      0.0000      0.0000      0.0000
338     B         A          179           GLY            0.00           780      0      0     9.541     1.000     1.000     0.1202      0.0000      0.0000      0.0000
339     B         A          180           GLU            0.00           780      0      0     9.541     1.000     1.000     0.1203      0.0000      0.0000      0.0000
340     B         A          181           GLU            0.00           780      0      0     9.541     1.000     1.000     0.1229      0.0000      0.0000      0.0000
341     B         A          182           ASN            0.00           780      0      0     9.541     1.000     1.000     0.1221      0.0000      0.0000      0.0000
342     B         A          183           CYS            0.00           780      0      0     9.541     1.000     1.000     0.1233      0.0000      0.0000      0.0000
343     B         A          184           GLN            0.00           780      0      0     9.541     1.000     1.000     0.1218      0.0000      0.0000      0.0000
344     B         A          185           LYS            0.00           780      0      0     9.541     1.000     1.000     0.1214      0.0000      0.0000      0.0000
345     B         A          186           LEU            0.00           780      0      0     9.541     1.000     1.000     0.1215      0.0000      0.0000      0.0000
346     B         A          187           THR            0.00           780      0      0     9.541     1.000     1.000     0.1210      0.0000      0.0000      0.0000
347     B         A          188           LYS            0.00           780      0      0     9.541     1.000     1.000     0.1205      0.0000      0.0000      0.0000
348     B         A          189           ILE            0.00           780      0      0     9.541     1.000     1.000     0.1184      0.0000      0.0000      0.0000
349     B         A          190           ILE            0.00           780      0      0     9.541     1.000     1.000     0.1203      0.0000      0.0000      0.0000
350     B         A          191           CYS            0.00           780      0      0     9.541     1.000     1.000     0.1188      0.0000      0.0000      0.0000
351     B         A          192           ALA            0.00           780      0      0     9.541     1.000     1.000     0.1158      0.0000      0.0000      0.0000
352     B         A          193           GLN            0.00           780      0      0     9.541     1.000     1.000     0.1132      0.0000      0.0000      0.0000
353     B         A          194           GLN            0.00           780      0      0     9.541     1.000     1.000     0.1137      0.0000      0.0000      0.0000
354     B         A          195           CYS            0.00           780      0      0     9.541     1.000     1.000     0.1157      0.0000      0.0000      0.0000
355     B         A          196           SER            0.00           780      0      0     9.541     1.000     1.000     0.1133      0.0000      0.0000      0.0000
356     B         A          197           GLY            0.00           780      0      0     9.541     1.000     1.000     0.1112      0.0000      0.0000      0.0000
357     B         A          198           ARG            0.00           780      0      0     9.541     1.000     1.000     0.1181      0.0000      0.0000      0.0000
358     B         A          199           CYS            0.00           780      0      0     9.541     1.000     1.000     0.1194      0.0000      0.0000      0.0000
359     B         A          200           ARG            0.00           780      0      0     9.541     1.000     1.000     0.1151      0.0000      0.0000      0.0000
360     B         A          201           GLY            0.00           780      0      0     9.541     1.000     1.000     0.1150      0.0000      0.0000      0.0000
361     B         A          202           LYS            0.00           780      0      0     9.541     1.000     1.000     0.1142      0.0000      0.0000      0.0000
362     B         A          203           SER            0.00           780      0      0     9.541     1.000     1.000     0.1139      0.0000      0.0000      0.0000
363     B         A          204           PRO            0.00           780      0      0     9.541     1.000     1.000     0.1139      0.0000      0.0000      0.0000
364     B         A          205           SER            0.00           780      0      0     9.541     1.000     1.000     0.1134      0.0000      0.0000      0.0000
365     B         A          206           ASP            0.00           780      0      0     9.541     1.000     1.000     0.1164      0.0000      0.0000      0.0000
366     B         A          207           CYS            0.00           780      0      0     9.541     1.000     1.000     0.1185      0.0000      0.0000      0.0000
367     B         A          208           CYS            0.00           780      0      0     9.541     1.000     1.000     0.1181      0.0000      0.0000      0.0000
368     B         A          209           HIS            0.00           780      0      0     9.541     1.000     1.000     0.1174      0.0000      0.0000      0.0000
369     B         A          210           ASN            0.00           780      0      0     9.541     1.000     1.000     0.1166      0.0000      0.0000      0.0000
370     B         A          211           GLN            0.00           780      0      0     9.541     1.000     1.000     0.1180      0.0000      0.0000      0.0000
371     B         A          212           CYS            0.00           780      0      0     9.541     1.000     1.000     0.1194      0.0000      0.0000      0.0000
372     B         A          213           ALA            0.00           780      0      0     9.541     1.000     1.000     0.1147      0.0000      0.0000      0.0000
373     B         A          214           ALA            0.00           780      0      0     9.541     1.000     1.000     0.1143      0.0000      0.0000      0.0000
374     B         A          215           GLY            0.00           780      0      0     9.541     1.000     1.000     0.1189      0.0000      0.0000      0.0000
375     B         A          216           CYS            0.00           780      0      0     9.541     1.000     1.000     0.1189      0.0000      0.0000      0.0000
376     B         A          217           THR            0.00           780      0      0     9.541     1.000     1.000     0.1177      0.0000      0.0000      0.0000
377     B         A          218           GLY            0.00           780      0      0     9.541     1.000     1.000     0.1166      0.0000      0.0000      0.0000
378     B         A          219           PRO            0.00           780      0      0     9.541     1.000     1.000     0.1152      0.0000      0.0000      0.0000
379     B         A          220           ARG            0.00           780      0      0     9.541     1.000     1.000     0.1169      0.0000      0.0000      0.0000
380     B         A          221           GLU            0.00           780      0      0     9.541     1.000     1.000     0.1160      0.0000      0.0000      0.0000
381     B         A          222           SER            0.00           780      0      0     9.541     1.000     1.000     0.1155      0.0000      0.0000      0.0000
382     B         A          223           ASP            0.00           780      0      0     9.541     1.000     1.000     0.1181      0.0000      0.0000      0.0000
383     B         A          224           CYS            0.00           780      0      0     9.541     1.000     1.000     0.1203      0.0000      0.0000      0.0000
384     B         A          225           LEU            0.00           780      0      0     9.541     1.000     1.000     0.1204      0.0000      0.0000      0.0000
385     B         A          226           VAL            0.00           780      0      0     9.541     1.000     1.000     0.1174      0.0000      0.0000      0.0000
386     B         A          227           CYS            0.00           780      0      0     9.541     1.000     1.000     0.1194      0.0000      0.0000      0.0000
387     B         A          228           ARG            0.00           780      0      0     9.541     1.000     1.000     0.1182      0.0000      0.0000      0.0000
388     B         A          229           LYS            0.00           780      0      0     9.541     1.000     1.000     0.1181      0.0000      0.0000      0.0000
389     B         A          230           PHE            0.00           780      0      0     9.541     1.000     1.000     0.1172      0.0000      0.0000      0.0000
390     B         A          231           ARG            0.00           780      0      0     9.541     1.000     1.000     0.1169      0.0000      0.0000      0.0000
391     B         A          232           ASP            0.00           780      0      0     9.541     1.000     1.000     0.1162      0.0000      0.0000      0.0000
392     B         A          233           GLU            0.00           780      0      0     9.541     1.000     1.000     0.1100      0.0000      0.0000      0.0000
393     B         A          234           ALA            0.00           780      0      0     9.541     1.000     1.000     0.1091      0.0000      0.0000      0.0000
394     B         A          235           THR            0.00           780      0      0     9.541     1.000     1.000     0.1155      0.0000      0.0000      0.0000
395     B         A          236           CYS            0.00           780      0      0     9.541     1.000     1.000     0.1189      0.0000      0.0000      0.0000
396     B         A          237           LYS            0.00           780      0      0     9.541     1.000     1.000     0.1156      0.0000      0.0000      0.0000
397     B         A          238           ASP            0.00           780      0      0     9.541     1.000     1.000     0.1148      0.0000      0.0000      0.0000
398     B         A          239           THR            0.00           780      0      0     9.541     1.000     1.000     0.1140      0.0000      0.0000      0.0000
399     B         A          240           CYS            0.00           780      0      0     9.541     1.000     1.000     0.1161      0.0000      0.0000      0.0000
400     B         A          241           PRO            0.00           780      0      0     9.541     1.000     1.000     0.1130      0.0000      0.0000      0.0000
401     B         A          242           PRO            0.00           780      0      0     9.541     1.000     1.000     0.1108      0.0000      0.0000      0.0000
402     B         A          243           LEU            0.00           780      0      0     9.541     1.000     1.000     0.1104      0.0000      0.0000      0.0000
403     B         A          244           MET            0.00           780      0      0     9.541     1.000     1.000     0.1070      0.0000      0.0000      0.0000
404     B         A          245           LEU            0.00           780      0      0     9.541     1.000     1.000     0.1049      0.0000      0.0000      0.0000
405     B         A          246           TYR            0.00           780      0      0     9.541     1.000     1.000     0.1029      0.0000      0.0000      0.0000
406     B         A          247           ASN            0.00           780      0      0     9.541     1.000     1.000     0.1015      0.0000      0.0000      0.0000
407     B         A          248           PRO            0.00           780      0      0     9.541     1.000     1.000     0.0992      0.0000      0.0000      0.0000
408     B         A          249           THR            0.00           780      0      0     9.541     1.000     1.000     0.0992      0.0000      0.0000      0.0000
409     B         A          250           THR            0.00           780      0      0     9.541     1.000     1.000     0.0986      0.0000      0.0000      0.0000
410     B         A          251           TYR            0.00           780      0      0     9.541     1.000     1.000     0.0981      0.0000      0.0000      0.0000
411     B         A          252           GLN            0.00           780      0      0     9.541     1.000     1.000     0.0998      0.0000      0.0000      0.0000
412     B         A          253           MET            0.00           780      0      0     9.541     1.000     1.000     0.1027      0.0000      0.0000      0.0000
413     B         A          254           ASP            0.00           780      0      0     9.541     1.000     1.000     0.1036      0.0000      0.0000      0.0000
414     B         A          255           VAL            0.00           780      0      0     9.541     1.000     1.000     0.1063      0.0000      0.0000      0.0000
415     B         A          256           ASN            0.00           780      0      0     9.541     1.000     1.000     0.1096      0.0000      0.0000      0.0000
416     B         A          257           PRO            0.00           780      0      0     9.541     1.000     1.000     0.1085      0.0000      0.0000      0.0000
417     B         A          258           GLU            0.00           780      0      0     9.541     1.000     1.000     0.1096      0.0000      0.0000      0.0000
418     B         A          259           GLY            0.00           780      0      0     9.541     1.000     1.000     0.1123      0.0000      0.0000      0.0000
419     B         A          260           LYS            0.00           780      0      0     9.541     1.000     1.000     0.1149      0.0000      0.0000      0.0000
420     B         A          261           TYR            0.00           780      0      0     9.541     1.000     1.000     0.1152      0.0000      0.0000      0.0000
421     B         A          262           SER            0.00           780      0      0     9.541     1.000     1.000     0.1146      0.0000      0.0000      0.0000
422     B         A          263           PHE            0.00           780      0      0     9.541     1.000     1.000     0.1145      0.0000      0.0000      0.0000
423     B         A          264           GLY            0.00           780      0      0     9.541     1.000     1.000     0.1157      0.0000      0.0000      0.0000
424     B         A          265           ALA            0.00           780      0      0     9.541     1.000     1.000     0.1169      0.0000      0.0000      0.0000
425     B         A          266           THR            0.00           780      0      0     9.541     1.000     1.000     0.1166      0.0000      0.0000      0.0000
426     B         A          267           CYS            0.00           780      0      0     9.541     1.000     1.000     0.1171      0.0000      0.0000      0.0000
427     B         A          268           VAL            0.00           780      0      0     9.541     1.000     1.000     0.1147      0.0000      0.0000      0.0000
428     B         A          269           LYS            0.00           780      0      0     9.541     1.000     1.000     0.1130      0.0000      0.0000      0.0000
429     B         A          270           LYS            0.00           780      0      0     9.541     1.000     1.000     0.1120      0.0000      0.0000      0.0000
430     B         A          271           CYS            0.00           780      0      0     9.541     1.000     1.000     0.1128      0.0000      0.0000      0.0000
431     B         A          272           PRO            0.00           780      0      0     9.541     1.000     1.000     0.1111      0.0000      0.0000      0.0000
432     B         A          273           ARG            0.00           780      0      0     9.541     1.000     1.000     0.1089      0.0000      0.0000      0.0000
433     B         A          274           ASN            0.00           780      0      0     9.541     1.000     1.000     0.1092      0.0000      0.0000      0.0000
434     B         A          275           TYR            0.00           780      0      0     9.541     1.000     1.000     0.1128      0.0000      0.0000      0.0000
435     B         A          276           VAL            0.00           780      0      0     9.541     1.000     1.000     0.1115      0.0000      0.0000      0.0000
436     B         A          277           VAL            0.00           780      0      0     9.541     1.000     1.000     0.1102      0.0000      0.0000      0.0000
437     B         A          278           THR            0.00           780      0      0     9.541     1.000     1.000     0.1090      0.0000      0.0000      0.0000
438     B         A          279           ASP            0.00           780      0      0     9.541     1.000     1.000     0.1062      0.0000      0.0000      0.0000
439     B         A          280           HIS            0.00           780      0      0     9.541     1.000     1.000     0.1061      0.0000      0.0000      0.0000
440     B         A          281           GLY            0.00           780      0      0     9.541     1.000     1.000     0.1102      0.0000      0.0000      0.0000
441     B         A          282           SER            0.00           780      0      0     9.541     1.000     1.000     0.1117      0.0000      0.0000      0.0000
442     B         A          283           CYS            0.00           780      0      0     9.541     1.000     1.000     0.1150      0.0000      0.0000      0.0000
443     B         A          284           VAL            0.00           780      0      0     9.541     1.000     1.000     0.1119      0.0000      0.0000      0.0000
444     B         A          285           ARG            0.00           780      0      0     9.541     1.000     1.000     0.1088      0.0000      0.0000      0.0000
445     B         A          286           ALA            0.00           780      0      0     9.541     1.000     1.000     0.1077      0.0000      0.0000      0.0000
446     B         A          287           CYS            0.00           780      0      0     9.541     1.000     1.000     0.1087      0.0000      0.0000      0.0000
447     B         A          288           GLY            0.00           780      0      0     9.541     1.000     1.000     0.1066      0.0000      0.0000      0.0000
448     B         A          289           ALA            0.00           780      0      0     9.541     1.000     1.000     0.1054      0.0000      0.0000      0.0000
449     B         A          290           ASP            0.00           780      0      0     9.541     1.000     1.000     0.1046      0.0000      0.0000      0.0000
450     B         A          291           SER            0.00           780      0      0     9.541     1.000     1.000     0.1074      0.0000      0.0000      0.0000
451     B         A          292           TYR            0.00           780      0      0     9.541     1.000     1.000     0.1086      0.0000      0.0000      0.0000
452     B         A          293           GLU            0.00           780      0      0     9.541     1.000     1.000     0.1079      0.0000      0.0000      0.0000
453     B         A          294           MET            0.00           780      0      0     9.541     1.000     1.000     0.1071      0.0000      0.0000      0.0000
454     B         A          295           GLU            0.00           780      0      0     9.541     1.000     1.000     0.1054      0.0000      0.0000      0.0000
455     B         A          296           GLU            0.00           780      0      0     9.541     1.000     1.000     0.1039      0.0000      0.0000      0.0000
456     B         A          297           ASP            0.00           780      0      0     9.541     1.000     1.000     0.1009      0.0000      0.0000      0.0000
457     B         A          298           GLY            0.00           780      0      0     9.541     1.000     1.000     0.1024      0.0000      0.0000      0.0000
458     B         A          299           VAL            0.00           780      0      0     9.541     1.000     1.000     0.1046      0.0000      0.0000      0.0000
459     B         A          300           ARG            0.00           780      0      0     9.541     1.000     1.000     0.1060      0.0000      0.0000      0.0000
460     B         A          301           LYS            0.00           780      0      0     9.541     1.000     1.000     0.1063      0.0000      0.0000      0.0000
461     B         A          302           CYS            0.00           780      0      0     9.541     1.000     1.000     0.1093      0.0000      0.0000      0.0000
462     B         A          303           LYS            0.00           780      0      0     9.541     1.000     1.000     0.1068      0.0000      0.0000      0.0000
463     B         A          304           LYS            0.00           780      0      0     9.541     1.000     1.000     0.1054      0.0000      0.0000      0.0000
464     B         A          305           CYS            0.00           780      0      0     9.541     1.000     1.000     0.1027      0.0000      0.0000      0.0000
465     B         A          306           GLU            0.00           780      0      0     9.541     1.000     1.000     0.1001      0.0000      0.0000      0.0000
466     B         A          307           GLY            0.00           780      0      0     9.541     1.000     1.000     0.0982      0.0000      0.0000      0.0000
467     B         A          308           PRO            0.00           780      0      0     9.541     1.000     1.000     0.0993      0.0000      0.0000      0.0000
468     B         A          309           CYS            0.00           780      0      0     9.541     1.000     1.000     0.1020      0.0000      0.0000      0.0000
469     B         A          310           ARG            0.00           780      0      0     9.541     1.000     1.000     0.1072      0.0000      0.0000      0.0000
470     B         A          311           LYS            0.00           780      0      0     9.541     1.000     1.000     0.1144      0.0000      0.0000      0.0000
471     B         A          312           VAL            0.00           780      0      0     9.541     1.000     1.000     0.1181      0.0000      0.0000      0.0000
472     B         A          313           CYS            0.00           780      0      0     9.541     1.000     1.000     0.1204      0.0000      0.0000      0.0000
473     B         A          314           ASN            0.00           780      0      0     9.541     1.000     1.000     0.1215      0.0000      0.0000      0.0000
474     B         A          315           GLY            0.00           780      0      0     9.541     1.000     1.000     0.1207      0.0000      0.0000      0.0000
475     B         A          316           ILE            0.00           780      0      0     9.541     1.000     1.000     0.1184      0.0000      0.0000      0.0000
476     B         A          317           GLY            0.00           780      0      0     9.541     1.000     1.000     0.1146      0.0000      0.0000      0.0000
477     B         A          318           ILE            0.00           780      0      0     9.541     1.000     1.000     0.1174      0.0000      0.0000      0.0000
478     B         A          319           GLY            0.00           780      0      0     9.541     1.000     1.000     0.1176      0.0000      0.0000      0.0000
479     B         A          320           GLU            0.00           780      0      0     9.541     1.000     1.000     0.1206      0.0000      0.0000      0.0000
480     B         A          321           PHE            0.00           780      0      0     9.541     1.000     1.000     0.1208      0.0000      0.0000      0.0000
481     B         A          322           LYS            0.00           780      0      0     9.541     1.000     1.000     0.1228      0.0000      0.0000      0.0000
482     B         A          323           ASP            0.00           780      0      0     9.541     1.000     1.000     0.1186      0.0000      0.0000      0.0000
483     B         A          324           SER            0.00           780      0      0     9.541     1.000     1.000     0.1219      0.0000      0.0000      0.0000
484     B         A          325           LEU            0.00           780      0      0     9.541     1.000     1.000     0.1200      0.0000      0.0000      0.0000
485     B         A          326           SER            0.00           780      0      0     9.541     1.000     1.000     0.1232      0.0000      0.0000      0.0000
486     B         A          327           ILE            0.00           780      0      0     9.541     1.000     1.000     0.1215      0.0000      0.0000      0.0000
487     B         A          328           ASN            0.00           780      0      0     9.541     1.000     1.000     0.1190      0.0000      0.0000      0.0000
488     B         A          329           ALA            0.00           780      0      0     9.541     1.000     1.000     0.1244      0.0000      0.0000      0.0000
489     B         A          330           THR            0.00           780      0      0     9.541     1.000     1.000     0.1242      0.0000      0.0000      0.0000
490     B         A          331           ASN            0.00           780      0      0     9.541     1.000     1.000     0.1229      0.0000      0.0000      0.0000
491     B         A          332           ILE            0.00           780      0      0     9.541     1.000     1.000     0.1245      0.0000      0.0000      0.0000
492     B         A          333           LYS            0.00           780      0      0     9.541     1.000     1.000     0.1278      0.0000      0.0000      0.0000
493     B         A          334           HIS            0.00           780      0      0     9.541     1.000     1.000     0.1231      0.0000      0.0000      0.0000
494     B         A          335           PHE            0.00           780      0      0     9.541     1.000     1.000     0.1221      0.0000      0.0000      0.0000
495     B         A          336           LYS            0.00           780      0      0     9.541     1.000     1.000     0.1255      0.0000      0.0000      0.0000
496     B         A          337           ASN            0.00           780      0      0     9.541     1.000     1.000     0.1189      0.0000      0.0000      0.0000
497     B         A          338           CYS            0.00           780      0      0     9.541     1.000     1.000     0.1201      0.0000      0.0000      0.0000
498     B         A          339           THR            0.00           780      0      0     9.541     1.000     1.000     0.1213      0.0000      0.0000      0.0000
499     B         A          340           SER            0.00           780      0      0     9.541     1.000     1.000     0.1216      0.0000      0.0000      0.0000
500     B         A          341           ILE            0.00           780      0      0     9.541     1.000     1.000     0.1202      0.0000      0.0000      0.0000
501     B         A          342           SER            0.00           780      0      0     9.541     1.000     1.000     0.1210      0.0000      0.0000      0.0000
502     B         A          343           GLY            0.00           780      0      0     9.541     1.000     1.000     0.1203      0.0000      0.0000      0.0000
503     B         A          344           ASP            0.00           780      0      0     9.541     1.000     1.000     0.1180      0.0000      0.0000      0.0000
504     B         A          345           LEU            0.00           780      0      0     9.541     1.000     1.000     0.1221      0.0000      0.0000      0.0000
505     B         A          346           HIS            0.00           780      0      0     9.541     1.000     1.000     0.1188      0.0000      0.0000      0.0000
506     B         A          347           ILE            0.00           780      0      0     9.541     1.000     1.000     0.1233      0.0000      0.0000      0.0000
507     B         A          348           LEU            0.00           780      0      0     9.541     1.000     1.000     0.1202      0.0000      0.0000      0.0000
508     B         A          349           PRO            0.00           780      0      0     9.541     1.000     1.000     0.1213      0.0000      0.0000      0.0000
509     B         A          350           VAL            0.00           780      0      0     9.541     1.000     1.000     0.1247      0.0000      0.0000      0.0000
510     B         A          351           ALA            0.00           780      0      0     9.541     1.000     1.000     0.1243      0.0000      0.0000      0.0000
511     B         A          352           PHE            0.00           780      0      0     9.541     1.000     1.000     0.1230      0.0000      0.0000      0.0000
512     B         A          353           ARG            0.00           780      0      0     9.541     1.000     1.000     0.1209      0.0000      0.0000      0.0000
513     B         A          354           GLY            0.00           780      0      0     9.541     1.000     1.000     0.1235      0.0000      0.0000      0.0000
514     B         A          355           ASP            0.00           780      0      0     9.541     1.000     1.000     0.1232      0.0000      0.0000      0.0000
515     B         A          356           SER            0.00           780      0      0     9.541     1.000     1.000     0.1240      0.0000      0.0000      0.0000
516     B         A          357           PHE            0.00           780      0      0     9.541     1.000     1.000     0.1263      0.0000      0.0000      0.0000
517     B         A          358           THR            0.00           780      0      0     9.541     1.000     1.000     0.1302      0.0000      0.0000      0.0000
518     B         A          359           HIS            0.00           780      0      0     9.541     1.000     1.000     0.1306      0.0000      0.0000      0.0000
519     B         A          360           THR            0.00           780      0      0     9.541     1.000     1.000     0.1282      0.0000      0.0000      0.0000
520     B         A          361           PRO            0.00           780      0      0     9.541     1.000     1.000     0.1248      0.0000      0.0000      0.0000
521     B         A          362           PRO            0.00           780      0      0     9.541     1.000     1.000     0.1233      0.0000      0.0000      0.0000
522     B         A          363           LEU            0.00           780      0      0     9.541     1.000     1.000     0.1242      0.0000      0.0000      0.0000
523     B         A          364           ASP            0.00           780      0      0     9.541     1.000     1.000     0.1243      0.0000      0.0000      0.0000
524     B         A          365           PRO            0.00           780      0      0     9.541     1.000     1.000     0.1229      0.0000      0.0000      0.0000
525     B         A          366           GLN            0.00           780      0      0     9.541     1.000     1.000     0.1258      0.0000      0.0000      0.0000
526     B         A          367           GLU            0.00           780      0      0     9.541     1.000     1.000     0.1255      0.0000      0.0000      0.0000
527     B         A          368           LEU            0.00           780      0      0     9.541     1.000     1.000     0.1210      0.0000      0.0000      0.0000
528     B         A          369           ASP            0.00           780      0      0     9.541     1.000     1.000     0.1241      0.0000      0.0000      0.0000
529     B         A          370           ILE            0.00           780      0      0     9.541     1.000     1.000     0.1225      0.0000      0.0000      0.0000
530     B         A          371           LEU            0.00           780      0      0     9.541     1.000     1.000     0.1207      0.0000      0.0000      0.0000
531     B         A          372           LYS            0.00           780      0      0     9.541     1.000     1.000     0.1250      0.0000      0.0000      0.0000
532     B         A          373           THR            0.00           780      0      0     9.541     1.000     1.000     0.1221      0.0000      0.0000      0.0000
533     B         A          374           VAL            0.00           780      0      0     9.541     1.000     1.000     0.1191      0.0000      0.0000      0.0000
534     B         A          375           LYS            0.00           780      0      0     9.541     1.000     1.000     0.1214      0.0000      0.0000      0.0000
535     B         A          376           GLU            0.00           780      0      0     9.541     1.000     1.000     0.1216      0.0000      0.0000      0.0000
536     B         A          377           ILE            0.00           780      0      0     9.541     1.000     1.000     0.1200      0.0000      0.0000      0.0000
537     B         A          378           THR            0.00           780      0      0     9.541     1.000     1.000     0.1196      0.0000      0.0000      0.0000
538     B         A          379           GLY            0.00           780      0      0     9.541     1.000     1.000     0.1198      0.0000      0.0000      0.0000
539     B         A          380           PHE            0.00           780      0      0     9.541     1.000     1.000     0.1173      0.0000      0.0000      0.0000
540     B         A          381           LEU            0.00           780      0      0     9.541     1.000     1.000     0.1213      0.0000      0.0000      0.0000
541     B         A          382           LEU            0.00           780      0      0     9.541     1.000     1.000     0.1186      0.0000      0.0000      0.0000
542     B         A          383           ILE            0.00           780      0      0     9.541     1.000     1.000     0.1223      0.0000      0.0000      0.0000
543     B         A          384           GLN            0.00           780      0      0     9.541     1.000     1.000     0.1189      0.0000      0.0000      0.0000
544     B         A          385           ALA            0.00           780      0      0     9.541     1.000     1.000     0.1204      0.0000      0.0000      0.0000
545     B         A          386           TRP            0.00           780      0      0     9.541     1.000     1.000     0.1219      0.0000      0.0000      0.0000
546     B         A          387           PRO            0.00           780      0      0     9.541     1.000     1.000     0.1215      0.0000      0.0000      0.0000
547     B         A          388           GLU            0.00           780      0      0     9.541     1.000     1.000     0.1214      0.0000      0.0000      0.0000
548     B         A          389           ASN            0.00           780      0      0     9.541     1.000     1.000     0.1220      0.0000      0.0000      0.0000
549     B         A          390           ARG            0.00           780      0      0     9.541     1.000     1.000     0.1219      0.0000      0.0000      0.0000
550     B         A          391           THR            0.00           780      0      0     9.541     1.000     1.000     0.1192      0.0000      0.0000      0.0000
551     B         A          392           ASP            0.00           780      0      0     9.541     1.000     1.000     0.1195      0.0000      0.0000      0.0000
552     B         A          393           LEU            0.00           780      0      0     9.541     1.000     1.000     0.1197      0.0000      0.0000      0.0000
553     B         A          394           HIS            0.00           780      0      0     9.541     1.000     1.000     0.1210      0.0000      0.0000      0.0000
554     B         A          395           ALA            0.00           780      0      0     9.541     1.000     1.000     0.1212      0.0000      0.0000      0.0000
555     B         A          396           PHE            0.00           780      0      0     9.541     1.000     1.000     0.1204      0.0000      0.0000      0.0000
556     B         A          397           GLU            0.00           780      0      0     9.541     1.000     1.000     0.1229      0.0000      0.0000      0.0000
557     B         A          398           ASN            0.00           780      0      0     9.541     1.000     1.000     0.1191      0.0000      0.0000      0.0000
558     B         A          399           LEU            0.00           780      0      0     9.541     1.000     1.000     0.1185      0.0000      0.0000      0.0000
559     B         A          400           GLU            0.00           780      0      0     9.541     1.000     1.000     0.1190      0.0000      0.0000      0.0000
560     B         A          401           ILE            0.00           780      0      0     9.541     1.000     1.000     0.1196      0.0000      0.0000      0.0000
561     B         A          402           ILE            0.00           780      0      0     9.541     1.000     1.000     0.1196      0.0000      0.0000      0.0000
562     B         A          403           ARG            0.00           780      0      0     9.541     1.000     1.000     0.1196      0.0000      0.0000      0.0000
563     B         A          404           GLY            0.00           780      0      0     9.541     1.000     1.000     0.1200      0.0000      0.0000      0.0000
564     B         A          405           ARG            0.00           780      0      0     9.541     1.000     1.000     0.1168      0.0000      0.0000      0.0000
565     B         A          406           THR            0.00           780      0      0     9.541     1.000     1.000     0.1179      0.0000      0.0000      0.0000
566     B         A          407           LYS            0.00           780      0      0     9.541     1.000     1.000     0.1196      0.0000      0.0000      0.0000
567     B         A          408           GLN            0.00           780      0      0     9.541     1.000     1.000     0.1167      0.0000      0.0000      0.0000
568     B         A          409           HIS            0.00           780      0      0     9.541     1.000     1.000     0.1171      0.0000      0.0000      0.0000
569     B         A          410           GLY            0.00           780      0      0     9.541     1.000     1.000     0.1207      0.0000      0.0000      0.0000
570     B         A          411           GLN            0.00           780      0      0     9.541     1.000     1.000     0.1188      0.0000      0.0000      0.0000
571     B         A          412           PHE            0.00           780      0      0     9.541     1.000     1.000     0.1199      0.0000      0.0000      0.0000
572     B         A          413           SER            0.00           780      0      0     9.541     1.000     1.000     0.1188      0.0000      0.0000      0.0000
573     B         A          414           LEU            0.00           780      0      0     9.541     1.000     1.000     0.1209      0.0000      0.0000      0.0000
574     B         A          415           ALA            0.00           780      0      0     9.541     1.000     1.000     0.1199      0.0000      0.0000      0.0000
575     B         A          416           VAL            0.00           780      0      0     9.541     1.000     1.000     0.1218      0.0000      0.0000      0.0000
576     B         A          417           VAL            0.00           780      0      0     9.541     1.000     1.000     0.1203      0.0000      0.0000      0.0000
577     B         A          418           SER            0.00           780      0      0     9.541     1.000     1.000     0.1177      0.0000      0.0000      0.0000
578     B         A          419           LEU            0.00           780      0      0     9.541     1.000     1.000     0.1195      0.0000      0.0000      0.0000
579     B         A          420           ASN            0.00           780      0      0     9.541     1.000     1.000     0.1208      0.0000      0.0000      0.0000
580     B         A          421           ILE            0.00           780      0      0     9.541     1.000     1.000     0.1211      0.0000      0.0000      0.0000
581     B         A          422           THR            0.00           780      0      0     9.541     1.000     1.000     0.1229      0.0000      0.0000      0.0000
582     B         A          423           SER            0.00           780      0      0     9.541     1.000     1.000     0.1200      0.0000      0.0000      0.0000
583     B         A          424           LEU            0.00           780      0      0     9.541     1.000     1.000     0.1188      0.0000      0.0000      0.0000
584     B         A          425           GLY            0.00           780      0      0     9.541     1.000     1.000     0.1193      0.0000      0.0000      0.0000
585     B         A          426           LEU            0.00           780      0      0     9.541     1.000     1.000     0.1196      0.0000      0.0000      0.0000
586     B         A          427           ARG            0.00           780      0      0     9.541     1.000     1.000     0.1199      0.0000      0.0000      0.0000
587     B         A          428           SER            0.00           780      0      0     9.541     1.000     1.000     0.1188      0.0000      0.0000      0.0000
588     B         A          429           LEU            0.00           780      0      0     9.541     1.000     1.000     0.1187      0.0000      0.0000      0.0000
589     B         A          430           LYS            0.00           780      0      0     9.541     1.000     1.000     0.1200      0.0000      0.0000      0.0000
590     B         A          431           GLU            0.00           780      0      0     9.541     1.000     1.000     0.1208      0.0000      0.0000      0.0000
591     B         A          432           ILE            0.00           780      0      0     9.541     1.000     1.000     0.1195      0.0000      0.0000      0.0000
592     B         A          433           SER            0.00           780      0      0     9.541     1.000     1.000     0.1206      0.0000      0.0000      0.0000
593     B         A          434           ASP            0.00           780      0      0     9.541     1.000     1.000     0.1198      0.0000      0.0000      0.0000
594     B         A          435           GLY            0.00           780      0      0     9.541     1.000     1.000     0.1199      0.0000      0.0000      0.0000
595     B         A          436           ASP            0.00           780      0      0     9.541     1.000     1.000     0.1200      0.0000      0.0000      0.0000
596     B         A          437           VAL            0.00           780      0      0     9.541     1.000     1.000     0.1218      0.0000      0.0000      0.0000
597     B         A          438           ILE            0.00           780      0      0     9.541     1.000     1.000     0.1206      0.0000      0.0000      0.0000
598     B         A          439           ILE            0.00           780      0      0     9.541     1.000     1.000     0.1220      0.0000      0.0000      0.0000
599     B         A          440           SER            0.00           780      0      0     9.541     1.000     1.000     0.1185      0.0000      0.0000      0.0000
600     B         A          441           GLY            0.00           780      0      0     9.541     1.000     1.000     0.1193      0.0000      0.0000      0.0000
601     B         A          442           ASN            0.00           780      0      0     9.541     1.000     1.000     0.1200      0.0000      0.0000      0.0000
602     B         A          443           LYS            0.00           780      0      0     9.541     1.000     1.000     0.1216      0.0000      0.0000      0.0000
603     B         A          444           ASN            0.00           780      0      0     9.541     1.000     1.000     0.1206      0.0000      0.0000      0.0000
604     B         A          445           LEU            0.00           780      0      0     9.541     1.000     1.000     0.1203      0.0000      0.0000      0.0000
605     B         A          446           CYS            0.00           780      0      0     9.541     1.000     1.000     0.1191      0.0000      0.0000      0.0000
606     B         A          447           TYR            0.00           780      0      0     9.541     1.000     1.000     0.1195      0.0000      0.0000      0.0000
607     B         A          448           ALA            0.00           780      0      0     9.541     1.000     1.000     0.1205      0.0000      0.0000      0.0000
608     B         A          449           ASN            0.00           780      0      0     9.541     1.000     1.000     0.1196      0.0000      0.0000      0.0000
609     B         A          450           THR            0.00           780      0      0     9.541     1.000     1.000     0.1211      0.0000      0.0000      0.0000
610     B         A          451           ILE            0.00           780      0      0     9.541     1.000     1.000     0.1198      0.0000      0.0000      0.0000
611     B         A          452           ASN            0.00           780      0      0     9.541     1.000     1.000     0.1177      0.0000      0.0000      0.0000
612     B         A          453           TRP            0.00           780      0      0     9.541     1.000     1.000     0.1189      0.0000      0.0000      0.0000
613     B         A          454           LYS            0.00           780      0      0     9.541     1.000     1.000     0.1199      0.0000      0.0000      0.0000
614     B         A          455           LYS            0.00           780      0      0     9.541     1.000     1.000     0.1195      0.0000      0.0000      0.0000
615     B         A          456           LEU            0.00           780      0      0     9.541     1.000     1.000     0.1187      0.0000      0.0000      0.0000
616     B         A          457           PHE            0.00           780      0      0     9.541     1.000     1.000     0.1183      0.0000      0.0000      0.0000
617     B         A          458           GLY            0.00           780      0      0     9.541     1.000     1.000     0.1149      0.0000      0.0000      0.0000
618     B         A          459           THR            0.00           780      0      0     9.541     1.000     1.000     0.1104      0.0000      0.0000      0.0000
619     B         A          460           SER            0.00           780      0      0     9.541     1.000     1.000     0.1105      0.0000      0.0000      0.0000
620     B         A          461           GLY            0.00           780      0      0     9.541     1.000     1.000     0.1171      0.0000      0.0000      0.0000
621     B         A          462           GLN            0.00           780      0      0     9.541     1.000     1.000     0.1194      0.0000      0.0000      0.0000
622     B         A          463           LYS            0.00           780      0      0     9.541     1.000     1.000     0.1216      0.0000      0.0000      0.0000
623     B         A          464           THR            0.00           780      0      0     9.541     1.000     1.000     0.1205      0.0000      0.0000      0.0000
624     B         A          465           LYS            0.00           780      0      0     9.541     1.000     1.000     0.1219      0.0000      0.0000      0.0000
625     B         A          466           ILE            0.00           780      0      0     9.541     1.000     1.000     0.1218      0.0000      0.0000      0.0000
626     B         A          467           ILE            0.00           780      0      0     9.541     1.000     1.000     0.1191      0.0000      0.0000      0.0000
627     B         A          468           SER            0.00           780      0      0     9.541     1.000     1.000     0.1192      0.0000      0.0000      0.0000
628     B         A          469           ASN            0.00           780      0      0     9.541     1.000     1.000     0.1189      0.0000      0.0000      0.0000
629     B         A          470           ARG            0.00           780      0      0     9.541     1.000     1.000     0.1211      0.0000      0.0000      0.0000
630     B         A          471           GLY            0.00           780      0      0     9.541     1.000     1.000     0.1200      0.0000      0.0000      0.0000
631     B         A          472           GLU            0.00           780      0      0     9.541     1.000     1.000     0.1181      0.0000      0.0000      0.0000
632     B         A          473           ASN            0.00           780      0      0     9.541     1.000     1.000     0.1172      0.0000      0.0000      0.0000
633     B         A          474           SER            0.00           780      0      0     9.541     1.000     1.000     0.1182      0.0000      0.0000      0.0000
634     B         A          475           CYS            0.00           780      0      0     9.541     1.000     1.000     0.1187      0.0000      0.0000      0.0000
635     B         A          476           LYS            0.00           780      0      0     9.541     1.000     1.000     0.1196      0.0000      0.0000      0.0000
636     B         A          477           ALA            0.00           780      0      0     9.541     1.000     1.000     0.1165      0.0000      0.0000      0.0000
637     B         A          478           THR            0.00           780      0      0     9.541     1.000     1.000     0.1158      0.0000      0.0000      0.0000
638     B         A          479           GLY            0.00           780      0      0     9.541     1.000     1.000     0.1147      0.0000      0.0000      0.0000
639     B         A          480           GLN            0.00           780      0      0     9.541     1.000     1.000     0.1165      0.0000      0.0000      0.0000
640     B         A          481           VAL            0.00           780      0      0     9.541     1.000     1.000     0.1162      0.0000      0.0000      0.0000
641     B         A          482           CYS            0.00           780      0      0     9.541     1.000     1.000     0.1176      0.0000      0.0000      0.0000
642     B         A          483           HIS            0.00           780      0      0     9.541     1.000     1.000     0.1170      0.0000      0.0000      0.0000
643     B         A          484           ALA            0.00           780      0      0     9.541     1.000     1.000     0.1162      0.0000      0.0000      0.0000
644     B         A          485           LEU            0.00           780      0      0     9.541     1.000     1.000     0.1176      0.0000      0.0000      0.0000
645     B         A          486           CYS            0.00           780      0      0     9.541     1.000     1.000     0.1167      0.0000      0.0000      0.0000
646     B         A          487           SER            0.00           780      0      0     9.541     1.000     1.000     0.1159      0.0000      0.0000      0.0000
647     B         A          488           PRO            0.00           780      0      0     9.541     1.000     1.000     0.1159      0.0000      0.0000      0.0000
648     B         A          489           GLU            0.00           780      0      0     9.541     1.000     1.000     0.1162      0.0000      0.0000      0.0000
649     B         A          490           GLY            0.00           780      0      0     9.541     1.000     1.000     0.1158      0.0000      0.0000      0.0000
650     B         A          491           CYS            0.00           780      0      0     9.541     1.000     1.000     0.1194      0.0000      0.0000      0.0000
651     B         A          492           TRP            0.00           780      0      0     9.541     1.000     1.000     0.1202      0.0000      0.0000      0.0000
652     B         A          493           GLY            0.00           780      0      0     9.541     1.000     1.000     0.1191      0.0000      0.0000      0.0000
653     B         A          494           PRO            0.00           780      0      0     9.541     1.000     1.000     0.1189      0.0000      0.0000      0.0000
654     B         A          495           GLU            0.00           780      0      0     9.541     1.000     1.000     0.1197      0.0000      0.0000      0.0000
655     B         A          496           PRO            0.00           780      0      0     9.541     1.000     1.000     0.1176      0.0000      0.0000      0.0000
656     B         A          497           ARG            0.00           780      0      0     9.541     1.000     1.000     0.1181      0.0000      0.0000      0.0000
657     B         A          498           ASP            0.00           780      0      0     9.541     1.000     1.000     0.1183      0.0000      0.0000      0.0000
658     B         A          499           CYS            0.00           780      0      0     9.541     1.000     1.000     0.1179      0.0000      0.0000      0.0000
659     B         A          500           VAL            0.00           780      0      0     9.541     1.000     1.000     0.1175      0.0000      0.0000      0.0000
660     B         A          501           SER            0.00           780      0      0     9.541     1.000     1.000     0.1169      0.0000      0.0000      0.0000
661     B         A          502           CYS            0.00           780      0      0     9.541     1.000     1.000     0.1164      0.0000      0.0000      0.0000
662     B         A          503           ARG            0.00           780      0      0     9.541     1.000     1.000     0.1143      0.0000      0.0000      0.0000
663     B         A          504           ASN            0.00           780      0      0     9.541     1.000     1.000     0.1124      0.0000      0.0000      0.0000
664     B         A          505           VAL            0.00           780      0      0     9.541     1.000     1.000     0.1156      0.0000      0.0000      0.0000
665     B         A          506           SER            0.00           780      0      0     9.541     1.000     1.000     0.1129      0.0000      0.0000      0.0000
666     B         A          507           ARG            0.00           780      0      0     9.541     1.000     1.000     0.1126      0.0000      0.0000      0.0000
667     B         A          508           GLY            0.00           780      0      0     9.541     1.000     1.000     0.1090      0.0000      0.0000      0.0000
668     B         A          509           ARG            0.00           780      0      0     9.541     1.000     1.000     0.1078      0.0000      0.0000      0.0000
669     B         A          510           GLU            0.00           780      0      0     9.541     1.000     1.000     0.1135      0.0000      0.0000      0.0000
670     B         A          511           CYS            0.00           780      0      0     9.541     1.000     1.000     0.1155      0.0000      0.0000      0.0000
671     B         A          512           VAL            0.00           780      0      0     9.541     1.000     1.000     0.1151      0.0000      0.0000      0.0000
672     B         A          513           ASP            0.00           780      0      0     9.541     1.000     1.000     0.1117      0.0000      0.0000      0.0000
673     B         A          514           LYS            0.00           780      0      0     9.541     1.000     1.000     0.1104      0.0000      0.0000      0.0000
674     B         A          515           CYS            0.00           780      0      0     9.541     1.000     1.000     0.1122      0.0000      0.0000      0.0000
675     B         A          516           ASN            0.00           780      0      0     9.541     1.000     1.000     0.1108      0.0000      0.0000      0.0000
676     B         A          517           LEU            0.00           780      0      0     9.541     1.000     1.000     0.1107      0.0000      0.0000      0.0000
677     B         A          518           LEU            0.00           780      0      0     9.541     1.000     1.000     0.1077      0.0000      0.0000      0.0000
678     B         A          519           GLU            0.00           780      0      0     9.541     1.000     1.000     0.1023      0.0000      0.0000      0.0000
679     B         A          520           GLY            0.00           780      0      0     9.541     1.000     1.000     0.1030      0.0000      0.0000      0.0000
680     B         A          521           GLU            0.00           780      0      0     9.541     1.000     1.000     0.0993      0.0000      0.0000      0.0000
681     B         A          522           PRO            0.00           780      0      0     9.541     1.000     1.000     0.1039      0.0000      0.0000      0.0000
682     B         A          523           ARG            0.00           780      0      0     9.541     1.000     1.000     0.1116      0.0000      0.0000      0.0000
683     B         A          524           GLU            0.00           780      0      0     9.541     1.000     1.000     0.1115      0.0000      0.0000      0.0000
684     B         A          525           PHE            0.00           780      0      0     9.541     1.000     1.000     0.1125      0.0000      0.0000      0.0000
685     B         A          526           VAL            0.00           780      0      0     9.541     1.000     1.000     0.1095      0.0000      0.0000      0.0000
686     B         A          527           GLU            0.00           780      0      0     9.541     1.000     1.000     0.1077      0.0000      0.0000      0.0000
687     B         A          528           ASN            0.00           780      0      0     9.541     1.000     1.000     0.1063      0.0000      0.0000      0.0000
688     B         A          529           SER            0.00           780      0      0     9.541     1.000     1.000     0.1077      0.0000      0.0000      0.0000
689     B         A          530           GLU            0.00           780      0      0     9.541     1.000     1.000     0.1091      0.0000      0.0000      0.0000
690     B         A          531           CYS            0.00           780      0      0     9.541     1.000     1.000     0.1123      0.0000      0.0000      0.0000
691     B         A          532           ILE            0.00           780      0      0     9.541     1.000     1.000     0.1103      0.0000      0.0000      0.0000
692     B         A          533           GLN            0.00           780      0      0     9.541     1.000     1.000     0.1103      0.0000      0.0000      0.0000
693     B         A          534           CYS            0.00           780      0      0     9.541     1.000     1.000     0.1101      0.0000      0.0000      0.0000
694     B         A          535           HIS            0.00           780      0      0     9.541     1.000     1.000     0.1093      0.0000      0.0000      0.0000
695     B         A          536           PRO            0.00           780      0      0     9.541     1.000     1.000     0.1087      0.0000      0.0000      0.0000
696     B         A          537           GLU            0.00           780      0      0     9.541     1.000     1.000     0.1097      0.0000      0.0000      0.0000
697     B         A          538           CYS            0.00           780      0      0     9.541     1.000     1.000     0.1089      0.0000      0.0000      0.0000
698     B         A          539           LEU            0.00           780      0      0     9.541     1.000     1.000     0.1081      0.0000      0.0000      0.0000
699     B         A          540           PRO            0.00           780      0      0     9.541     1.000     1.000     0.1068      0.0000      0.0000      0.0000
700     B         A          541           GLN            0.00           780      0      0     9.541     1.000     1.000     0.1064      0.0000      0.0000      0.0000
701     B         A          542           ALA            0.00           780      0      0     9.541     1.000     1.000     0.0990      0.0000      0.0000      0.0000
702     B         A          543           MET            0.00           780      0      0     9.541     1.000     1.000     0.0988      0.0000      0.0000      0.0000
703     B         A          544           ASN            0.00           780      0      0     9.541     1.000     1.000     0.1055      0.0000      0.0000      0.0000
704     B         A          545           ILE            0.00           780      0      0     9.541     1.000     1.000     0.1063      0.0000      0.0000      0.0000
705     B         A          546           THR            0.00           780      0      0     9.541     1.000     1.000     0.1082      0.0000      0.0000      0.0000
706     B         A          547           CYS            0.00           780      0      0     9.541     1.000     1.000     0.1078      0.0000      0.0000      0.0000
707     B         A          548           THR            0.00           780      0      0     9.541     1.000     1.000     0.1064      0.0000      0.0000      0.0000
708     B         A          549           GLY            0.00           780      0      0     9.541     1.000     1.000     0.1065      0.0000      0.0000      0.0000
709     B         A          550           ARG            0.00           780      0      0     9.541     1.000     1.000     0.1036      0.0000      0.0000      0.0000
710     B         A          551           GLY            0.00           780      0      0     9.541     1.000     1.000     0.1056      0.0000      0.0000      0.0000
711     B         A          552           PRO            0.00           780      0      0     9.541     1.000     1.000     0.1074      0.0000      0.0000      0.0000
712     B         A          553           ASP            0.00           780      0      0     9.541     1.000     1.000     0.1044      0.0000      0.0000      0.0000
713     B         A          554           ASN            0.00           780      0      0     9.541     1.000     1.000     0.1070      0.0000      0.0000      0.0000
714     B         A          555           CYS            0.00           780      0      0     9.541     1.000     1.000     0.1079      0.0000      0.0000      0.0000
715     B         A          556           ILE            0.00           780      0      0     9.541     1.000     1.000     0.1079      0.0000      0.0000      0.0000
716     B         A          557           GLN            0.00           780      0      0     9.541     1.000     1.000     0.1072      0.0000      0.0000      0.0000
717     B         A          558           CYS            0.00           780      0      0     9.541     1.000     1.000     0.1065      0.0000      0.0000      0.0000
718     B         A          559           ALA            0.00           780      0      0     9.541     1.000     1.000     0.1060      0.0000      0.0000      0.0000
719     B         A          560           HIS            0.00           780      0      0     9.541     1.000     1.000     0.1066      0.0000      0.0000      0.0000
720     B         A          561           TYR            0.00           780      0      0     9.541     1.000     1.000     0.1066      0.0000      0.0000      0.0000
721     B         A          562           ILE            0.00           780      0      0     9.541     1.000     1.000     0.1037      0.0000      0.0000      0.0000
722     B         A          563           ASP            0.00           780      0      0     9.541     1.000     1.000     0.1036      0.0000      0.0000      0.0000
723     B         A          564           GLY            0.00           780      0      0     9.541     1.000     1.000     0.1013      0.0000      0.0000      0.0000
724     B         A          565           PRO            0.00           780      0      0     9.541     1.000     1.000     0.1012      0.0000      0.0000      0.0000
725     B         A          566           HIS            0.00           780      0      0     9.541     1.000     1.000     0.1022      0.0000      0.0000      0.0000
726     B         A          567           CYS            0.00           780      0      0     9.541     1.000     1.000     0.1061      0.0000      0.0000      0.0000
727     B         A          568           VAL            0.00           780      0      0     9.541     1.000     1.000     0.1050      0.0000      0.0000      0.0000
728     B         A          569           LYS            0.00           780      0      0     9.541     1.000     1.000     0.1049      0.0000      0.0000      0.0000
729     B         A          570           THR            0.00           780      0      0     9.541     1.000     1.000     0.1041      0.0000      0.0000      0.0000
730     B         A          571           CYS            0.00           780      0      0     9.541     1.000     1.000     0.1034      0.0000      0.0000      0.0000
731     B         A          572           PRO            0.00           780      0      0     9.541     1.000     1.000     0.1005      0.0000      0.0000      0.0000
732     B         A          573           ALA            0.00           780      0      0     9.541     1.000     1.000     0.0969      0.0000      0.0000      0.0000
733     B         A          574           GLY            0.00           780      0      0     9.541     1.000     1.000     0.0956      0.0000      0.0000      0.0000
734     B         A          575           VAL            0.00           780      0      0     9.541     1.000     1.000     0.0957      0.0000      0.0000      0.0000
735     B         A          576           MET            0.00           780      0      0     9.541     1.000     1.000     0.0929      0.0000      0.0000      0.0000
736     B         A          577           GLY            0.00           780      0      0     9.541     1.000     1.000     0.0922      0.0000      0.0000      0.0000
737     B         A          578           GLU            0.00           780      0      0     9.541     1.000     1.000     0.0902      0.0000      0.0000      0.0000
738     B         A          579           ASN            0.00           780      0      0     9.541     1.000     1.000     0.0900      0.0000      0.0000      0.0000
739     B         A          580           ASN            0.00           780      0      0     9.541     1.000     1.000     0.0909      0.0000      0.0000      0.0000
740     B         A          581           THR            0.00           780      0      0     9.541     1.000     1.000     0.0922      0.0000      0.0000      0.0000
741     B         A          582           LEU            0.00           780      0      0     9.541     1.000     1.000     0.0954      0.0000      0.0000      0.0000
742     B         A          583           VAL            0.00           780      0      0     9.541     1.000     1.000     0.0977      0.0000      0.0000      0.0000
743     B         A          584           TRP            0.00           780      0      0     9.541     1.000     1.000     0.0994      0.0000      0.0000      0.0000
744     B         A          585           LYS            0.00           780      0      0     9.541     1.000     1.000     0.1023      0.0000      0.0000      0.0000
745     B         A          586           TYR            0.00           780      0      0     9.541     1.000     1.000     0.1030      0.0000      0.0000      0.0000
746     B         A          587           ALA            0.00           780      0      0     9.541     1.000     1.000     0.1009      0.0000      0.0000      0.0000
747     B         A          588           ASP            0.00           780      0      0     9.541     1.000     1.000     0.1006      0.0000      0.0000      0.0000
748     B         A          589           ALA            0.00           780      0      0     9.541     1.000     1.000     0.0968      0.0000      0.0000      0.0000
749     B         A          590           GLY            0.00           780      0      0     9.541     1.000     1.000     0.0985      0.0000      0.0000      0.0000
750     B         A          591           HIS            0.00           780      0      0     9.541     1.000     1.000     0.1015      0.0000      0.0000      0.0000
751     B         A          592           VAL            0.00           780      0      0     9.541     1.000     1.000     0.1037      0.0000      0.0000      0.0000
752     B         A          593           CYS            0.00           780      0      0     9.541     1.000     1.000     0.1034      0.0000      0.0000      0.0000
753     B         A          594           HIS            0.00           780      0      0     9.541     1.000     1.000     0.1030      0.0000      0.0000      0.0000
754     B         A          595           LEU            0.00           780      0      0     9.541     1.000     1.000     0.1001      0.0000      0.0000      0.0000
755     B         A          596           CYS            0.00           780      0      0     9.541     1.000     1.000     0.0984      0.0000      0.0000      0.0000
756     B         A          597           HIS            0.00           780      0      0     9.541     1.000     1.000     0.0975      0.0000      0.0000      0.0000
757     B         A          598           PRO            0.00           780      0      0     9.541     1.000     1.000     0.0951      0.0000      0.0000      0.0000
758     B         A          599           ASN            0.00           780      0      0     9.541     1.000     1.000     0.0935      0.0000      0.0000      0.0000
759     B         A          600           CYS            0.00           780      0      0     9.541     1.000     1.000     0.0924      0.0000      0.0000      0.0000
760     B         A          601           THR            0.00           780      0      0     9.541     1.000     1.000     0.0911      0.0000      0.0000      0.0000
761     B         A          602           TYR            0.00           780      0      0     9.541     1.000     1.000     0.0925      0.0000      0.0000      0.0000
762     B         A          603           GLY            0.00           780      0      0     9.541     1.000     1.000     0.0924      0.0000      0.0000      0.0000
763     B         A          604           CYS            0.00           780      0      0     9.541     1.000     1.000     0.0951      0.0000      0.0000      0.0000
764     B         A          605           THR            0.00           780      0      0     9.541     1.000     1.000     0.0955      0.0000      0.0000      0.0000
765     B         A          606           GLY            0.00           780      0      0     9.541     1.000     1.000     0.0949      0.0000      0.0000      0.0000
766     B         A          607           PRO            0.00           780      0      0     9.541     1.000     1.000     0.0929      0.0000      0.0000      0.0000
767     B         A          608           GLY            0.00           780      0      0     9.541     1.000     1.000     0.0929      0.0000      0.0000      0.0000
768     B         A          609           LEU            0.00           780      0      0     9.541     1.000     1.000     0.0933      0.0000      0.0000      0.0000
769     B         A          610           GLU            0.00           780      0      0     9.541     1.000     1.000     0.0914      0.0000      0.0000      0.0000
770     B         A          611           GLY            0.00           780      0      0     9.541     1.000     1.000     0.0919      0.0000      0.0000      0.0000
771     B         A          612           CYS            0.00           780      0      0     9.541     1.000     1.000     0.0910      0.0000      0.0000      0.0000
772     B         A          613           PRO            0.00           780      0      0     9.541     1.000     1.000     0.0894      0.0000      0.0000      0.0000
773     B         A          614           THR            0.00           780      0      0     9.541     1.000     1.000     0.0859      0.0000      0.0000      0.0000
774     B         A          615           ASN            0.00           780      0      0     9.541     1.000     1.000     0.0847      0.0000      0.0000      0.0000
775     B         A          616           GLY            0.00           780      0      0     9.541     1.000     1.000     0.0846      0.0000      0.0000      0.0000
776     B         A          617           PRO            0.00           780      0      0     9.541     1.000     1.000     0.0842      0.0000      0.0000      0.0000
777     B         A          618           LYS            0.00           780      0      0     9.541     1.000     1.000     0.0838      0.0000      0.0000      0.0000
778     B         A          619           ILE            0.00           780      0      0     9.541     1.000     1.000     0.0838      0.0000      0.0000      0.0000
779     B         A          620           PRO            0.00           780      0      0     9.541     1.000     1.000     0.0837      0.0000      0.0000      0.0000
780     B         A          621           SER            0.00           780      0      0     9.541     1.000     1.000     0.0835      0.0000      0.0000      0.0000
