i   AlignChn ScoredChain  AlignResNum  AlignResType  AlignRespLDDT      n0chn  n0dom  n0res    d0chn     d0dom     d0res   ipTM_pae  ipSAE_d0chn ipSAE_d0dom    ipSAE 
1       A         B            1           LEU            0.00           862    468      0     9.932     7.723     1.000     0.0936      0.0000      0.0000      0.0000
2       A         B            2           GLU            0.00           862    468      0     9.932     7.723     1.000     0.0974      0.0000      0.0000      0.0000
3       A         B            3           GLU            0.00           862    468      0     9.932     7.723     1.000     0.1039      0.0000      0.0000      0.0000
4       A         B            4           LYS            0.00           862    468      0     9.932     7.723     1.000     0.1130      0.0000      0.0000      0.0000
5       A         B            5           LYS            0.00           862    468      0     9.932     7.723     1.000     0.1168      0.0000      0.0000      0.0000
6       A         B            6           VAL            0.00           862    468      0     9.932     7.723     1.000     0.1233      0.0000      0.0000      0.0000
7       A         B            7           CYS            0.00           862    468      0     9.932     7.723     1.000     0.1226      0.0000      0.0000      0.0000
8       A         B            8           GLN            0.00           862    468      0     9.932     7.723     1.000     0.1205      0.0000      0.0000      0.0000
9       A         B            9           GLY            0.00           862    468      0     9.932     7.723     1.000     0.1222      0.0000      0.0000      0.0000
10      A         B           10           THR            0.00           862    468      0     9.932     7.723     1.000     0.1196      0.0000      0.0000      0.0000
11      A         B           11           SER            0.00           862    468      0     9.932     7.723     1.000     0.1197      0.0000      0.0000      0.0000
12      A         B           12           ASN            0.00           862    468      0     9.932     7.723     1.000     0.1169      0.0000      0.0000      0.0000
13      A         B           13           LYS            0.00           862    468      0     9.932     7.723     1.000     0.1169      0.0000      0.0000      0.0000
14      A         B           14           LEU            0.00           862    468      0     9.932     7.723     1.000     0.1177      0.0000      0.0000      0.0000
15      A         B           15           THR            0.00           862    468      0     9.932     7.723     1.000     0.1172      0.0000      0.0000      0.0000
16      A         B           16           GLN            0.00           862    468      0     9.932     7.723     1.000     0.1156      0.0000      0.0000      0.0000
17      A         B           17           LEU            0.00           862    468      0     9.932     7.723     1.000     0.1153      0.0000      0.0000      0.0000
18      A         B           18           GLY            0.00           862    468      0     9.932     7.723     1.000     0.1141      0.0000      0.0000      0.0000
19      A         B           19           THR            0.00           862    468      0     9.932     7.723     1.000     0.1137      0.0000      0.0000      0.0000
20      A         B           20           PHE            0.00           862    468      0     9.932     7.723     1.000     0.1166      0.0000      0.0000      0.0000
21      A         B           21           GLU            0.00           862    468      0     9.932     7.723     1.000     0.1177      0.0000      0.0000      0.0000
22      A         B           22           ASP            0.00           862    468      0     9.932     7.723     1.000     0.1164      0.0000      0.0000      0.0000
23      A         B           23           HIS            0.00           862    468      0     9.932     7.723     1.000     0.1214      0.0000      0.0000      0.0000
24      A         B           24           PHE            0.00           862    468      0     9.932     7.723     1.000     0.1195      0.0000      0.0000      0.0000
25      A         B           25           LEU            0.00           862    468      0     9.932     7.723     1.000     0.1171      0.0000      0.0000      0.0000
26      A         B           26           SER            0.00           862    468      0     9.932     7.723     1.000     0.1215      0.0000      0.0000      0.0000
27      A         B           27           LEU            0.00           862    468      0     9.932     7.723     1.000     0.1234      0.0000      0.0000      0.0000
28      A         B           28           GLN            0.00           862    468      0     9.932     7.723     1.000     0.1235      0.0000      0.0000      0.0000
29      A         B           29           ARG            0.00           862    468      0     9.932     7.723     1.000     0.1219      0.0000      0.0000      0.0000
30      A         B           30           MET            0.00           862    468      0     9.932     7.723     1.000     0.1233      0.0000      0.0000      0.0000
31      A         B           31           PHE            0.00           862    468      0     9.932     7.723     1.000     0.1226      0.0000      0.0000      0.0000
32      A         B           32           ASN            0.00           862    468      0     9.932     7.723     1.000     0.1225      0.0000      0.0000      0.0000
33      A         B           33           ASN            0.00           862    468      0     9.932     7.723     1.000     0.1215      0.0000      0.0000      0.0000
34      A         B           34           CYS            0.00           862    468      0     9.932     7.723     1.000     0.1254      0.0000      0.0000      0.0000
35      A         B           35           GLU            0.00           862    468      0     9.932     7.723     1.000     0.1256      0.0000      0.0000      0.0000
36      A         B           36           VAL            0.00           862    468      0     9.932     7.723     1.000     0.1251      0.0000      0.0000      0.0000
37      A         B           37           VAL            0.00           862    468      0     9.932     7.723     1.000     0.1237      0.0000      0.0000      0.0000
38      A         B           38           LEU            0.00           862    468      0     9.932     7.723     1.000     0.1224      0.0000      0.0000      0.0000
39      A         B           39           GLY            0.00           862    468      0     9.932     7.723     1.000     0.1237      0.0000      0.0000      0.0000
40      A         B           40           ASN            0.00           862    468      0     9.932     7.723     1.000     0.1223      0.0000      0.0000      0.0000
41      A         B           41           LEU            0.00           862    468      0     9.932     7.723     1.000     0.1229      0.0000      0.0000      0.0000
42      A         B           42           GLU            0.00           862    468      0     9.932     7.723     1.000     0.1221      0.0000      0.0000      0.0000
43      A         B           43           ILE            0.00           862    468      0     9.932     7.723     1.000     0.1207      0.0000      0.0000      0.0000
44      A         B           44           THR            0.00           862    468      0     9.932     7.723     1.000     0.1209      0.0000      0.0000      0.0000
45      A         B           45           TYR            0.00           862    468      0     9.932     7.723     1.000     0.1200      0.0000      0.0000      0.0000
46      A         B           46           VAL            0.00           862    468      0     9.932     7.723     1.000     0.1209      0.0000      0.0000      0.0000
47      A         B           47           GLN            0.00           862    468      0     9.932     7.723     1.000     0.1195      0.0000      0.0000      0.0000
48      A         B           48           ARG            0.00           862    468      0     9.932     7.723     1.000     0.1170      0.0000      0.0000      0.0000
49      A         B           49           ASN            0.00           862    468      0     9.932     7.723     1.000     0.1152      0.0000      0.0000      0.0000
50      A         B           50           TYR            0.00           862    468      0     9.932     7.723     1.000     0.1194      0.0000      0.0000      0.0000
51      A         B           51           ASP            0.00           862    468      0     9.932     7.723     1.000     0.1205      0.0000      0.0000      0.0000
52      A         B           52           LEU            0.00           862    468      0     9.932     7.723     1.000     0.1223      0.0000      0.0000      0.0000
53      A         B           53           SER            0.00           862    468      0     9.932     7.723     1.000     0.1255      0.0000      0.0000      0.0000
54      A         B           54           PHE            0.00           862    468      0     9.932     7.723     1.000     0.1239      0.0000      0.0000      0.0000
55      A         B           55           LEU            0.00           862    468      0     9.932     7.723     1.000     0.1242      0.0000      0.0000      0.0000
56      A         B           56           LYS            0.00           862    468      0     9.932     7.723     1.000     0.1261      0.0000      0.0000      0.0000
57      A         B           57           THR            0.00           862    468      0     9.932     7.723     1.000     0.1256      0.0000      0.0000      0.0000
58      A         B           58           ILE            0.00           862    468      0     9.932     7.723     1.000     0.1247      0.0000      0.0000      0.0000
59      A         B           59           GLN            0.00           862    468      0     9.932     7.723     1.000     0.1268      0.0000      0.0000      0.0000
60      A         B           60           GLU            0.00           862    468      0     9.932     7.723     1.000     0.1271      0.0000      0.0000      0.0000
61      A         B           61           VAL            0.00           862    468      0     9.932     7.723     1.000     0.1242      0.0000      0.0000      0.0000
62      A         B           62           ALA            0.00           862    468      0     9.932     7.723     1.000     0.1245      0.0000      0.0000      0.0000
63      A         B           63           GLY            0.00           862    468      0     9.932     7.723     1.000     0.1260      0.0000      0.0000      0.0000
64      A         B           64           TYR            0.00           862    468      0     9.932     7.723     1.000     0.1227      0.0000      0.0000      0.0000
65      A         B           65           VAL            0.00           862    468      0     9.932     7.723     1.000     0.1221      0.0000      0.0000      0.0000
66      A         B           66           LEU            0.00           862    468      0     9.932     7.723     1.000     0.1217      0.0000      0.0000      0.0000
67      A         B           67           ILE            0.00           862    468      0     9.932     7.723     1.000     0.1210      0.0000      0.0000      0.0000
68      A         B           68           ALA            0.00           862    468      0     9.932     7.723     1.000     0.1213      0.0000      0.0000      0.0000
69      A         B           69           LEU            0.00           862    468      0     9.932     7.723     1.000     0.1184      0.0000      0.0000      0.0000
70      A         B           70           ASN            0.00           862    468      0     9.932     7.723     1.000     0.1209      0.0000      0.0000      0.0000
71      A         B           71           THR            0.00           862    468      0     9.932     7.723     1.000     0.1211      0.0000      0.0000      0.0000
72      A         B           72           VAL            0.00           862    468      0     9.932     7.723     1.000     0.1224      0.0000      0.0000      0.0000
73      A         B           73           GLU            0.00           862    468      0     9.932     7.723     1.000     0.1229      0.0000      0.0000      0.0000
74      A         B           74           ARG            0.00           862    468      0     9.932     7.723     1.000     0.1234      0.0000      0.0000      0.0000
75      A         B           75           ILE            0.00           862    468      0     9.932     7.723     1.000     0.1243      0.0000      0.0000      0.0000
76      A         B           76           PRO            0.00           862    468      0     9.932     7.723     1.000     0.1263      0.0000      0.0000      0.0000
77      A         B           77           LEU            0.00           862    468      0     9.932     7.723     1.000     0.1247      0.0000      0.0000      0.0000
78      A         B           78           GLU            0.00           862    468      0     9.932     7.723     1.000     0.1259      0.0000      0.0000      0.0000
79      A         B           79           ASN            0.00           862    468      0     9.932     7.723     1.000     0.1254      0.0000      0.0000      0.0000
80      A         B           80           LEU            0.00           862    468      0     9.932     7.723     1.000     0.1250      0.0000      0.0000      0.0000
81      A         B           81           GLN            0.00           862    468      0     9.932     7.723     1.000     0.1266      0.0000      0.0000      0.0000
82      A         B           82           ILE            0.00           862    468      0     9.932     7.723     1.000     0.1260      0.0000      0.0000      0.0000
83      A         B           83           ILE            0.00           862    468      0     9.932     7.723     1.000     0.1234      0.0000      0.0000      0.0000
84      A         B           84           ARG            0.00           862    468      0     9.932     7.723     1.000     0.1242      0.0000      0.0000      0.0000
85      A         B           85           GLY            0.00           862    468      0     9.932     7.723     1.000     0.1224      0.0000      0.0000      0.0000
86      A         B           86           ASN            0.00           862    468      0     9.932     7.723     1.000     0.1229      0.0000      0.0000      0.0000
87      A         B           87           MET            0.00           862    468      0     9.932     7.723     1.000     0.1229      0.0000      0.0000      0.0000
88      A         B           88           TYR            0.00           862    468      0     9.932     7.723     1.000     0.1206      0.0000      0.0000      0.0000
89      A         B           89           TYR            0.00           862    468      0     9.932     7.723     1.000     0.1192      0.0000      0.0000      0.0000
90      A         B           90           GLU            0.00           862    468      0     9.932     7.723     1.000     0.1176      0.0000      0.0000      0.0000
91      A         B           91           ASN            0.00           862    468      0     9.932     7.723     1.000     0.1149      0.0000      0.0000      0.0000
92      A         B           92           SER            0.00           862    468      0     9.932     7.723     1.000     0.1174      0.0000      0.0000      0.0000
93      A         B           93           TYR            0.00           862    468      0     9.932     7.723     1.000     0.1212      0.0000      0.0000      0.0000
94      A         B           94           ALA            0.00           862    468      0     9.932     7.723     1.000     0.1237      0.0000      0.0000      0.0000
95      A         B           95           LEU            0.00           862    468      0     9.932     7.723     1.000     0.1223      0.0000      0.0000      0.0000
96      A         B           96           ALA            0.00           862    468      0     9.932     7.723     1.000     0.1218      0.0000      0.0000      0.0000
97      A         B           97           VAL            0.00           862    468      0     9.932     7.723     1.000     0.1214      0.0000      0.0000      0.0000
98      A         B           98           LEU            0.00           862    468      0     9.932     7.723     1.000     0.1221      0.0000      0.0000      0.0000
99      A         B           99           SER            0.00           862    468      0     9.932     7.723     1.000     0.1203      0.0000      0.0000      0.0000
100     A         B          100           ASN            0.00           862    468      0     9.932     7.723     1.000     0.1204      0.0000      0.0000      0.0000
101     A         B          101           TYR            0.00           862    468      0     9.932     7.723     1.000     0.1177      0.0000      0.0000      0.0000
102     A         B          102           ASP            0.00           862    468      0     9.932     7.723     1.000     0.1114      0.0000      0.0000      0.0000
103     A         B          103           ALA            0.00           862    468      0     9.932     7.723     1.000     0.1084      0.0000      0.0000      0.0000
104     A         B          104           ASN            0.00           862    468      0     9.932     7.723     1.000     0.1097      0.0000      0.0000      0.0000
105     A         B          105           LYS            0.00           862    468      0     9.932     7.723     1.000     0.1087      0.0000      0.0000      0.0000
106     A         B          106           THR            0.00           862    468      0     9.932     7.723     1.000     0.1105      0.0000      0.0000      0.0000
107     A         B          107           GLY            0.00           862    468      0     9.932     7.723     1.000     0.1151      0.0000      0.0000      0.0000
108     A         B          108           LEU            0.00           862    468      0     9.932     7.723     1.000     0.1204      0.0000      0.0000      0.0000
109     A         B          109           LYS            0.00           862    468      0     9.932     7.723     1.000     0.1242      0.0000      0.0000      0.0000
110     A         B          110           GLU            0.00           862    468      0     9.932     7.723     1.000     0.1250      0.0000      0.0000      0.0000
111     A         B          111           LEU            0.00           862    468      0     9.932     7.723     1.000     0.1237      0.0000      0.0000      0.0000
112     A         B          112           PRO            0.00           862    468      0     9.932     7.723     1.000     0.1256      0.0000      0.0000      0.0000
113     A         B          113           MET            0.00           862    468      0     9.932     7.723     1.000     0.1227      0.0000      0.0000      0.0000
114     A         B          114           ARG            0.00           862    468      0     9.932     7.723     1.000     0.1243      0.0000      0.0000      0.0000
115     A         B          115           ASN            0.00           862    468      0     9.932     7.723     1.000     0.1251      0.0000      0.0000      0.0000
116     A         B          116           LEU            0.00           862    468      0     9.932     7.723     1.000     0.1230      0.0000      0.0000      0.0000
117     A         B          117           GLN            0.00           862    468      0     9.932     7.723     1.000     0.1239      0.0000      0.0000      0.0000
118     A         B          118           GLU            0.00           862    468      0     9.932     7.723     1.000     0.1237      0.0000      0.0000      0.0000
119     A         B          119           ILE            0.00           862    468      0     9.932     7.723     1.000     0.1226      0.0000      0.0000      0.0000
120     A         B          120           LEU            0.00           862    468      0     9.932     7.723     1.000     0.1235      0.0000      0.0000      0.0000
121     A         B          121           HIS            0.00           862    468      0     9.932     7.723     1.000     0.1220      0.0000      0.0000      0.0000
122     A         B          122           GLY            0.00           862    468      0     9.932     7.723     1.000     0.1217      0.0000      0.0000      0.0000
123     A         B          123           ALA            0.00           862    468      0     9.932     7.723     1.000     0.1212      0.0000      0.0000      0.0000
124     A         B          124           VAL            0.00           862    468      0     9.932     7.723     1.000     0.1218      0.0000      0.0000      0.0000
125     A         B          125           ARG            0.00           862    468      0     9.932     7.723     1.000     0.1226      0.0000      0.0000      0.0000
126     A         B          126           PHE            0.00           862    468      0     9.932     7.723     1.000     0.1209      0.0000      0.0000      0.0000
127     A         B          127           SER            0.00           862    468      0     9.932     7.723     1.000     0.1213      0.0000      0.0000      0.0000
128     A         B          128           ASN            0.00           862    468      0     9.932     7.723     1.000     0.1193      0.0000      0.0000      0.0000
129     A         B          129           ASN            0.00           862    468      0     9.932     7.723     1.000     0.1203      0.0000      0.0000      0.0000
130     A         B          130           PRO            0.00           862    468      0     9.932     7.723     1.000     0.1197      0.0000      0.0000      0.0000
131     A         B          131           ALA            0.00           862    468      0     9.932     7.723     1.000     0.1201      0.0000      0.0000      0.0000
132     A         B          132           LEU            0.00           862    468      0     9.932     7.723     1.000     0.1207      0.0000      0.0000      0.0000
133     A         B          133           CYS            0.00           862    468      0     9.932     7.723     1.000     0.1188      0.0000      0.0000      0.0000
134     A         B          134           ASN            0.00           862    468      0     9.932     7.723     1.000     0.1207      0.0000      0.0000      0.0000
135     A         B          135           VAL            0.00           862    468      0     9.932     7.723     1.000     0.1209      0.0000      0.0000      0.0000
136     A         B          136           GLU            0.00           862    468      0     9.932     7.723     1.000     0.1202      0.0000      0.0000      0.0000
137     A         B          137           SER            0.00           862    468      0     9.932     7.723     1.000     0.1209      0.0000      0.0000      0.0000
138     A         B          138           ILE            0.00           862    468      0     9.932     7.723     1.000     0.1213      0.0000      0.0000      0.0000
139     A         B          139           GLN            0.00           862    468      0     9.932     7.723     1.000     0.1222      0.0000      0.0000      0.0000
140     A         B          140           TRP            0.00           862    468      0     9.932     7.723     1.000     0.1208      0.0000      0.0000      0.0000
141     A         B          141           ARG            0.00           862    468      0     9.932     7.723     1.000     0.1197      0.0000      0.0000      0.0000
142     A         B          142           ASP            0.00           862    468      0     9.932     7.723     1.000     0.1215      0.0000      0.0000      0.0000
143     A         B          143           ILE            0.00           862    468      0     9.932     7.723     1.000     0.1227      0.0000      0.0000      0.0000
144     A         B          144           VAL            0.00           862    468      0     9.932     7.723     1.000     0.1216      0.0000      0.0000      0.0000
145     A         B          145           SER            0.00           862    468      0     9.932     7.723     1.000     0.1184      0.0000      0.0000      0.0000
146     A         B          146           SER            0.00           862    468      0     9.932     7.723     1.000     0.1165      0.0000      0.0000      0.0000
147     A         B          147           ASP            0.00           862    468      0     9.932     7.723     1.000     0.1135      0.0000      0.0000      0.0000
148     A         B          148           PHE            0.00           862    468      0     9.932     7.723     1.000     0.1171      0.0000      0.0000      0.0000
149     A         B          149           LEU            0.00           862    468      0     9.932     7.723     1.000     0.1173      0.0000      0.0000      0.0000
150     A         B          150           SER            0.00           862    468      0     9.932     7.723     1.000     0.1133      0.0000      0.0000      0.0000
151     A         B          151           ASN            0.00           862    468      0     9.932     7.723     1.000     0.1147      0.0000      0.0000      0.0000
152     A         B          152           MET            0.00           862    468      0     9.932     7.723     1.000     0.1153      0.0000      0.0000      0.0000
153     A         B          153           SER            0.00           862    468      0     9.932     7.723     1.000     0.1160      0.0000      0.0000      0.0000
154     A         B          154           MET            0.00           862    468      0     9.932     7.723     1.000     0.1124      0.0000      0.0000      0.0000
155     A         B          155           ASP            0.00           862    468      0     9.932     7.723     1.000     0.1114      0.0000      0.0000      0.0000
156     A         B          156           PHE            0.00           862    468      0     9.932     7.723     1.000     0.1073      0.0000      0.0000      0.0000
157     A         B          157           GLN            0.00           862    468      0     9.932     7.723     1.000     0.0984      0.0000      0.0000      0.0000
158     A         B          158           ASN            0.00           862    468      0     9.932     7.723     1.000     0.0947      0.0000      0.0000      0.0000
159     A         B          159           HIS            0.00           862    468      0     9.932     7.723     1.000     0.0943      0.0000      0.0000      0.0000
160     A         B          160           LEU            0.00           862    468      0     9.932     7.723     1.000     0.0940      0.0000      0.0000      0.0000
161     A         B          161           GLY            0.00           862    468      0     9.932     7.723     1.000     0.0950      0.0000      0.0000      0.0000
162     A         B          162           SER            0.00           862    468      0     9.932     7.723     1.000     0.0976      0.0000      0.0000      0.0000
163     A         B          163           CYS            0.00           862    468      0     9.932     7.723     1.000     0.1107      0.0000      0.0000      0.0000
164     A         B          164           GLN            0.00           862    468      0     9.932     7.723     1.000     0.1134      0.0000      0.0000      0.0000
165     A         B          165           LYS            0.00           862    468      0     9.932     7.723     1.000     0.1139      0.0000      0.0000      0.0000
166     A         B          166           CYS            0.00           862    468      0     9.932     7.723     1.000     0.1169      0.0000      0.0000      0.0000
167     A         B          167           ASP            0.00           862    468      0     9.932     7.723     1.000     0.1188      0.0000      0.0000      0.0000
168     A         B          168           PRO            0.00           862    468      0     9.932     7.723     1.000     0.1168      0.0000      0.0000      0.0000
169     A         B          169           SER            0.00           862    468      0     9.932     7.723     1.000     0.1155      0.0000      0.0000      0.0000
170     A         B          170           CYS            0.00           862    468      0     9.932     7.723     1.000     0.1143      0.0000      0.0000      0.0000
171     A         B          171           PRO            0.00           862    468      0     9.932     7.723     1.000     0.1091      0.0000      0.0000      0.0000
172     A         B          172           ASN            0.00           862    468      0     9.932     7.723     1.000     0.1082      0.0000      0.0000      0.0000
173     A         B          173           GLY            0.00           862    468      0     9.932     7.723     1.000     0.1143      0.0000      0.0000      0.0000
174     A         B          174           SER            0.00           862    468      0     9.932     7.723     1.000     0.1187      0.0000      0.0000      0.0000
175     A         B          175           CYS            0.00           862    468      0     9.932     7.723     1.000     0.1217      0.0000      0.0000      0.0000
176     A         B          176           TRP            0.00           862    468      0     9.932     7.723     1.000     0.1200      0.0000      0.0000      0.0000
177     A         B          177           GLY            0.00           862    468      0     9.932     7.723     1.000     0.1194      0.0000      0.0000      0.0000
178     A         B          178           ALA            0.00           862    468      0     9.932     7.723     1.000     0.1154      0.0000      0.0000      0.0000
179     A         B          179           GLY            0.00           862    468      0     9.932     7.723     1.000     0.1153      0.0000      0.0000      0.0000
180     A         B          180           GLU            0.00           862    468      0     9.932     7.723     1.000     0.1170      0.0000      0.0000      0.0000
181     A         B          181           GLU            0.00           862    468      0     9.932     7.723     1.000     0.1175      0.0000      0.0000      0.0000
182     A         B          182           ASN            0.00           862    468      0     9.932     7.723     1.000     0.1189      0.0000      0.0000      0.0000
183     A         B          183           CYS            0.00           862    468      0     9.932     7.723     1.000     0.1208      0.0000      0.0000      0.0000
184     A         B          184           GLN            0.00           862    468      0     9.932     7.723     1.000     0.1209      0.0000      0.0000      0.0000
185     A         B          185           LYS            0.00           862    468      0     9.932     7.723     1.000     0.1199      0.0000      0.0000      0.0000
186     A         B          186           LEU            0.00           862    468      0     9.932     7.723     1.000     0.1216      0.0000      0.0000      0.0000
187     A         B          187           THR            0.00           862    468      0     9.932     7.723     1.000     0.1215      0.0000      0.0000      0.0000
188     A         B          188           LYS            0.00           862    468      0     9.932     7.723     1.000     0.1193      0.0000      0.0000      0.0000
189     A         B          189           ILE            0.00           862    468      0     9.932     7.723     1.000     0.1167      0.0000      0.0000      0.0000
190     A         B          190           ILE            0.00           862    468      0     9.932     7.723     1.000     0.1179      0.0000      0.0000      0.0000
191     A         B          191           CYS            0.00           862    468      0     9.932     7.723     1.000     0.1177      0.0000      0.0000      0.0000
192     A         B          192           ALA            0.00           862    468      0     9.932     7.723     1.000     0.1149      0.0000      0.0000      0.0000
193     A         B          193           GLN            0.00           862    468      0     9.932     7.723     1.000     0.1103      0.0000      0.0000      0.0000
194     A         B          194           GLN            0.00           862    468      0     9.932     7.723     1.000     0.1120      0.0000      0.0000      0.0000
195     A         B          195           CYS            0.00           862    468      0     9.932     7.723     1.000     0.1143      0.0000      0.0000      0.0000
196     A         B          196           SER            0.00           862    468      0     9.932     7.723     1.000     0.1098      0.0000      0.0000      0.0000
197     A         B          197           GLY            0.00           862    468      0     9.932     7.723     1.000     0.1112      0.0000      0.0000      0.0000
198     A         B          198           ARG            0.00           862    468      0     9.932     7.723     1.000     0.1182      0.0000      0.0000      0.0000
199     A         B          199           CYS            0.00           862    468      0     9.932     7.723     1.000     0.1203      0.0000      0.0000      0.0000
200     A         B          200           ARG            0.00           862    468      0     9.932     7.723     1.000     0.1170      0.0000      0.0000      0.0000
201     A         B          201           GLY            0.00           862    468      0     9.932     7.723     1.000     0.1166      0.0000      0.0000      0.0000
202     A         B          202           LYS            0.00           862    468      0     9.932     7.723     1.000     0.1147      0.0000      0.0000      0.0000
203     A         B          203           SER            0.00           862    468      0     9.932     7.723     1.000     0.1153      0.0000      0.0000      0.0000
204     A         B          204           PRO            0.00           862    468      0     9.932     7.723     1.000     0.1145      0.0000      0.0000      0.0000
205     A         B          205           SER            0.00           862    468      0     9.932     7.723     1.000     0.1146      0.0000      0.0000      0.0000
206     A         B          206           ASP            0.00           862    468      0     9.932     7.723     1.000     0.1167      0.0000      0.0000      0.0000
207     A         B          207           CYS            0.00           862    468      0     9.932     7.723     1.000     0.1196      0.0000      0.0000      0.0000
208     A         B          208           CYS            0.00           862    468      0     9.932     7.723     1.000     0.1204      0.0000      0.0000      0.0000
209     A         B          209           HIS            0.00           862    468      0     9.932     7.723     1.000     0.1205      0.0000      0.0000      0.0000
210     A         B          210           ASN            0.00           862    468      0     9.932     7.723     1.000     0.1166      0.0000      0.0000      0.0000
211     A         B          211           GLN            0.00           862    468      0     9.932     7.723     1.000     0.1192      0.0000      0.0000      0.0000
212     A         B          212           CYS            0.00           862    468      0     9.932     7.723     1.000     0.1213      0.0000      0.0000      0.0000
213     A         B          213           ALA            0.00           862    468      0     9.932     7.723     1.000     0.1159      0.0000      0.0000      0.0000
214     A         B          214           ALA            0.00           862    468      0     9.932     7.723     1.000     0.1156      0.0000      0.0000      0.0000
215     A         B          215           GLY            0.00           862    468      0     9.932     7.723     1.000     0.1200      0.0000      0.0000      0.0000
216     A         B          216           CYS            0.00           862    468      0     9.932     7.723     1.000     0.1217      0.0000      0.0000      0.0000
217     A         B          217           THR            0.00           862    468      0     9.932     7.723     1.000     0.1205      0.0000      0.0000      0.0000
218     A         B          218           GLY            0.00           862    468      0     9.932     7.723     1.000     0.1207      0.0000      0.0000      0.0000
219     A         B          219           PRO            0.00           862    468      0     9.932     7.723     1.000     0.1204      0.0000      0.0000      0.0000
220     A         B          220           ARG            0.00           862    468      0     9.932     7.723     1.000     0.1194      0.0000      0.0000      0.0000
221     A         B          221           GLU            0.00           862    468      0     9.932     7.723     1.000     0.1196      0.0000      0.0000      0.0000
222     A         B          222           SER            0.00           862    468      0     9.932     7.723     1.000     0.1196      0.0000      0.0000      0.0000
223     A         B          223           ASP            0.00           862    468      0     9.932     7.723     1.000     0.1220      0.0000      0.0000      0.0000
224     A         B          224           CYS            0.00           862    468      0     9.932     7.723     1.000     0.1243      0.0000      0.0000      0.0000
225     A         B          225           LEU            0.00           862    468      0     9.932     7.723     1.000     0.1248      0.0000      0.0000      0.0000
226     A         B          226           VAL            0.00           862    468      0     9.932     7.723     1.000     0.1221      0.0000      0.0000      0.0000
227     A         B          227           CYS            0.00           862    468      0     9.932     7.723     1.000     0.1247      0.0000      0.0000      0.0000
228     A         B          228           ARG            0.00           862    468      0     9.932     7.723     1.000     0.1224      0.0000      0.0000      0.0000
229     A         B          229           LYS            0.00           862    468      0     9.932     7.723     1.000     0.1236      0.0000      0.0000      0.0000
230     A         B          230           PHE            0.00           862    468      0     9.932     7.723     1.000     0.1246      0.0000      0.0000      0.0000
231     A         B          231           ARG            0.00           862    468      0     9.932     7.723     1.000     0.1229      0.0000      0.0000      0.0000
232     A         B          232           ASP            0.00           862    468      0     9.932     7.723     1.000     0.1209      0.0000      0.0000      0.0000
233     A         B          233           GLU            0.00           862    468      0     9.932     7.723     1.000     0.1150      0.0000      0.0000      0.0000
234     A         B          234           ALA            0.00           862    468      0     9.932     7.723     1.000     0.1143      0.0000      0.0000      0.0000
235     A         B          235           THR            0.00           862    468      0     9.932     7.723     1.000     0.1192      0.0000      0.0000      0.0000
236     A         B          236           CYS            0.00           862    468      0     9.932     7.723     1.000     0.1225      0.0000      0.0000      0.0000
237     A         B          237           LYS            0.00           862    468      0     9.932     7.723     1.000     0.1182      0.0000      0.0000      0.0000
238     A         B          238           ASP            0.00           862    468      0     9.932     7.723     1.000     0.1171      0.0000      0.0000      0.0000
239     A         B          239           THR            0.00           862    468      0     9.932     7.723     1.000     0.1192      0.0000      0.0000      0.0000
240     A         B          240           CYS            0.00           862    468      0     9.932     7.723     1.000     0.1230      0.0000      0.0000      0.0000
241     A         B          241           PRO            0.00           862    468      0     9.932     7.723     1.000     0.1208      0.0000      0.0000      0.0000
242     A         B          242           PRO            0.00           862    468      0     9.932     7.723     1.000     0.1187      0.0000      0.0000      0.0000
243     A         B          243           LEU            0.00           862    468      0     9.932     7.723     1.000     0.1207      0.0000      0.0000      0.0000
244     A         B          244           MET            0.00           862    468      0     9.932     7.723     1.000     0.1156      0.0000      0.0000      0.0000
245     A         B          245           LEU            0.00           862    468      0     9.932     7.723     1.000     0.1130      0.0000      0.0000      0.0000
246     A         B          246           TYR            0.00           862    468      0     9.932     7.723     1.000     0.1075      0.0000      0.0000      0.0000
247     A         B          247           ASN            0.00           862    468      0     9.932     7.723     1.000     0.1063      0.0000      0.0000      0.0000
248     A         B          248           PRO            0.00           862    468      0     9.932     7.723     1.000     0.1048      0.0000      0.0000      0.0000
249     A         B          249           THR            0.00           862    468      0     9.932     7.723     1.000     0.1038      0.0000      0.0000      0.0000
250     A         B          250           THR            0.00           862    468      0     9.932     7.723     1.000     0.1031      0.0000      0.0000      0.0000
251     A         B          251           TYR            0.00           862    468      0     9.932     7.723     1.000     0.1035      0.0000      0.0000      0.0000
252     A         B          252           GLN            0.00           862    468      0     9.932     7.723     1.000     0.1039      0.0000      0.0000      0.0000
253     A         B          253           MET            0.00           862    468      0     9.932     7.723     1.000     0.1090      0.0000      0.0000      0.0000
254     A         B          254           ASP            0.00           862    468      0     9.932     7.723     1.000     0.1096      0.0000      0.0000      0.0000
255     A         B          255           VAL            0.00           862    468      0     9.932     7.723     1.000     0.1135      0.0000      0.0000      0.0000
256     A         B          256           ASN            0.00           862    468      0     9.932     7.723     1.000     0.1167      0.0000      0.0000      0.0000
257     A         B          257           PRO            0.00           862    468      0     9.932     7.723     1.000     0.1154      0.0000      0.0000      0.0000
258     A         B          258           GLU            0.00           862    468      0     9.932     7.723     1.000     0.1168      0.0000      0.0000      0.0000
259     A         B          259           GLY            0.00           862    468      0     9.932     7.723     1.000     0.1208      0.0000      0.0000      0.0000
260     A         B          260           LYS            0.00           862    468      0     9.932     7.723     1.000     0.1244      0.0000      0.0000      0.0000
261     A         B          261           TYR            0.00           862    468      0     9.932     7.723     1.000     0.1271      0.0000      0.0000      0.0000
262     A         B          262           SER            0.00           862    468      0     9.932     7.723     1.000     0.1283      0.0000      0.0000      0.0000
263     A         B          263           PHE            0.00           862    468      0     9.932     7.723     1.000     0.1251      0.0000      0.0000      0.0000
264     A         B          264           GLY            0.00           862    468      0     9.932     7.723     1.000     0.1248      0.0000      0.0000      0.0000
265     A         B          265           ALA            0.00           862    468      0     9.932     7.723     1.000     0.1228      0.0000      0.0000      0.0000
266     A         B          266           THR            0.00           862    468      0     9.932     7.723     1.000     0.1238      0.0000      0.0000      0.0000
267     A         B          267           CYS            0.00           862    468      0     9.932     7.723     1.000     0.1262      0.0000      0.0000      0.0000
268     A         B          268           VAL            0.00           862    468      0     9.932     7.723     1.000     0.1249      0.0000      0.0000      0.0000
269     A         B          269           LYS            0.00           862    468      0     9.932     7.723     1.000     0.1244      0.0000      0.0000      0.0000
270     A         B          270           LYS            0.00           862    468      0     9.932     7.723     1.000     0.1240      0.0000      0.0000      0.0000
271     A         B          271           CYS            0.00           862    468      0     9.932     7.723     1.000     0.1282      0.0000      0.0000      0.0000
272     A         B          272           PRO            0.00           862    468      0     9.932     7.723     1.000     0.1243      0.0000      0.0000      0.0000
273     A         B          273           ARG            0.00           862    468      0     9.932     7.723     1.000     0.1222      0.0000      0.0000      0.0000
274     A         B          274           ASN            0.00           862    468      0     9.932     7.723     1.000     0.1260      0.0000      0.0000      0.0000
275     A         B          275           TYR            0.00           862    468      0     9.932     7.723     1.000     0.1287      0.0000      0.0000      0.0000
276     A         B          276           VAL            0.00           862    468      0     9.932     7.723     1.000     0.1306      0.0000      0.0000      0.0000
277     A         B          277           VAL            0.00           862    468      0     9.932     7.723     1.000     0.1314      0.0000      0.0000      0.0000
278     A         B          278           THR            0.00           862    468      0     9.932     7.723     1.000     0.1260      0.0000      0.0000      0.0000
279     A         B          279           ASP            0.00           862    468      0     9.932     7.723     1.000     0.1165      0.0000      0.0000      0.0000
280     A         B          280           HIS            0.00           862    468      0     9.932     7.723     1.000     0.1171      0.0000      0.0000      0.0000
281     A         B          281           GLY            0.00           862    468      0     9.932     7.723     1.000     0.1230      0.0000      0.0000      0.0000
282     A         B          282           SER            0.00           862    468      0     9.932     7.723     1.000     0.1267      0.0000      0.0000      0.0000
283     A         B          283           CYS            0.00           862    468      0     9.932     7.723     1.000     0.1303      0.0000      0.0000      0.0000
284     A         B          284           VAL            0.00           862    468      0     9.932     7.723     1.000     0.1301      0.0000      0.0000      0.0000
285     A         B          285           ARG            0.00           862    468      0     9.932     7.723     1.000     0.1232      0.0000      0.0000      0.0000
286     A         B          286           ALA            0.00           862    468      0     9.932     7.723     1.000     0.1250      0.0000      0.0000      0.0000
287     A         B          287           CYS            0.00           862    468      0     9.932     7.723     1.000     0.1251      0.0000      0.0000      0.0000
288     A         B          288           GLY            0.00           862    468      0     9.932     7.723     1.000     0.1206      0.0000      0.0000      0.0000
289     A         B          289           ALA            0.00           862    468      0     9.932     7.723     1.000     0.1144      0.0000      0.0000      0.0000
290     A         B          290           ASP            0.00           862    468      0     9.932     7.723     1.000     0.1120      0.0000      0.0000      0.0000
291     A         B          291           SER            0.00           862    468      0     9.932     7.723     1.000     0.1203      0.0000      0.0000      0.0000
292     A         B          292           TYR            0.00           862    468      0     9.932     7.723     1.000     0.1216      0.0000      0.0000      0.0000
293     A         B          293           GLU            0.00           862    468      0     9.932     7.723     1.000     0.1272      0.0000      0.0000      0.0000
294     A         B          294           MET            0.00           862    468      0     9.932     7.723     1.000     0.1196      0.0000      0.0000      0.0000
295     A         B          295           GLU            0.00           862    468      0     9.932     7.723     1.000     0.1180      0.0000      0.0000      0.0000
296     A         B          296           GLU            0.00           862    468      0     9.932     7.723     1.000     0.1167      0.0000      0.0000      0.0000
297     A         B          297           ASP            0.00           862    468      0     9.932     7.723     1.000     0.1119      0.0000      0.0000      0.0000
298     A         B          298           GLY            0.00           862    468      0     9.932     7.723     1.000     0.1135      0.0000      0.0000      0.0000
299     A         B          299           VAL            0.00           862    468      0     9.932     7.723     1.000     0.1206      0.0000      0.0000      0.0000
300     A         B          300           ARG            0.00           862    468      0     9.932     7.723     1.000     0.1224      0.0000      0.0000      0.0000
301     A         B          301           LYS            0.00           862    468      0     9.932     7.723     1.000     0.1236      0.0000      0.0000      0.0000
302     A         B          302           CYS            0.00           862    468      0     9.932     7.723     1.000     0.1279      0.0000      0.0000      0.0000
303     A         B          303           LYS            0.00           862    468      0     9.932     7.723     1.000     0.1200      0.0000      0.0000      0.0000
304     A         B          304           LYS            0.00           862    468      0     9.932     7.723     1.000     0.1156      0.0000      0.0000      0.0000
305     A         B          305           CYS            0.00           862    468      0     9.932     7.723     1.000     0.1129      0.0000      0.0000      0.0000
306     A         B          306           GLU            0.00           862    468      0     9.932     7.723     1.000     0.1079      0.0000      0.0000      0.0000
307     A         B          307           GLY            0.00           862    468      0     9.932     7.723     1.000     0.1067      0.0000      0.0000      0.0000
308     A         B          308           PRO            0.00           862    468      0     9.932     7.723     1.000     0.1107      0.0000      0.0000      0.0000
309     A         B          309           CYS            0.00           862    468      0     9.932     7.723     1.000     0.1176      0.0000      0.0000      0.0000
310     A         B          310           ARG            0.00           862    468      0     9.932     7.723     1.000     0.1509      0.0000      0.0000      0.0000
311     A         B          311           LYS            0.00           862    468     12     9.932     7.723     1.000     0.3567      0.5229      0.3986      0.0110
312     A         B          312           VAL            0.00           862    468    210     9.932     7.723     5.391     0.5744      0.5977      0.4749      0.3079
313     A         B          313           CYS            0.00           862    468    230     9.932     7.723     5.629     0.6840      0.6999      0.5876      0.4342
314     A         B          314           ASN            0.00           862    468    229     9.932     7.723     5.617     0.6518      0.6676      0.5510      0.3970
315     A         B          315           GLY            0.00           862    468    218     9.932     7.723     5.488     0.6103      0.6325      0.5133      0.3518
316     A         B          316           ILE            0.00           862    468    208     9.932     7.723     5.366     0.5868      0.6152      0.4938      0.3230
317     A         B          317           GLY            0.00           862    468     68     9.932     7.723     2.858     0.4488      0.5659      0.4424      0.0999
318     A         B          318           ILE            0.00           862    468     81     9.932     7.723     3.211     0.4596      0.5734      0.4505      0.1269
319     A         B          319           GLY            0.00           862    468     31     9.932     7.723     1.325     0.4148      0.5483      0.4240      0.0214
320     A         B          320           GLU            0.00           862    468     65     9.932     7.723     2.768     0.4453      0.5709      0.4475      0.0960
321     A         B          321           PHE            0.00           862    468    150     9.932     7.723     4.561     0.5177      0.5694      0.4461      0.2219
322     A         B          322           LYS            0.00           862    468     59     9.932     7.723     2.578     0.4316      0.5725      0.4490      0.0848
323     A         B          323           ASP            0.00           862    468     91     9.932     7.723     3.452     0.4735      0.5951      0.4729      0.1556
324     A         B          324           SER            0.00           862    468    209     9.932     7.723     5.378     0.6030      0.6318      0.5128      0.3429
325     A         B          325           LEU            0.00           862    468    220     9.932     7.723     5.511     0.6269      0.6491      0.5316      0.3712
326     A         B          326           SER            0.00           862    468    229     9.932     7.723     5.617     0.6990      0.7172      0.6091      0.4575
327     A         B          327           ILE            0.00           862    468    230     9.932     7.723     5.629     0.7125      0.7295      0.6230      0.4722
328     A         B          328           ASN            0.00           862    468    227     9.932     7.723     5.594     0.6529      0.6712      0.5556      0.4001
329     A         B          329           ALA            0.00           862    468    231     9.932     7.723     5.640     0.7018      0.7169      0.6083      0.4577
330     A         B          330           THR            0.00           862    468    208     9.932     7.723     5.366     0.6100      0.6403      0.5222      0.3506
331     A         B          331           ASN            0.00           862    468    226     9.932     7.723     5.582     0.6278      0.6450      0.5266      0.3713
332     A         B          332           ILE            0.00           862    468    230     9.932     7.723     5.629     0.6720      0.6872      0.5736      0.4208
333     A         B          333           LYS            0.00           862    468    227     9.932     7.723     5.594     0.6574      0.6738      0.5590      0.4042
334     A         B          334           HIS            0.00           862    468    230     9.932     7.723     5.629     0.6653      0.6799      0.5649      0.4117
335     A         B          335           PHE            0.00           862    468    231     9.932     7.723     5.640     0.7047      0.7198      0.6108      0.4592
336     A         B          336           LYS            0.00           862    468    229     9.932     7.723     5.617     0.6451      0.6598      0.5429      0.3899
337     A         B          337           ASN            0.00           862    468    193     9.932     7.723     5.175     0.5750      0.6105      0.4890      0.3038
338     A         B          338           CYS            0.00           862    468    230     9.932     7.723     5.629     0.6707      0.6857      0.5717      0.4188
339     A         B          339           THR            0.00           862    468    228     9.932     7.723     5.605     0.6620      0.6792      0.5640      0.4087
340     A         B          340           SER            0.00           862    468    230     9.932     7.723     5.629     0.6848      0.7008      0.5887      0.4354
341     A         B          341           ILE            0.00           862    468    231     9.932     7.723     5.640     0.7315      0.7479      0.6445      0.4952
342     A         B          342           SER            0.00           862    468    230     9.932     7.723     5.629     0.6710      0.6870      0.5734      0.4207
343     A         B          343           GLY            0.00           862    468    230     9.932     7.723     5.629     0.7016      0.7176      0.6087      0.4566
344     A         B          344           ASP            0.00           862    468    231     9.932     7.723     5.640     0.7335      0.7497      0.6474      0.4995
345     A         B          345           LEU            0.00           862    468    232     9.932     7.723     5.651     0.7685      0.7840      0.6898      0.5483
346     A         B          346           HIS            0.00           862    468    231     9.932     7.723     5.640     0.7271      0.7433      0.6401      0.4923
347     A         B          347           ILE            0.00           862    468    232     9.932     7.723     5.651     0.7870      0.8031      0.7145      0.5780
348     A         B          348           LEU            0.00           862    468    231     9.932     7.723     5.640     0.7685      0.7858      0.6924      0.5510
349     A         B          349           PRO            0.00           862    468    231     9.932     7.723     5.640     0.7350      0.7514      0.6498      0.5031
350     A         B          350           VAL            0.00           862    468    231     9.932     7.723     5.640     0.7374      0.7542      0.6535      0.5074
351     A         B          351           ALA            0.00           862    468    231     9.932     7.723     5.640     0.7326      0.7490      0.6473      0.5008
352     A         B          352           PHE            0.00           862    468    231     9.932     7.723     5.640     0.7227      0.7386      0.6339      0.4849
353     A         B          353           ARG            0.00           862    468    199     9.932     7.723     5.253     0.5946      0.6316      0.5125      0.3324
354     A         B          354           GLY            0.00           862    468    159     9.932     7.723     4.699     0.5421      0.6005      0.4793      0.2592
355     A         B          355           ASP            0.00           862    468     70     9.932     7.723     2.916     0.4468      0.5762      0.4534      0.1087
356     A         B          356           SER            0.00           862    468     56     9.932     7.723     2.476     0.4165      0.5775      0.4548      0.0814
357     A         B          357           PHE            0.00           862    468     54     9.932     7.723     2.405     0.4072      0.5749      0.4517      0.0757
358     A         B          358           THR            0.00           862    468     51     9.932     7.723     2.294     0.4184      0.5886      0.4658      0.0733
359     A         B          359           HIS            0.00           862    468     47     9.932     7.723     2.137     0.4035      0.5708      0.4472      0.0594
360     A         B          360           THR            0.00           862    468    136     9.932     7.723     4.333     0.5176      0.5916      0.4698      0.2224
361     A         B          361           PRO            0.00           862    468    206     9.932     7.723     5.341     0.5949      0.6239      0.5038      0.3309
362     A         B          362           PRO            0.00           862    468    229     9.932     7.723     5.617     0.6475      0.6624      0.5458      0.3927
363     A         B          363           LEU            0.00           862    468    231     9.932     7.723     5.640     0.6846      0.6988      0.5869      0.4354
364     A         B          364           ASP            0.00           862    468    230     9.932     7.723     5.629     0.6669      0.6812      0.5670      0.4145
365     A         B          365           PRO            0.00           862    468    227     9.932     7.723     5.594     0.6458      0.6618      0.5452      0.3902
366     A         B          366           GLN            0.00           862    468    221     9.932     7.723     5.523     0.6488      0.6696      0.5546      0.3944
367     A         B          367           GLU            0.00           862    468    229     9.932     7.723     5.617     0.6582      0.6733      0.5578      0.4043
368     A         B          368           LEU            0.00           862    468    231     9.932     7.723     5.640     0.7217      0.7370      0.6318      0.4821
369     A         B          369           ASP            0.00           862    468    231     9.932     7.723     5.640     0.7333      0.7488      0.6461      0.4979
370     A         B          370           ILE            0.00           862    468    231     9.932     7.723     5.640     0.7348      0.7502      0.6477      0.4994
371     A         B          371           LEU            0.00           862    468    231     9.932     7.723     5.640     0.7391      0.7549      0.6532      0.5049
372     A         B          372           LYS            0.00           862    468    231     9.932     7.723     5.640     0.7404      0.7562      0.6554      0.5086
373     A         B          373           THR            0.00           862    468    230     9.932     7.723     5.629     0.6893      0.7045      0.5933      0.4408
374     A         B          374           VAL            0.00           862    468    231     9.932     7.723     5.640     0.7351      0.7507      0.6480      0.4993
375     A         B          375           LYS            0.00           862    468    230     9.932     7.723     5.629     0.7065      0.7229      0.6153      0.4642
376     A         B          376           GLU            0.00           862    468    230     9.932     7.723     5.629     0.7021      0.7190      0.6102      0.4581
377     A         B          377           ILE            0.00           862    468    231     9.932     7.723     5.640     0.7594      0.7763      0.6796      0.5345
378     A         B          378           THR            0.00           862    468    230     9.932     7.723     5.629     0.6903      0.7072      0.5965      0.4440
379     A         B          379           GLY            0.00           862    468    231     9.932     7.723     5.640     0.7444      0.7606      0.6604      0.5134
380     A         B          380           PHE            0.00           862    468    232     9.932     7.723     5.651     0.7838      0.7999      0.7101      0.5722
381     A         B          381           LEU            0.00           862    468    232     9.932     7.723     5.651     0.8094      0.8260      0.7443      0.6142
382     A         B          382           LEU            0.00           862    468    232     9.932     7.723     5.651     0.8122      0.8291      0.7486      0.6197
383     A         B          383           ILE            0.00           862    468    232     9.932     7.723     5.651     0.8158      0.8326      0.7531      0.6251
384     A         B          384           GLN            0.00           862    468    232     9.932     7.723     5.651     0.7814      0.7975      0.7076      0.5706
385     A         B          385           ALA            0.00           862    468    231     9.932     7.723     5.640     0.7732      0.7903      0.6979      0.5570
386     A         B          386           TRP            0.00           862    468    233     9.932     7.723     5.663     0.7871      0.8010      0.7116      0.5750
387     A         B          387           PRO            0.00           862    468    231     9.932     7.723     5.640     0.7087      0.7232      0.6159      0.4662
388     A         B          388           GLU            0.00           862    468    186     9.932     7.723     5.083     0.5720      0.6173      0.4975      0.3056
389     A         B          389           ASN            0.00           862    468    135     9.932     7.723     4.316     0.5200      0.6161      0.4962      0.2415
390     A         B          390           ARG            0.00           862    468    214     9.932     7.723     5.439     0.6159      0.6404      0.5219      0.3557
391     A         B          391           THR            0.00           862    468    213     9.932     7.723     5.427     0.6165      0.6417      0.5242      0.3583
392     A         B          392           ASP            0.00           862    468    230     9.932     7.723     5.629     0.6794      0.6947      0.5829      0.4312
393     A         B          393           LEU            0.00           862    468    232     9.932     7.723     5.651     0.7822      0.7977      0.7072      0.5687
394     A         B          394           HIS            0.00           862    468    232     9.932     7.723     5.651     0.7082      0.7217      0.6143      0.4657
395     A         B          395           ALA            0.00           862    468    232     9.932     7.723     5.651     0.7144      0.7277      0.6209      0.4721
396     A         B          396           PHE            0.00           862    468    232     9.932     7.723     5.651     0.7559      0.7706      0.6724      0.5274
397     A         B          397           GLU            0.00           862    468    231     9.932     7.723     5.640     0.7000      0.7149      0.6066      0.4570
398     A         B          398           ASN            0.00           862    468    231     9.932     7.723     5.640     0.7316      0.7471      0.6444      0.4967
399     A         B          399           LEU            0.00           862    468    232     9.932     7.723     5.651     0.7618      0.7769      0.6807      0.5374
400     A         B          400           GLU            0.00           862    468    231     9.932     7.723     5.640     0.7394      0.7558      0.6546      0.5072
401     A         B          401           ILE            0.00           862    468    230     9.932     7.723     5.629     0.6998      0.7163      0.6069      0.4545
402     A         B          402           ILE            0.00           862    468    231     9.932     7.723     5.640     0.7767      0.7942      0.7023      0.5610
403     A         B          403           ARG            0.00           862    468    230     9.932     7.723     5.629     0.7182      0.7351      0.6294      0.4784
404     A         B          404           GLY            0.00           862    468    228     9.932     7.723     5.605     0.6747      0.6930      0.5800      0.4250
405     A         B          405           ARG            0.00           862    468    226     9.932     7.723     5.582     0.6712      0.6905      0.5772      0.4202
406     A         B          406           THR            0.00           862    468    230     9.932     7.723     5.629     0.7280      0.7456      0.6426      0.4937
407     A         B          407           LYS            0.00           862    468    230     9.932     7.723     5.629     0.7383      0.7570      0.6574      0.5116
408     A         B          408           GLN            0.00           862    468    228     9.932     7.723     5.605     0.6934      0.7134      0.6048      0.4523
409     A         B          409           HIS            0.00           862    468    215     9.932     7.723     5.452     0.6032      0.6291      0.5094      0.3451
410     A         B          410           GLY            0.00           862    468    213     9.932     7.723     5.427     0.6055      0.6338      0.5146      0.3481
411     A         B          411           GLN            0.00           862    468    222     9.932     7.723     5.535     0.6515      0.6747      0.5598      0.3999
412     A         B          412           PHE            0.00           862    468    231     9.932     7.723     5.640     0.7498      0.7678      0.6702      0.5261
413     A         B          413           SER            0.00           862    468    223     9.932     7.723     5.547     0.6776      0.7011      0.5910      0.4337
414     A         B          414           LEU            0.00           862    468    232     9.932     7.723     5.651     0.8099      0.8265      0.7451      0.6156
415     A         B          415           ALA            0.00           862    468    232     9.932     7.723     5.651     0.8152      0.8320      0.7521      0.6238
416     A         B          416           VAL            0.00           862    468    233     9.932     7.723     5.663     0.8350      0.8507      0.7779      0.6585
417     A         B          417           VAL            0.00           862    468    232     9.932     7.723     5.651     0.8052      0.8218      0.7392      0.6090
418     A         B          418           SER            0.00           862    468    232     9.932     7.723     5.651     0.7798      0.7953      0.7051      0.5680
419     A         B          419           LEU            0.00           862    468    233     9.932     7.723     5.663     0.8205      0.8355      0.7574      0.6323
420     A         B          420           ASN            0.00           862    468    232     9.932     7.723     5.651     0.7863      0.8018      0.7138      0.5790
421     A         B          421           ILE            0.00           862    468    233     9.932     7.723     5.663     0.8227      0.8373      0.7594      0.6341
422     A         B          422           THR            0.00           862    468    233     9.932     7.723     5.663     0.7873      0.8011      0.7120      0.5760
423     A         B          423           SER            0.00           862    468    232     9.932     7.723     5.651     0.7688      0.7837      0.6901      0.5498
424     A         B          424           LEU            0.00           862    468    232     9.932     7.723     5.651     0.8065      0.8228      0.7399      0.6084
425     A         B          425           GLY            0.00           862    468    232     9.932     7.723     5.651     0.7722      0.7874      0.6946      0.5550
426     A         B          426           LEU            0.00           862    468    232     9.932     7.723     5.651     0.7663      0.7812      0.6865      0.5448
427     A         B          427           ARG            0.00           862    468    207     9.932     7.723     5.354     0.6147      0.6477      0.5297      0.3557
428     A         B          428           SER            0.00           862    468    231     9.932     7.723     5.640     0.7091      0.7237      0.6166      0.4670
429     A         B          429           LEU            0.00           862    468    231     9.932     7.723     5.640     0.7475      0.7635      0.6643      0.5182
430     A         B          430           LYS            0.00           862    468    230     9.932     7.723     5.629     0.6529      0.6672      0.5518      0.4002
431     A         B          431           GLU            0.00           862    468    230     9.932     7.723     5.629     0.7220      0.7391      0.6346      0.4846
432     A         B          432           ILE            0.00           862    468    232     9.932     7.723     5.651     0.7766      0.7927      0.7007      0.5604
433     A         B          433           SER            0.00           862    468    231     9.932     7.723     5.640     0.7114      0.7265      0.6190      0.4684
434     A         B          434           ASP            0.00           862    468    230     9.932     7.723     5.629     0.7260      0.7434      0.6396      0.4898
435     A         B          435           GLY            0.00           862    468    232     9.932     7.723     5.651     0.7377      0.7522      0.6507      0.5047
436     A         B          436           ASP            0.00           862    468    232     9.932     7.723     5.651     0.7797      0.7954      0.7044      0.5657
437     A         B          437           VAL            0.00           862    468    233     9.932     7.723     5.663     0.8168      0.8317      0.7523      0.6258
438     A         B          438           ILE            0.00           862    468    233     9.932     7.723     5.663     0.8127      0.8278      0.7469      0.6188
439     A         B          439           ILE            0.00           862    468    233     9.932     7.723     5.663     0.8320      0.8475      0.7733      0.6523
440     A         B          440           SER            0.00           862    468    233     9.932     7.723     5.663     0.8278      0.8430      0.7676      0.6457
441     A         B          441           GLY            0.00           862    468    233     9.932     7.723     5.663     0.8222      0.8371      0.7602      0.6375
442     A         B          442           ASN            0.00           862    468    233     9.932     7.723     5.663     0.8354      0.8509      0.7782      0.6594
443     A         B          443           LYS            0.00           862    468    232     9.932     7.723     5.651     0.7895      0.8054      0.7183      0.5844
444     A         B          444           ASN            0.00           862    468    233     9.932     7.723     5.663     0.8424      0.8581      0.7883      0.6729
445     A         B          445           LEU            0.00           862    468    233     9.932     7.723     5.663     0.8387      0.8538      0.7817      0.6629
446     A         B          446           CYS            0.00           862    468    232     9.932     7.723     5.651     0.7920      0.8075      0.7203      0.5854
447     A         B          447           TYR            0.00           862    468    232     9.932     7.723     5.651     0.7831      0.7983      0.7085      0.5712
448     A         B          448           ALA            0.00           862    468    232     9.932     7.723     5.651     0.7845      0.8002      0.7110      0.5745
449     A         B          449           ASN            0.00           862    468    232     9.932     7.723     5.651     0.7647      0.7800      0.6857      0.5456
450     A         B          450           THR            0.00           862    468    232     9.932     7.723     5.651     0.7919      0.8076      0.7206      0.5859
451     A         B          451           ILE            0.00           862    468    232     9.932     7.723     5.651     0.7430      0.7573      0.6567      0.5111
452     A         B          452           ASN            0.00           862    468    232     9.932     7.723     5.651     0.7336      0.7479      0.6455      0.4991
453     A         B          453           TRP            0.00           862    468    232     9.932     7.723     5.651     0.7657      0.7808      0.6858      0.5437
454     A         B          454           LYS            0.00           862    468    232     9.932     7.723     5.651     0.7424      0.7563      0.6560      0.5113
455     A         B          455           LYS            0.00           862    468    231     9.932     7.723     5.640     0.7316      0.7470      0.6455      0.4998
456     A         B          456           LEU            0.00           862    468    231     9.932     7.723     5.640     0.7444      0.7606      0.6607      0.5144
457     A         B          457           PHE            0.00           862    468    230     9.932     7.723     5.629     0.7099      0.7263      0.6191      0.4678
458     A         B          458           GLY            0.00           862    468    110     9.932     7.723     3.858     0.5055      0.5999      0.4777      0.1892
459     A         B          459           THR            0.00           862    468     47     9.932     7.723     2.137     0.4101      0.5566      0.4324      0.0557
460     A         B          460           SER            0.00           862    468     61     9.932     7.723     2.643     0.4241      0.5836      0.4603      0.0925
461     A         B          461           GLY            0.00           862    468    167     9.932     7.723     4.818     0.5620      0.6239      0.5046      0.2898
462     A         B          462           GLN            0.00           862    468    230     9.932     7.723     5.629     0.7035      0.7204      0.6135      0.4640
463     A         B          463           LYS            0.00           862    468    232     9.932     7.723     5.651     0.7333      0.7474      0.6460      0.5015
464     A         B          464           THR            0.00           862    468    232     9.932     7.723     5.651     0.7822      0.7978      0.7090      0.5741
465     A         B          465           LYS            0.00           862    468    232     9.932     7.723     5.651     0.7970      0.8127      0.7272      0.5943
466     A         B          466           ILE            0.00           862    468    233     9.932     7.723     5.663     0.8387      0.8542      0.7828      0.6658
467     A         B          467           ILE            0.00           862    468    233     9.932     7.723     5.663     0.8258      0.8410      0.7651      0.6431
468     A         B          468           SER            0.00           862    468    233     9.932     7.723     5.663     0.8393      0.8546      0.7844      0.6698
469     A         B          469           ASN            0.00           862    468    233     9.932     7.723     5.663     0.8415      0.8574      0.7874      0.6719
470     A         B          470           ARG            0.00           862    468    233     9.932     7.723     5.663     0.8283      0.8438      0.7693      0.6490
471     A         B          471           GLY            0.00           862    468    232     9.932     7.723     5.651     0.7749      0.7901      0.6994      0.5631
472     A         B          472           GLU            0.00           862    468    232     9.932     7.723     5.651     0.7695      0.7850      0.6929      0.5556
473     A         B          473           ASN            0.00           862    468    232     9.932     7.723     5.651     0.7665      0.7821      0.6902      0.5541
474     A         B          474           SER            0.00           862    468    232     9.932     7.723     5.651     0.7750      0.7908      0.7008      0.5658
475     A         B          475           CYS            0.00           862    468    232     9.932     7.723     5.651     0.7867      0.8020      0.7134      0.5773
476     A         B          476           LYS            0.00           862    468    232     9.932     7.723     5.651     0.7567      0.7718      0.6760      0.5352
477     A         B          477           ALA            0.00           862    468    230     9.932     7.723     5.629     0.7030      0.7189      0.6127      0.4650
478     A         B          478           THR            0.00           862    468    229     9.932     7.723     5.617     0.6749      0.6903      0.5791      0.4286
479     A         B          479           GLY            0.00           862    468    222     9.932     7.723     5.535     0.6271      0.6454      0.5284      0.3715
480     A         B          480           GLN            0.00           862    468    230     9.932     7.723     5.629     0.6920      0.7074      0.5984      0.4486
481     A         B          481           VAL            0.00           862    468    230     9.932     7.723     5.629     0.6698      0.6839      0.5706      0.4190
482     A         B          482           CYS            0.00           862    468    232     9.932     7.723     5.651     0.7404      0.7545      0.6537      0.5083
483     A         B          483           HIS            0.00           862    468    232     9.932     7.723     5.651     0.7301      0.7440      0.6405      0.4932
484     A         B          484           ALA            0.00           862    468    230     9.932     7.723     5.629     0.6672      0.6812      0.5674      0.4157
485     A         B          485           LEU            0.00           862    468    230     9.932     7.723     5.629     0.6804      0.6948      0.5826      0.4305
486     A         B          486           CYS            0.00           862    468    230     9.932     7.723     5.629     0.6847      0.6996      0.5881      0.4361
487     A         B          487           SER            0.00           862    468    219     9.932     7.723     5.500     0.6206      0.6434      0.5256      0.3649
488     A         B          488           PRO            0.00           862    468    222     9.932     7.723     5.535     0.6332      0.6540      0.5372      0.3788
489     A         B          489           GLU            0.00           862    468    222     9.932     7.723     5.535     0.6436      0.6647      0.5487      0.3893
490     A         B          490           GLY            0.00           862    468    215     9.932     7.723     5.452     0.6016      0.6237      0.5037      0.3399
491     A         B          491           CYS            0.00           862    468    231     9.932     7.723     5.640     0.7315      0.7469      0.6441      0.4961
492     A         B          492           TRP            0.00           862    468    232     9.932     7.723     5.651     0.7634      0.7782      0.6821      0.5386
493     A         B          493           GLY            0.00           862    468    231     9.932     7.723     5.640     0.7300      0.7456      0.6427      0.4949
494     A         B          494           PRO            0.00           862    468    231     9.932     7.723     5.640     0.7203      0.7352      0.6299      0.4806
495     A         B          495           GLU            0.00           862    468    232     9.932     7.723     5.651     0.7239      0.7371      0.6325      0.4851
496     A         B          496           PRO            0.00           862    468    232     9.932     7.723     5.651     0.6772      0.6891      0.5762      0.4260
497     A         B          497           ARG            0.00           862    468    230     9.932     7.723     5.629     0.6795      0.6944      0.5821      0.4298
498     A         B          498           ASP            0.00           862    468    231     9.932     7.723     5.640     0.7328      0.7484      0.6457      0.4976
499     A         B          499           CYS            0.00           862    468    232     9.932     7.723     5.651     0.7188      0.7325      0.6266      0.4779
500     A         B          500           VAL            0.00           862    468    232     9.932     7.723     5.651     0.7084      0.7219      0.6140      0.4647
501     A         B          501           SER            0.00           862    468    227     9.932     7.723     5.594     0.6617      0.6798      0.5655      0.4104
502     A         B          502           CYS            0.00           862    468    230     9.932     7.723     5.629     0.6464      0.6599      0.5431      0.3910
503     A         B          503           ARG            0.00           862    468    199     9.932     7.723     5.253     0.5734      0.6036      0.4817      0.3036
504     A         B          504           ASN            0.00           862    468    134     9.932     7.723     4.299     0.5202      0.5898      0.4676      0.2177
505     A         B          505           VAL            0.00           862    468    148     9.932     7.723     4.530     0.5221      0.5752      0.4517      0.2230
506     A         B          506           SER            0.00           862    468     85     9.932     7.723     3.310     0.4651      0.5570      0.4328      0.1240
507     A         B          507           ARG            0.00           862    468    117     9.932     7.723     3.994     0.4998      0.5721      0.4485      0.1806
508     A         B          508           GLY            0.00           862    468     42     9.932     7.723     1.920     0.4034      0.5360      0.4116      0.0417
509     A         B          509           ARG            0.00           862    468     33     9.932     7.723     1.450     0.3860      0.5451      0.4206      0.0251
510     A         B          510           GLU            0.00           862    468     87     9.932     7.723     3.359     0.4567      0.5531      0.4288      0.1252
511     A         B          511           CYS            0.00           862    468    224     9.932     7.723     5.559     0.6080      0.6235      0.5031      0.3475
512     A         B          512           VAL            0.00           862    468    208     9.932     7.723     5.366     0.5771      0.6003      0.4780      0.3089
513     A         B          513           ASP            0.00           862    468     75     9.932     7.723     3.054     0.4490      0.5508      0.4266      0.1051
514     A         B          514           LYS            0.00           862    468     36     9.932     7.723     1.621     0.4014      0.5532      0.4290      0.0324
515     A         B          515           CYS            0.00           862    468     95     9.932     7.723     3.543     0.4781      0.5617      0.4378      0.1423
516     A         B          516           ASN            0.00           862    468    101     9.932     7.723     3.673     0.4841      0.5685      0.4446      0.1549
517     A         B          517           LEU            0.00           862    468     42     9.932     7.723     1.920     0.4185      0.5377      0.4133      0.0419
518     A         B          518           LEU            0.00           862    468      1     9.932     7.723     1.000     0.3170      0.5006      0.3774      0.0101
519     A         B          519           GLU            0.00           862    468      0     9.932     7.723     1.000     0.2114      0.0000      0.0000      0.0000
520     A         B          520           GLY            0.00           862    468      0     9.932     7.723     1.000     0.2396      0.0000      0.0000      0.0000
521     A         B          521           GLU            0.00           862    468      0     9.932     7.723     1.000     0.1789      0.0000      0.0000      0.0000
522     A         B          522           PRO            0.00           862    468      0     9.932     7.723     1.000     0.2358      0.0000      0.0000      0.0000
523     A         B          523           ARG            0.00           862    468     23     9.932     7.723     1.000     0.4004      0.5288      0.4045      0.0113
524     A         B          524           GLU            0.00           862    468     70     9.932     7.723     2.916     0.4492      0.5499      0.4255      0.0962
525     A         B          525           PHE            0.00           862    468    116     9.932     7.723     3.975     0.4953      0.5644      0.4404      0.1739
526     A         B          526           VAL            0.00           862    468     65     9.932     7.723     2.768     0.4417      0.5386      0.4143      0.0837
527     A         B          527           GLU            0.00           862    468      0     9.932     7.723     1.000     0.3163      0.0000      0.0000      0.0000
528     A         B          528           ASN            0.00           862    468     18     9.932     7.723     1.000     0.3580      0.5310      0.4066      0.0114
529     A         B          529           SER            0.00           862    468     20     9.932     7.723     1.000     0.3769      0.5229      0.3988      0.0110
530     A         B          530           GLU            0.00           862    468     60     9.932     7.723     2.611     0.4378      0.5511      0.4267      0.0790
531     A         B          531           CYS            0.00           862    468    134     9.932     7.723     4.299     0.5158      0.5783      0.4549      0.2076
532     A         B          532           ILE            0.00           862    468    111     9.932     7.723     3.878     0.4930      0.5693      0.4455      0.1702
533     A         B          533           GLN            0.00           862    468     72     9.932     7.723     2.972     0.4513      0.5570      0.4327      0.1023
534     A         B          534           CYS            0.00           862    468     74     9.932     7.723     3.027     0.4525      0.5517      0.4274      0.1037
535     A         B          535           HIS            0.00           862    468     57     9.932     7.723     2.510     0.4294      0.5405      0.4162      0.0705
536     A         B          536           PRO            0.00           862    468     14     9.932     7.723     1.000     0.3759      0.5203      0.3961      0.0109
537     A         B          537           GLU            0.00           862    468     14     9.932     7.723     1.000     0.3752      0.5180      0.3940      0.0108
538     A         B          538           CYS            0.00           862    468     19     9.932     7.723     1.000     0.3844      0.5180      0.3940      0.0108
539     A         B          539           LEU            0.00           862    468      9     9.932     7.723     1.000     0.3692      0.5148      0.3909      0.0107
540     A         B          540           PRO            0.00           862    468      2     9.932     7.723     1.000     0.3517      0.4984      0.3753      0.0100
541     A         B          541           GLN            0.00           862    468      0     9.932     7.723     1.000     0.3200      0.0000      0.0000      0.0000
542     A         B          542           ALA            0.00           862    468      0     9.932     7.723     1.000     0.1738      0.0000      0.0000      0.0000
543     A         B          543           MET            0.00           862    468      0     9.932     7.723     1.000     0.1769      0.0000      0.0000      0.0000
544     A         B          544           ASN            0.00           862    468      0     9.932     7.723     1.000     0.2784      0.0000      0.0000      0.0000
545     A         B          545           ILE            0.00           862    468      0     9.932     7.723     1.000     0.3334      0.0000      0.0000      0.0000
546     A         B          546           THR            0.00           862    468     29     9.932     7.723     1.189     0.3993      0.5273      0.4031      0.0158
547     A         B          547           CYS            0.00           862    468     21     9.932     7.723     1.000     0.3871      0.5309      0.4065      0.0114
548     A         B          548           THR            0.00           862    468      0     9.932     7.723     1.000     0.3280      0.0000      0.0000      0.0000
549     A         B          549           GLY            0.00           862    468      0     9.932     7.723     1.000     0.3203      0.0000      0.0000      0.0000
550     A         B          550           ARG            0.00           862    468      0     9.932     7.723     1.000     0.2876      0.0000      0.0000      0.0000
551     A         B          551           GLY            0.00           862    468      1     9.932     7.723     1.000     0.3433      0.5000      0.3768      0.0100
552     A         B          552           PRO            0.00           862    468      4     9.932     7.723     1.000     0.3531      0.5002      0.3770      0.0100
553     A         B          553           ASP            0.00           862    468      0     9.932     7.723     1.000     0.2821      0.0000      0.0000      0.0000
554     A         B          554           ASN            0.00           862    468      6     9.932     7.723     1.000     0.3587      0.5098      0.3861      0.0104
555     A         B          555           CYS            0.00           862    468     25     9.932     7.723     1.000     0.3928      0.5279      0.4036      0.0112
556     A         B          556           ILE            0.00           862    468     30     9.932     7.723     1.258     0.4005      0.5298      0.4055      0.0178
557     A         B          557           GLN            0.00           862    468      6     9.932     7.723     1.000     0.3569      0.5147      0.3907      0.0106
558     A         B          558           CYS            0.00           862    468      6     9.932     7.723     1.000     0.3516      0.5121      0.3883      0.0105
559     A         B          559           ALA            0.00           862    468      0     9.932     7.723     1.000     0.3120      0.0000      0.0000      0.0000
560     A         B          560           HIS            0.00           862    468      5     9.932     7.723     1.000     0.3463      0.5086      0.3849      0.0104
561     A         B          561           TYR            0.00           862    468      0     9.932     7.723     1.000     0.3330      0.0000      0.0000      0.0000
562     A         B          562           ILE            0.00           862    468      0     9.932     7.723     1.000     0.2836      0.0000      0.0000      0.0000
563     A         B          563           ASP            0.00           862    468      0     9.932     7.723     1.000     0.2656      0.0000      0.0000      0.0000
564     A         B          564           GLY            0.00           862    468      0     9.932     7.723     1.000     0.2379      0.0000      0.0000      0.0000
565     A         B          565           PRO            0.00           862    468      0     9.932     7.723     1.000     0.2322      0.0000      0.0000      0.0000
566     A         B          566           HIS            0.00           862    468      0     9.932     7.723     1.000     0.2665      0.0000      0.0000      0.0000
567     A         B          567           CYS            0.00           862    468      0     9.932     7.723     1.000     0.3288      0.0000      0.0000      0.0000
568     A         B          568           VAL            0.00           862    468      0     9.932     7.723     1.000     0.3104      0.0000      0.0000      0.0000
569     A         B          569           LYS            0.00           862    468      0     9.932     7.723     1.000     0.2735      0.0000      0.0000      0.0000
570     A         B          570           THR            0.00           862    468      0     9.932     7.723     1.000     0.2758      0.0000      0.0000      0.0000
571     A         B          571           CYS            0.00           862    468      0     9.932     7.723     1.000     0.2724      0.0000      0.0000      0.0000
572     A         B          572           PRO            0.00           862    468      0     9.932     7.723     1.000     0.2138      0.0000      0.0000      0.0000
573     A         B          573           ALA            0.00           862    468      0     9.932     7.723     1.000     0.1674      0.0000      0.0000      0.0000
574     A         B          574           GLY            0.00           862    468      0     9.932     7.723     1.000     0.1659      0.0000      0.0000      0.0000
575     A         B          575           VAL            0.00           862    468      0     9.932     7.723     1.000     0.1789      0.0000      0.0000      0.0000
576     A         B          576           MET            0.00           862    468      0     9.932     7.723     1.000     0.1677      0.0000      0.0000      0.0000
577     A         B          577           GLY            0.00           862    468      0     9.932     7.723     1.000     0.1501      0.0000      0.0000      0.0000
578     A         B          578           GLU            0.00           862    468      0     9.932     7.723     1.000     0.1311      0.0000      0.0000      0.0000
579     A         B          579           ASN            0.00           862    468      0     9.932     7.723     1.000     0.1276      0.0000      0.0000      0.0000
580     A         B          580           ASN            0.00           862    468      0     9.932     7.723     1.000     0.1338      0.0000      0.0000      0.0000
581     A         B          581           THR            0.00           862    468      0     9.932     7.723     1.000     0.1372      0.0000      0.0000      0.0000
582     A         B          582           LEU            0.00           862    468      0     9.932     7.723     1.000     0.1746      0.0000      0.0000      0.0000
583     A         B          583           VAL            0.00           862    468      0     9.932     7.723     1.000     0.2037      0.0000      0.0000      0.0000
584     A         B          584           TRP            0.00           862    468      0     9.932     7.723     1.000     0.2304      0.0000      0.0000      0.0000
585     A         B          585           LYS            0.00           862    468      0     9.932     7.723     1.000     0.2499      0.0000      0.0000      0.0000
586     A         B          586           TYR            0.00           862    468      0     9.932     7.723     1.000     0.2580      0.0000      0.0000      0.0000
587     A         B          587           ALA            0.00           862    468      0     9.932     7.723     1.000     0.2234      0.0000      0.0000      0.0000
588     A         B          588           ASP            0.00           862    468      0     9.932     7.723     1.000     0.2053      0.0000      0.0000      0.0000
589     A         B          589           ALA            0.00           862    468      0     9.932     7.723     1.000     0.1708      0.0000      0.0000      0.0000
590     A         B          590           GLY            0.00           862    468      0     9.932     7.723     1.000     0.1787      0.0000      0.0000      0.0000
591     A         B          591           HIS            0.00           862    468      0     9.932     7.723     1.000     0.2324      0.0000      0.0000      0.0000
592     A         B          592           VAL            0.00           862    468      0     9.932     7.723     1.000     0.2760      0.0000      0.0000      0.0000
593     A         B          593           CYS            0.00           862    468      0     9.932     7.723     1.000     0.2820      0.0000      0.0000      0.0000
594     A         B          594           HIS            0.00           862    468      0     9.932     7.723     1.000     0.2729      0.0000      0.0000      0.0000
595     A         B          595           LEU            0.00           862    468      0     9.932     7.723     1.000     0.2328      0.0000      0.0000      0.0000
596     A         B          596           CYS            0.00           862    468      0     9.932     7.723     1.000     0.2151      0.0000      0.0000      0.0000
597     A         B          597           HIS            0.00           862    468      0     9.932     7.723     1.000     0.1879      0.0000      0.0000      0.0000
598     A         B          598           PRO            0.00           862    468      0     9.932     7.723     1.000     0.1560      0.0000      0.0000      0.0000
599     A         B          599           ASN            0.00           862    468      0     9.932     7.723     1.000     0.1464      0.0000      0.0000      0.0000
600     A         B          600           CYS            0.00           862    468      0     9.932     7.723     1.000     0.1443      0.0000      0.0000      0.0000
601     A         B          601           THR            0.00           862    468      0     9.932     7.723     1.000     0.1266      0.0000      0.0000      0.0000
602     A         B          602           TYR            0.00           862    468      0     9.932     7.723     1.000     0.1322      0.0000      0.0000      0.0000
603     A         B          603           GLY            0.00           862    468      0     9.932     7.723     1.000     0.1369      0.0000      0.0000      0.0000
604     A         B          604           CYS            0.00           862    468      0     9.932     7.723     1.000     0.1620      0.0000      0.0000      0.0000
605     A         B          605           THR            0.00           862    468      0     9.932     7.723     1.000     0.1608      0.0000      0.0000      0.0000
606     A         B          606           GLY            0.00           862    468      0     9.932     7.723     1.000     0.1543      0.0000      0.0000      0.0000
607     A         B          607           PRO            0.00           862    468      0     9.932     7.723     1.000     0.1335      0.0000      0.0000      0.0000
608     A         B          608           GLY            0.00           862    468      0     9.932     7.723     1.000     0.1314      0.0000      0.0000      0.0000
609     A         B          609           LEU            0.00           862    468      0     9.932     7.723     1.000     0.1388      0.0000      0.0000      0.0000
610     A         B          610           GLU            0.00           862    468      0     9.932     7.723     1.000     0.1258      0.0000      0.0000      0.0000
611     A         B          611           GLY            0.00           862    468      0     9.932     7.723     1.000     0.1283      0.0000      0.0000      0.0000
612     A         B          612           CYS            0.00           862    468      0     9.932     7.723     1.000     0.1251      0.0000      0.0000      0.0000
613     A         B          613           PRO            0.00           862    468      0     9.932     7.723     1.000     0.1121      0.0000      0.0000      0.0000
614     A         B          614           THR            0.00           862    468      0     9.932     7.723     1.000     0.0971      0.0000      0.0000      0.0000
615     A         B          615           ASN            0.00           862    468      0     9.932     7.723     1.000     0.0926      0.0000      0.0000      0.0000
616     A         B          616           GLY            0.00           862    468      0     9.932     7.723     1.000     0.0920      0.0000      0.0000      0.0000
617     A         B          617           PRO            0.00           862    468      0     9.932     7.723     1.000     0.0913      0.0000      0.0000      0.0000
618     A         B          618           LYS            0.00           862    468      0     9.932     7.723     1.000     0.0905      0.0000      0.0000      0.0000
619     A         B          619           ILE            0.00           862    468      0     9.932     7.723     1.000     0.0902      0.0000      0.0000      0.0000
620     A         B          620           PRO            0.00           862    468      0     9.932     7.723     1.000     0.0902      0.0000      0.0000      0.0000
621     A         B          621           SER            0.00           862    468      0     9.932     7.723     1.000     0.0900      0.0000      0.0000      0.0000
622     B         A            1           GLN            0.00           862    479      0     9.932     7.800     1.000     0.1321      0.0000      0.0000      0.0000
623     B         A            2           VAL            0.00           862    479    190     9.932     7.800     5.136     0.3177      0.6285      0.5128      0.3167
624     B         A            3           GLN            0.00           862    479    195     9.932     7.800     5.201     0.3262      0.6387      0.5246      0.3339
625     B         A            4           LEU            0.00           862    479    223     9.932     7.800     5.547     0.3790      0.7228      0.6204      0.4587
626     B         A            5           LYS            0.00           862    479    214     9.932     7.800     5.439     0.3623      0.6988      0.5920      0.4193
627     B         A            6           GLN            0.00           862    479    198     9.932     7.800     5.240     0.3294      0.6459      0.5319      0.3431
628     B         A            7           SER            0.00           862    479      3     9.932     7.800     1.000     0.1634      0.5150      0.3958      0.0107
629     B         A            8           GLY            0.00           862    479      0     9.932     7.800     1.000     0.1333      0.0000      0.0000      0.0000
630     B         A            9           PRO            0.00           862    479      0     9.932     7.800     1.000     0.1225      0.0000      0.0000      0.0000
631     B         A           10           GLY            0.00           862    479      0     9.932     7.800     1.000     0.1272      0.0000      0.0000      0.0000
632     B         A           11           LEU            0.00           862    479      0     9.932     7.800     1.000     0.1533      0.0000      0.0000      0.0000
633     B         A           12           VAL            0.00           862    479      0     9.932     7.800     1.000     0.1629      0.0000      0.0000      0.0000
634     B         A           13           GLN            0.00           862    479      0     9.932     7.800     1.000     0.1658      0.0000      0.0000      0.0000
635     B         A           14           PRO            0.00           862    479      0     9.932     7.800     1.000     0.1680      0.0000      0.0000      0.0000
636     B         A           15           SER            0.00           862    479      0     9.932     7.800     1.000     0.1650      0.0000      0.0000      0.0000
637     B         A           16           GLN            0.00           862    479      2     9.932     7.800     1.000     0.1901      0.5104      0.3914      0.0105
638     B         A           17           SER            0.00           862    479     73     9.932     7.800     3.000     0.2588      0.5670      0.4479      0.1085
639     B         A           18           LEU            0.00           862    479    201     9.932     7.800     5.278     0.3383      0.6639      0.5521      0.3655
640     B         A           19           SER            0.00           862    479    213     9.932     7.800     5.427     0.3613      0.6976      0.5908      0.4172
641     B         A           20           ILE            0.00           862    479    238     9.932     7.800     5.720     0.3990      0.7511      0.6567      0.5164
642     B         A           21           THR            0.00           862    479    238     9.932     7.800     5.720     0.3995      0.7511      0.6568      0.5168
643     B         A           22           CYS            0.00           862    479    236     9.932     7.800     5.697     0.4025      0.7588      0.6663      0.5259
644     B         A           23           THR            0.00           862    479    233     9.932     7.800     5.663     0.3984      0.7551      0.6612      0.5165
645     B         A           24           VAL            0.00           862    479    221     9.932     7.800     5.523     0.3863      0.7421      0.6438      0.4825
646     B         A           25           SER            0.00           862    479    202     9.932     7.800     5.291     0.3505      0.6918      0.5841      0.3987
647     B         A           26           GLY            0.00           862    479    208     9.932     7.800     5.366     0.3630      0.7157      0.6120      0.4340
648     B         A           27           PHE            0.00           862    479    226     9.932     7.800     5.582     0.3906      0.7524      0.6572      0.5037
649     B         A           28           SER            0.00           862    479    229     9.932     7.800     5.617     0.3930      0.7524      0.6582      0.5098
650     B         A           29           LEU            0.00           862    479    237     9.932     7.800     5.708     0.4109      0.7767      0.6890      0.5541
651     B         A           30           THR            0.00           862    479    233     9.932     7.800     5.663     0.4013      0.7642      0.6730      0.5310
652     B         A           31           ASN            0.00           862    479    225     9.932     7.800     5.570     0.3922      0.7555      0.6615      0.5091
653     B         A           32           TYR            0.00           862    479    238     9.932     7.800     5.720     0.4100      0.7738      0.6854      0.5508
654     B         A           33           GLY            0.00           862    479    235     9.932     7.800     5.686     0.4092      0.7736      0.6854      0.5483
655     B         A           34           VAL            0.00           862    479    248     9.932     7.800     5.830     0.4287      0.7982      0.7179      0.6007
656     B         A           35           HIS            0.00           862    479    260     9.932     7.800     5.959     0.4452      0.8131      0.7371      0.6337
657     B         A           36           TRP            0.00           862    479    258     9.932     7.800     5.938     0.4406      0.8066      0.7288      0.6221
658     B         A           37           VAL            0.00           862    479    253     9.932     7.800     5.884     0.4324      0.7982      0.7174      0.6034
659     B         A           38           ARG            0.00           862    479    238     9.932     7.800     5.720     0.4048      0.7648      0.6738      0.5366
660     B         A           39           GLN            0.00           862    479    226     9.932     7.800     5.582     0.3908      0.7478      0.6517      0.4979
661     B         A           40           SER            0.00           862    479    123     9.932     7.800     4.105     0.2804      0.6041      0.4882      0.2149
662     B         A           41           PRO            0.00           862    479     25     9.932     7.800     1.000     0.2092      0.5479      0.4288      0.0124
663     B         A           42           GLY            0.00           862    479      6     9.932     7.800     1.000     0.1786      0.5432      0.4233      0.0120
664     B         A           43           LYS            0.00           862    479      2     9.932     7.800     1.000     0.1762      0.5263      0.4068      0.0112
665     B         A           44           GLY            0.00           862    479     48     9.932     7.800     2.177     0.2358      0.5619      0.4428      0.0593
666     B         A           45           LEU            0.00           862    479    231     9.932     7.800     5.640     0.3891      0.7367      0.6387      0.4895
667     B         A           46           GLU            0.00           862    479    239     9.932     7.800     5.731     0.4057      0.7642      0.6726      0.5355
668     B         A           47           TRP            0.00           862    479    259     9.932     7.800     5.949     0.4448      0.8151      0.7396      0.6361
669     B         A           48           LEU            0.00           862    479    253     9.932     7.800     5.884     0.4289      0.7908      0.7082      0.5927
670     B         A           49           GLY            0.00           862    479    238     9.932     7.800     5.720     0.4122      0.7758      0.6881      0.5546
671     B         A           50           VAL            0.00           862    479    255     9.932     7.800     5.906     0.4370      0.8031      0.7241      0.6139
672     B         A           51           ILE            0.00           862    479    257     9.932     7.800     5.927     0.4391      0.8047      0.7266      0.6193
673     B         A           52           TRP            0.00           862    479    239     9.932     7.800     5.731     0.4184      0.7892      0.7051      0.5758
674     B         A           53           SER            0.00           862    479    217     9.932     7.800     5.476     0.3819      0.7429      0.6458      0.4830
675     B         A           54           GLY            0.00           862    479    207     9.932     7.800     5.354     0.3688      0.7290      0.6289      0.4532
676     B         A           55           GLY            0.00           862    479    215     9.932     7.800     5.452     0.3817      0.7450      0.6487      0.4847
677     B         A           56           ASN            0.00           862    479    219     9.932     7.800     5.500     0.3849      0.7540      0.6598      0.5012
678     B         A           57           THR            0.00           862    479    247     9.932     7.800     5.819     0.4146      0.7704      0.6820      0.5562
679     B         A           58           ASP            0.00           862    479    238     9.932     7.800     5.720     0.4084      0.7701      0.6810      0.5464
680     B         A           59           TYR            0.00           862    479    255     9.932     7.800     5.906     0.4289      0.7873      0.7034      0.5882
681     B         A           60           ASN            0.00           862    479    252     9.932     7.800     5.874     0.4236      0.7821      0.6964      0.5767
682     B         A           61           THR            0.00           862    479    237     9.932     7.800     5.708     0.4024      0.7602      0.6688      0.5317
683     B         A           62           PRO            0.00           862    479    237     9.932     7.800     5.708     0.3923      0.7372      0.6400      0.4979
684     B         A           63           PHE            0.00           862    479    237     9.932     7.800     5.708     0.3966      0.7464      0.6504      0.5082
685     B         A           64           THR            0.00           862    479    218     9.932     7.800     5.488     0.3637      0.6990      0.5941      0.4290
686     B         A           65           SER            0.00           862    479    202     9.932     7.800     5.291     0.3348      0.6595      0.5497      0.3687
687     B         A           66           ARG            0.00           862    479    180     9.932     7.800     5.001     0.3118      0.6348      0.5215      0.3162
688     B         A           67           LEU            0.00           862    479    223     9.932     7.800     5.547     0.3808      0.7318      0.6321      0.4733
689     B         A           68           SER            0.00           862    479    224     9.932     7.800     5.559     0.3787      0.7242      0.6233      0.4650
690     B         A           69           ILE            0.00           862    479    250     9.932     7.800     5.852     0.4215      0.7805      0.6945      0.5728
691     B         A           70           ASN            0.00           862    479    228     9.932     7.800     5.605     0.3889      0.7429      0.6462      0.4948
692     B         A           71           LYS            0.00           862    479    224     9.932     7.800     5.559     0.3885      0.7446      0.6479      0.4921
693     B         A           72           ASP            0.00           862    479    217     9.932     7.800     5.476     0.3774      0.7323      0.6321      0.4658
694     B         A           73           ASN            0.00           862    479    217     9.932     7.800     5.476     0.3733      0.7244      0.6228      0.4560
695     B         A           74           SER            0.00           862    479    207     9.932     7.800     5.354     0.3540      0.6991      0.5929      0.4136
696     B         A           75           LYS            0.00           862    479    202     9.932     7.800     5.291     0.3480      0.6866      0.5779      0.3919
697     B         A           76           SER            0.00           862    479    214     9.932     7.800     5.439     0.3698      0.7200      0.6171      0.4458
698     B         A           77           GLN            0.00           862    479    224     9.932     7.800     5.559     0.3871      0.7439      0.6470      0.4909
699     B         A           78           VAL            0.00           862    479    242     9.932     7.800     5.764     0.4160      0.7784      0.6912      0.5612
700     B         A           79           PHE            0.00           862    479    248     9.932     7.800     5.830     0.4177      0.7740      0.6859      0.5604
701     B         A           80           PHE            0.00           862    479    252     9.932     7.800     5.874     0.4213      0.7773      0.6899      0.5681
702     B         A           81           LYS            0.00           862    479    235     9.932     7.800     5.686     0.3977      0.7531      0.6590      0.5163
703     B         A           82           MET            0.00           862    479    218     9.932     7.800     5.488     0.3702      0.7149      0.6114      0.4447
704     B         A           83           ASN            0.00           862    479    202     9.932     7.800     5.291     0.3380      0.6634      0.5522      0.3679
705     B         A           84           SER            0.00           862    479    151     9.932     7.800     4.577     0.2934      0.5974      0.4804      0.2454
706     B         A           85           LEU            0.00           862    479    161     9.932     7.800     4.729     0.2995      0.6011      0.4840      0.2599
707     B         A           86           GLN            0.00           862    479     98     9.932     7.800     3.609     0.2671      0.5885      0.4705      0.1627
708     B         A           87           SER            0.00           862    479    106     9.932     7.800     3.777     0.2745      0.5773      0.4591      0.1688
709     B         A           88           ASN            0.00           862    479    175     9.932     7.800     4.932     0.3050      0.6116      0.4964      0.2886
710     B         A           89           ASP            0.00           862    479    214     9.932     7.800     5.439     0.3535      0.6785      0.5691      0.3968
711     B         A           90           THR            0.00           862    479    216     9.932     7.800     5.464     0.3623      0.6952      0.5885      0.4189
712     B         A           91           ALA            0.00           862    479    210     9.932     7.800     5.391     0.3594      0.6937      0.5862      0.4093
713     B         A           92           ILE            0.00           862    479    238     9.932     7.800     5.720     0.4061      0.7659      0.6748      0.5372
714     B         A           93           TYR            0.00           862    479    252     9.932     7.800     5.874     0.4250      0.7855      0.7006      0.5814
715     B         A           94           TYR            0.00           862    479    252     9.932     7.800     5.874     0.4264      0.7866      0.7022      0.5834
716     B         A           95           CYS            0.00           862    479    237     9.932     7.800     5.708     0.4038      0.7624      0.6708      0.5319
717     B         A           96           ALA            0.00           862    479    239     9.932     7.800     5.731     0.4141      0.7821      0.6958      0.5641
718     B         A           97           ARG            0.00           862    479    235     9.932     7.800     5.686     0.4020      0.7612      0.6691      0.5278
719     B         A           98           ALA            0.00           862    479    230     9.932     7.800     5.629     0.4014      0.7677      0.6772      0.5330
720     B         A           99           LEU            0.00           862    479    240     9.932     7.800     5.742     0.4101      0.7705      0.6811      0.5475
721     B         A          100           THR            0.00           862    479    224     9.932     7.800     5.559     0.3943      0.7581      0.6650      0.5127
722     B         A          101           TYR            0.00           862    479    216     9.932     7.800     5.464     0.3877      0.7551      0.6607      0.4987
723     B         A          102           TYR            0.00           862    479    228     9.932     7.800     5.605     0.3955      0.7556      0.6618      0.5128
724     B         A          103           ASP            0.00           862    479    237     9.932     7.800     5.708     0.4091      0.7704      0.6814      0.5457
725     B         A          104           TYR            0.00           862    479    241     9.932     7.800     5.753     0.4180      0.7881      0.7041      0.5772
726     B         A          105           GLU            0.00           862    479    222     9.932     7.800     5.535     0.3853      0.7452      0.6490      0.4927
727     B         A          106           PHE            0.00           862    479    256     9.932     7.800     5.917     0.4298      0.7919      0.7096      0.5970
728     B         A          107           ALA            0.00           862    479    233     9.932     7.800     5.663     0.3918      0.7443      0.6489      0.5043
729     B         A          108           TYR            0.00           862    479    248     9.932     7.800     5.830     0.4151      0.7698      0.6807      0.5543
730     B         A          109           TRP            0.00           862    479    255     9.932     7.800     5.906     0.4227      0.7726      0.6845      0.5650
731     B         A          110           GLY            0.00           862    479    238     9.932     7.800     5.720     0.4073      0.7637      0.6725      0.5352
732     B         A          111           GLN            0.00           862    479    215     9.932     7.800     5.452     0.3748      0.7258      0.6244      0.4554
733     B         A          112           GLY            0.00           862    479    212     9.932     7.800     5.415     0.3664      0.7075      0.6021      0.4274
734     B         A          113           THR            0.00           862    479    223     9.932     7.800     5.547     0.3787      0.7242      0.6226      0.4618
735     B         A          114           LEU            0.00           862    479    217     9.932     7.800     5.476     0.3729      0.7166      0.6131      0.4449
736     B         A          115           VAL            0.00           862    479    216     9.932     7.800     5.464     0.3626      0.6941      0.5869      0.4169
737     B         A          116           THR            0.00           862    479    195     9.932     7.800     5.201     0.3221      0.6308      0.5158      0.3258
738     B         A          117           VAL            0.00           862    479     45     9.932     7.800     2.053     0.2408      0.5424      0.4229      0.0488
739     B         A          118           SER            0.00           862    479      0     9.932     7.800     1.000     0.1607      0.0000      0.0000      0.0000
740     B         A          119           ALA            0.00           862    479      0     9.932     7.800     1.000     0.1072      0.0000      0.0000      0.0000
741     B         A          120           GLY            0.00           862    479      0     9.932     7.800     1.000     0.0977      0.0000      0.0000      0.0000
742     B         A          121           GLY            0.00           862    479      0     9.932     7.800     1.000     0.0945      0.0000      0.0000      0.0000
743     B         A          122           GLY            0.00           862    479      0     9.932     7.800     1.000     0.0940      0.0000      0.0000      0.0000
744     B         A          123           GLY            0.00           862    479      0     9.932     7.800     1.000     0.0944      0.0000      0.0000      0.0000
745     B         A          124           SER            0.00           862    479      0     9.932     7.800     1.000     0.0945      0.0000      0.0000      0.0000
746     B         A          125           GLY            0.00           862    479      0     9.932     7.800     1.000     0.0959      0.0000      0.0000      0.0000
747     B         A          126           GLY            0.00           862    479      0     9.932     7.800     1.000     0.0965      0.0000      0.0000      0.0000
748     B         A          127           GLY            0.00           862    479      0     9.932     7.800     1.000     0.0972      0.0000      0.0000      0.0000
749     B         A          128           GLY            0.00           862    479      0     9.932     7.800     1.000     0.0989      0.0000      0.0000      0.0000
750     B         A          129           SER            0.00           862    479      0     9.932     7.800     1.000     0.1005      0.0000      0.0000      0.0000
751     B         A          130           GLY            0.00           862    479      0     9.932     7.800     1.000     0.1023      0.0000      0.0000      0.0000
752     B         A          131           GLY            0.00           862    479      0     9.932     7.800     1.000     0.1049      0.0000      0.0000      0.0000
753     B         A          132           GLY            0.00           862    479      0     9.932     7.800     1.000     0.1102      0.0000      0.0000      0.0000
754     B         A          133           GLY            0.00           862    479      1     9.932     7.800     1.000     0.1200      0.4979      0.3795      0.0100
755     B         A          134           SER            0.00           862    479      8     9.932     7.800     1.000     0.1566      0.5829      0.4643      0.0143
756     B         A          135           ASP            0.00           862    479    166     9.932     7.800     4.803     0.3009      0.5977      0.4822      0.2680
757     B         A          136           ILE            0.00           862    479    246     9.932     7.800     5.808     0.4005      0.7440      0.6484      0.5156
758     B         A          137           LEU            0.00           862    479    252     9.932     7.800     5.874     0.4150      0.7650      0.6743      0.5504
759     B         A          138           LEU            0.00           862    479    258     9.932     7.800     5.938     0.4285      0.7825      0.6966      0.5815
760     B         A          139           THR            0.00           862    479    252     9.932     7.800     5.874     0.4163      0.7668      0.6764      0.5525
761     B         A          140           GLN            0.00           862    479    234     9.932     7.800     5.674     0.3848      0.7218      0.6208      0.4725
762     B         A          141           SER            0.00           862    479    122     9.932     7.800     4.087     0.2908      0.6074      0.4916      0.2156
763     B         A          142           PRO            0.00           862    479     95     9.932     7.800     3.543     0.2709      0.5732      0.4548      0.1496
764     B         A          143           VAL            0.00           862    479    204     9.932     7.800     5.316     0.3282      0.6243      0.5096      0.3307
765     B         A          144           ILE            0.00           862    479    205     9.932     7.800     5.329     0.3290      0.6240      0.5089      0.3306
766     B         A          145           LEU            0.00           862    479    184     9.932     7.800     5.056     0.3125      0.6047      0.4881      0.2900
767     B         A          146           SER            0.00           862    479    171     9.932     7.800     4.875     0.3044      0.5974      0.4806      0.2698
768     B         A          147           VAL            0.00           862    479     39     9.932     7.800     1.777     0.2405      0.5536      0.4342      0.0388
769     B         A          148           SER            0.00           862    479     44     9.932     7.800     2.010     0.2453      0.5439      0.4244      0.0471
770     B         A          149           PRO            0.00           862    479     52     9.932     7.800     2.332     0.2495      0.5386      0.4190      0.0609
771     B         A          150           GLY            0.00           862    479     42     9.932     7.800     1.920     0.2435      0.5345      0.4149      0.0414
772     B         A          151           GLU            0.00           862    479    130     9.932     7.800     4.230     0.2862      0.5951      0.4777      0.2157
773     B         A          152           ARG            0.00           862    479    200     9.932     7.800     5.266     0.3253      0.6330      0.5189      0.3350
774     B         A          153           VAL            0.00           862    479    219     9.932     7.800     5.500     0.3593      0.6861      0.5787      0.4130
775     B         A          154           SER            0.00           862    479    220     9.932     7.800     5.511     0.3640      0.6925      0.5858      0.4212
776     B         A          155           PHE            0.00           862    479    245     9.932     7.800     5.797     0.3994      0.7383      0.6408      0.5048
777     B         A          156           SER            0.00           862    479    237     9.932     7.800     5.708     0.3854      0.7179      0.6165      0.4714
778     B         A          157           CYS            0.00           862    479    253     9.932     7.800     5.884     0.4155      0.7621      0.6706      0.5466
779     B         A          158           ARG            0.00           862    479    252     9.932     7.800     5.874     0.4068      0.7512      0.6578      0.5321
780     B         A          159           ALA            0.00           862    479    252     9.932     7.800     5.874     0.4187      0.7740      0.6854      0.5631
781     B         A          160           SER            0.00           862    479    243     9.932     7.800     5.775     0.3943      0.7344      0.6368      0.4999
782     B         A          161           GLN            0.00           862    479    226     9.932     7.800     5.582     0.3664      0.7011      0.5988      0.4453
783     B         A          162           SER            0.00           862    479    250     9.932     7.800     5.852     0.4060      0.7525      0.6601      0.5342
784     B         A          163           ILE            0.00           862    479    251     9.932     7.800     5.863     0.4151      0.7676      0.6783      0.5550
785     B         A          164           GLY            0.00           862    479    237     9.932     7.800     5.708     0.3933      0.7411      0.6453      0.5047
786     B         A          165           THR            0.00           862    479    251     9.932     7.800     5.863     0.4113      0.7618      0.6712      0.5471
787     B         A          166           ASN            0.00           862    479    258     9.932     7.800     5.938     0.4355      0.7996      0.7192      0.6098
788     B         A          167           ILE            0.00           862    479    254     9.932     7.800     5.895     0.4246      0.7840      0.6983      0.5804
789     B         A          168           HIS            0.00           862    479    262     9.932     7.800     5.980     0.4429      0.8077      0.7294      0.6247
790     B         A          169           TRP            0.00           862    479    259     9.932     7.800     5.949     0.4390      0.8047      0.7251      0.6167
791     B         A          170           TYR            0.00           862    479    258     9.932     7.800     5.938     0.4390      0.8042      0.7249      0.6161
792     B         A          171           GLN            0.00           862    479    248     9.932     7.800     5.830     0.4176      0.7757      0.6884      0.5638
793     B         A          172           GLN            0.00           862    479    236     9.932     7.800     5.697     0.3974      0.7469      0.6514      0.5084
794     B         A          173           ARG            0.00           862    479    215     9.932     7.800     5.452     0.3672      0.7134      0.6098      0.4401
795     B         A          174           THR            0.00           862    479     94     9.932     7.800     3.521     0.2685      0.5733      0.4550      0.1482
796     B         A          175           ASN            0.00           862    479     47     9.932     7.800     2.137     0.2410      0.5483      0.4288      0.0539
797     B         A          176           GLY            0.00           862    479    198     9.932     7.800     5.240     0.3270      0.6381      0.5244      0.3377
798     B         A          177           SER            0.00           862    479    213     9.932     7.800     5.427     0.3539      0.6772      0.5678      0.3947
799     B         A          178           PRO            0.00           862    479    231     9.932     7.800     5.640     0.3914      0.7376      0.6395      0.4897
800     B         A          179           ARG            0.00           862    479    226     9.932     7.800     5.582     0.3892      0.7415      0.6442      0.4900
801     B         A          180           LEU            0.00           862    479    252     9.932     7.800     5.874     0.4237      0.7817      0.6965      0.5777
802     B         A          181           LEU            0.00           862    479    249     9.932     7.800     5.841     0.4152      0.7690      0.6802      0.5555
803     B         A          182           ILE            0.00           862    479    252     9.932     7.800     5.874     0.4199      0.7766      0.6895      0.5687
804     B         A          183           LYS            0.00           862    479    239     9.932     7.800     5.731     0.4055      0.7613      0.6700      0.5341
805     B         A          184           TYR            0.00           862    479    245     9.932     7.800     5.797     0.4118      0.7716      0.6832      0.5554
806     B         A          185           ALA            0.00           862    479    237     9.932     7.800     5.708     0.4013      0.7568      0.6642      0.5252
807     B         A          186           SER            0.00           862    479    226     9.932     7.800     5.582     0.3715      0.7055      0.6026      0.4473
808     B         A          187           GLU            0.00           862    479    233     9.932     7.800     5.663     0.3916      0.7431      0.6469      0.5011
809     B         A          188           SER            0.00           862    479    178     9.932     7.800     4.974     0.3215      0.6380      0.5253      0.3181
810     B         A          189           ILE            0.00           862    479    215     9.932     7.800     5.452     0.3639      0.7014      0.5959      0.4258
811     B         A          190           SER            0.00           862    479    205     9.932     7.800     5.329     0.3409      0.6648      0.5547      0.3750
812     B         A          191           GLY            0.00           862    479    194     9.932     7.800     5.188     0.3282      0.6521      0.5404      0.3493
813     B         A          192           ILE            0.00           862    479    215     9.932     7.800     5.452     0.3647      0.7009      0.5949      0.4242
814     B         A          193           PRO            0.00           862    479    208     9.932     7.800     5.366     0.3488      0.6734      0.5631      0.3842
815     B         A          194           SER            0.00           862    479    196     9.932     7.800     5.214     0.3240      0.6328      0.5184      0.3296
816     B         A          195           ARG            0.00           862    479    211     9.932     7.800     5.403     0.3496      0.6771      0.5678      0.3929
817     B         A          196           PHE            0.00           862    479    241     9.932     7.800     5.753     0.4019      0.7496      0.6544      0.5164
818     B         A          197           SER            0.00           862    479    230     9.932     7.800     5.629     0.3740      0.7052      0.6015      0.4486
819     B         A          198           GLY            0.00           862    479    230     9.932     7.800     5.629     0.3707      0.6952      0.5900      0.4368
820     B         A          199           SER            0.00           862    479    221     9.932     7.800     5.523     0.3558      0.6726      0.5647      0.4030
821     B         A          200           GLY            0.00           862    479    232     9.932     7.800     5.651     0.3692      0.6888      0.5836      0.4337
822     B         A          201           SER            0.00           862    479    226     9.932     7.800     5.582     0.3611      0.6816      0.5754      0.4196
823     B         A          202           GLY            0.00           862    479    221     9.932     7.800     5.523     0.3590      0.6818      0.5747      0.4126
824     B         A          203           THR            0.00           862    479    242     9.932     7.800     5.764     0.3877      0.7214      0.6213      0.4823
825     B         A          204           ASP            0.00           862    479    241     9.932     7.800     5.753     0.3816      0.7097      0.6077      0.4669
826     B         A          205           PHE            0.00           862    479    256     9.932     7.800     5.917     0.4237      0.7769      0.6895      0.5717
827     B         A          206           THR            0.00           862    479    246     9.932     7.800     5.808     0.3978      0.7354      0.6374      0.5024
828     B         A          207           LEU            0.00           862    479    252     9.932     7.800     5.874     0.4186      0.7727      0.6838      0.5609
829     B         A          208           SER            0.00           862    479    237     9.932     7.800     5.708     0.3904      0.7327      0.6344      0.4913
830     B         A          209           ILE            0.00           862    479    232     9.932     7.800     5.651     0.3845      0.7255      0.6249      0.4746
831     B         A          210           ASN            0.00           862    479     92     9.932     7.800     3.475     0.2614      0.5818      0.4638      0.1496
832     B         A          211           SER            0.00           862    479    105     9.932     7.800     3.757     0.2756      0.5765      0.4580      0.1664
833     B         A          212           VAL            0.00           862    479    209     9.932     7.800     5.378     0.3428      0.6517      0.5385      0.3611
834     B         A          213           GLU            0.00           862    479    185     9.932     7.800     5.069     0.3127      0.6060      0.4894      0.2920
835     B         A          214           SER            0.00           862    479    122     9.932     7.800     4.087     0.2829      0.5753      0.4569      0.1903
836     B         A          215           GLU            0.00           862    479    155     9.932     7.800     4.639     0.2979      0.6111      0.4952      0.2628
837     B         A          216           ASP            0.00           862    479    205     9.932     7.800     5.329     0.3363      0.6464      0.5332      0.3528
838     B         A          217           ILE            0.00           862    479    204     9.932     7.800     5.316     0.3303      0.6295      0.5146      0.3343
839     B         A          218           ALA            0.00           862    479    216     9.932     7.800     5.464     0.3536      0.6711      0.5612      0.3920
840     B         A          219           ASP            0.00           862    479    238     9.932     7.800     5.720     0.4003      0.7542      0.6602      0.5200
841     B         A          220           TYR            0.00           862    479    253     9.932     7.800     5.884     0.4268      0.7876      0.7031      0.5851
842     B         A          221           TYR            0.00           862    479    257     9.932     7.800     5.927     0.4358      0.7981      0.7167      0.6049
843     B         A          222           CYS            0.00           862    479    257     9.932     7.800     5.927     0.4322      0.7932      0.7106      0.5979
844     B         A          223           GLN            0.00           862    479    258     9.932     7.800     5.938     0.4372      0.8053      0.7267      0.6189
845     B         A          224           GLN            0.00           862    479    257     9.932     7.800     5.927     0.4379      0.8072      0.7294      0.6218
846     B         A          225           ASN            0.00           862    479    249     9.932     7.800     5.841     0.4148      0.7747      0.6882      0.5669
847     B         A          226           ASN            0.00           862    479    258     9.932     7.800     5.938     0.4416      0.8129      0.7361      0.6301
848     B         A          227           ASN            0.00           862    479    261     9.932     7.800     5.970     0.4412      0.8066      0.7283      0.6233
849     B         A          228           TRP            0.00           862    479    258     9.932     7.800     5.938     0.4410      0.8102      0.7328      0.6263
850     B         A          229           PRO            0.00           862    479    257     9.932     7.800     5.927     0.4348      0.8000      0.7195      0.6091
851     B         A          230           THR            0.00           862    479    260     9.932     7.800     5.959     0.4453      0.8174      0.7422      0.6393
852     B         A          231           THR            0.00           862    479    263     9.932     7.800     5.991     0.4464      0.8140      0.7381      0.6367
853     B         A          232           PHE            0.00           862    479    260     9.932     7.800     5.959     0.4426      0.8100      0.7326      0.6275
854     B         A          233           GLY            0.00           862    479    250     9.932     7.800     5.852     0.4196      0.7762      0.6888      0.5659
855     B         A          234           ALA            0.00           862    479    230     9.932     7.800     5.629     0.3797      0.7193      0.6184      0.4671
856     B         A          235           GLY            0.00           862    479    224     9.932     7.800     5.559     0.3720      0.7077      0.6044      0.4459
857     B         A          236           THR            0.00           862    479    238     9.932     7.800     5.720     0.3946      0.7398      0.6427      0.5007
858     B         A          237           LYS            0.00           862    479    227     9.932     7.800     5.594     0.3814      0.7275      0.6271      0.4720
859     B         A          238           LEU            0.00           862    479    216     9.932     7.800     5.464     0.3564      0.6799      0.5708      0.4006
860     B         A          239           GLU            0.00           862    479    137     9.932     7.800     4.350     0.2878      0.6016      0.4851      0.2317
861     B         A          240           LEU            0.00           862    479      5     9.932     7.800     1.000     0.1862      0.5111      0.3921      0.0105
862     B         A          241           LYS            0.00           862    479      0     9.932     7.800     1.000     0.1292      0.0000      0.0000      0.0000
