i   AlignChn ScoredChain  AlignResNum  AlignResType  AlignRespLDDT      n0chn  n0dom  n0res    d0chn     d0dom     d0res   ipTM_pae  ipSAE_d0chn ipSAE_d0dom    ipSAE 
1       A         B            1           LEU            0.00           755    264      0     9.416     6.001     1.000     0.0874      0.0000      0.0000      0.0000
2       A         B            2           GLU            0.00           755    264      0     9.416     6.001     1.000     0.0951      0.0000      0.0000      0.0000
3       A         B            3           GLU            0.00           755    264      0     9.416     6.001     1.000     0.1110      0.0000      0.0000      0.0000
4       A         B            4           LYS            0.00           755    264      0     9.416     6.001     1.000     0.1326      0.0000      0.0000      0.0000
5       A         B            5           LYS            0.00           755    264      0     9.416     6.001     1.000     0.1426      0.0000      0.0000      0.0000
6       A         B            6           VAL            0.00           755    264      0     9.416     6.001     1.000     0.1560      0.0000      0.0000      0.0000
7       A         B            7           CYS            0.00           755    264      0     9.416     6.001     1.000     0.1604      0.0000      0.0000      0.0000
8       A         B            8           GLN            0.00           755    264      0     9.416     6.001     1.000     0.1568      0.0000      0.0000      0.0000
9       A         B            9           GLY            0.00           755    264      0     9.416     6.001     1.000     0.1611      0.0000      0.0000      0.0000
10      A         B           10           THR            0.00           755    264      0     9.416     6.001     1.000     0.1553      0.0000      0.0000      0.0000
11      A         B           11           SER            0.00           755    264      0     9.416     6.001     1.000     0.1566      0.0000      0.0000      0.0000
12      A         B           12           ASN            0.00           755    264      0     9.416     6.001     1.000     0.1519      0.0000      0.0000      0.0000
13      A         B           13           LYS            0.00           755    264      0     9.416     6.001     1.000     0.1532      0.0000      0.0000      0.0000
14      A         B           14           LEU            0.00           755    264      0     9.416     6.001     1.000     0.1562      0.0000      0.0000      0.0000
15      A         B           15           THR            0.00           755    264      0     9.416     6.001     1.000     0.1516      0.0000      0.0000      0.0000
16      A         B           16           GLN            0.00           755    264      0     9.416     6.001     1.000     0.1547      0.0000      0.0000      0.0000
17      A         B           17           LEU            0.00           755    264      0     9.416     6.001     1.000     0.1487      0.0000      0.0000      0.0000
18      A         B           18           GLY            0.00           755    264      0     9.416     6.001     1.000     0.1478      0.0000      0.0000      0.0000
19      A         B           19           THR            0.00           755    264      0     9.416     6.001     1.000     0.1570      0.0000      0.0000      0.0000
20      A         B           20           PHE            0.00           755    264      0     9.416     6.001     1.000     0.1574      0.0000      0.0000      0.0000
21      A         B           21           GLU            0.00           755    264      0     9.416     6.001     1.000     0.1562      0.0000      0.0000      0.0000
22      A         B           22           ASP            0.00           755    264      0     9.416     6.001     1.000     0.1531      0.0000      0.0000      0.0000
23      A         B           23           HIS            0.00           755    264      0     9.416     6.001     1.000     0.1562      0.0000      0.0000      0.0000
24      A         B           24           PHE            0.00           755    264      0     9.416     6.001     1.000     0.1582      0.0000      0.0000      0.0000
25      A         B           25           LEU            0.00           755    264      0     9.416     6.001     1.000     0.1557      0.0000      0.0000      0.0000
26      A         B           26           SER            0.00           755    264      0     9.416     6.001     1.000     0.1548      0.0000      0.0000      0.0000
27      A         B           27           LEU            0.00           755    264      0     9.416     6.001     1.000     0.1570      0.0000      0.0000      0.0000
28      A         B           28           GLN            0.00           755    264      0     9.416     6.001     1.000     0.1583      0.0000      0.0000      0.0000
29      A         B           29           ARG            0.00           755    264      0     9.416     6.001     1.000     0.1554      0.0000      0.0000      0.0000
30      A         B           30           MET            0.00           755    264      0     9.416     6.001     1.000     0.1570      0.0000      0.0000      0.0000
31      A         B           31           PHE            0.00           755    264      0     9.416     6.001     1.000     0.1585      0.0000      0.0000      0.0000
32      A         B           32           ASN            0.00           755    264      0     9.416     6.001     1.000     0.1565      0.0000      0.0000      0.0000
33      A         B           33           ASN            0.00           755    264      0     9.416     6.001     1.000     0.1524      0.0000      0.0000      0.0000
34      A         B           34           CYS            0.00           755    264      0     9.416     6.001     1.000     0.1604      0.0000      0.0000      0.0000
35      A         B           35           GLU            0.00           755    264      0     9.416     6.001     1.000     0.1589      0.0000      0.0000      0.0000
36      A         B           36           VAL            0.00           755    264      0     9.416     6.001     1.000     0.1610      0.0000      0.0000      0.0000
37      A         B           37           VAL            0.00           755    264      0     9.416     6.001     1.000     0.1596      0.0000      0.0000      0.0000
38      A         B           38           LEU            0.00           755    264      0     9.416     6.001     1.000     0.1595      0.0000      0.0000      0.0000
39      A         B           39           GLY            0.00           755    264      0     9.416     6.001     1.000     0.1610      0.0000      0.0000      0.0000
40      A         B           40           ASN            0.00           755    264      0     9.416     6.001     1.000     0.1585      0.0000      0.0000      0.0000
41      A         B           41           LEU            0.00           755    264      0     9.416     6.001     1.000     0.1597      0.0000      0.0000      0.0000
42      A         B           42           GLU            0.00           755    264      0     9.416     6.001     1.000     0.1591      0.0000      0.0000      0.0000
43      A         B           43           ILE            0.00           755    264      0     9.416     6.001     1.000     0.1585      0.0000      0.0000      0.0000
44      A         B           44           THR            0.00           755    264      0     9.416     6.001     1.000     0.1591      0.0000      0.0000      0.0000
45      A         B           45           TYR            0.00           755    264      0     9.416     6.001     1.000     0.1560      0.0000      0.0000      0.0000
46      A         B           46           VAL            0.00           755    264      0     9.416     6.001     1.000     0.1597      0.0000      0.0000      0.0000
47      A         B           47           GLN            0.00           755    264      0     9.416     6.001     1.000     0.1557      0.0000      0.0000      0.0000
48      A         B           48           ARG            0.00           755    264      0     9.416     6.001     1.000     0.1499      0.0000      0.0000      0.0000
49      A         B           49           ASN            0.00           755    264      0     9.416     6.001     1.000     0.1447      0.0000      0.0000      0.0000
50      A         B           50           TYR            0.00           755    264      0     9.416     6.001     1.000     0.1544      0.0000      0.0000      0.0000
51      A         B           51           ASP            0.00           755    264      0     9.416     6.001     1.000     0.1534      0.0000      0.0000      0.0000
52      A         B           52           LEU            0.00           755    264      0     9.416     6.001     1.000     0.1585      0.0000      0.0000      0.0000
53      A         B           53           SER            0.00           755    264      0     9.416     6.001     1.000     0.1603      0.0000      0.0000      0.0000
54      A         B           54           PHE            0.00           755    264      0     9.416     6.001     1.000     0.1607      0.0000      0.0000      0.0000
55      A         B           55           LEU            0.00           755    264      0     9.416     6.001     1.000     0.1604      0.0000      0.0000      0.0000
56      A         B           56           LYS            0.00           755    264      0     9.416     6.001     1.000     0.1628      0.0000      0.0000      0.0000
57      A         B           57           THR            0.00           755    264      0     9.416     6.001     1.000     0.1603      0.0000      0.0000      0.0000
58      A         B           58           ILE            0.00           755    264      0     9.416     6.001     1.000     0.1609      0.0000      0.0000      0.0000
59      A         B           59           GLN            0.00           755    264      0     9.416     6.001     1.000     0.1606      0.0000      0.0000      0.0000
60      A         B           60           GLU            0.00           755    264      0     9.416     6.001     1.000     0.1600      0.0000      0.0000      0.0000
61      A         B           61           VAL            0.00           755    264      0     9.416     6.001     1.000     0.1598      0.0000      0.0000      0.0000
62      A         B           62           ALA            0.00           755    264      0     9.416     6.001     1.000     0.1595      0.0000      0.0000      0.0000
63      A         B           63           GLY            0.00           755    264      0     9.416     6.001     1.000     0.1610      0.0000      0.0000      0.0000
64      A         B           64           TYR            0.00           755    264      0     9.416     6.001     1.000     0.1605      0.0000      0.0000      0.0000
65      A         B           65           VAL            0.00           755    264      0     9.416     6.001     1.000     0.1587      0.0000      0.0000      0.0000
66      A         B           66           LEU            0.00           755    264      0     9.416     6.001     1.000     0.1548      0.0000      0.0000      0.0000
67      A         B           67           ILE            0.00           755    264      0     9.416     6.001     1.000     0.1577      0.0000      0.0000      0.0000
68      A         B           68           ALA            0.00           755    264      0     9.416     6.001     1.000     0.1580      0.0000      0.0000      0.0000
69      A         B           69           LEU            0.00           755    264      0     9.416     6.001     1.000     0.1552      0.0000      0.0000      0.0000
70      A         B           70           ASN            0.00           755    264      0     9.416     6.001     1.000     0.1601      0.0000      0.0000      0.0000
71      A         B           71           THR            0.00           755    264      0     9.416     6.001     1.000     0.1581      0.0000      0.0000      0.0000
72      A         B           72           VAL            0.00           755    264      0     9.416     6.001     1.000     0.1587      0.0000      0.0000      0.0000
73      A         B           73           GLU            0.00           755    264      0     9.416     6.001     1.000     0.1562      0.0000      0.0000      0.0000
74      A         B           74           ARG            0.00           755    264      0     9.416     6.001     1.000     0.1577      0.0000      0.0000      0.0000
75      A         B           75           ILE            0.00           755    264      0     9.416     6.001     1.000     0.1603      0.0000      0.0000      0.0000
76      A         B           76           PRO            0.00           755    264      0     9.416     6.001     1.000     0.1604      0.0000      0.0000      0.0000
77      A         B           77           LEU            0.00           755    264      0     9.416     6.001     1.000     0.1590      0.0000      0.0000      0.0000
78      A         B           78           GLU            0.00           755    264      0     9.416     6.001     1.000     0.1586      0.0000      0.0000      0.0000
79      A         B           79           ASN            0.00           755    264      0     9.416     6.001     1.000     0.1573      0.0000      0.0000      0.0000
80      A         B           80           LEU            0.00           755    264      0     9.416     6.001     1.000     0.1597      0.0000      0.0000      0.0000
81      A         B           81           GLN            0.00           755    264      0     9.416     6.001     1.000     0.1582      0.0000      0.0000      0.0000
82      A         B           82           ILE            0.00           755    264      0     9.416     6.001     1.000     0.1593      0.0000      0.0000      0.0000
83      A         B           83           ILE            0.00           755    264      0     9.416     6.001     1.000     0.1599      0.0000      0.0000      0.0000
84      A         B           84           ARG            0.00           755    264      0     9.416     6.001     1.000     0.1612      0.0000      0.0000      0.0000
85      A         B           85           GLY            0.00           755    264      0     9.416     6.001     1.000     0.1609      0.0000      0.0000      0.0000
86      A         B           86           ASN            0.00           755    264      0     9.416     6.001     1.000     0.1623      0.0000      0.0000      0.0000
87      A         B           87           MET            0.00           755    264      0     9.416     6.001     1.000     0.1552      0.0000      0.0000      0.0000
88      A         B           88           TYR            0.00           755    264      0     9.416     6.001     1.000     0.1584      0.0000      0.0000      0.0000
89      A         B           89           TYR            0.00           755    264      0     9.416     6.001     1.000     0.1558      0.0000      0.0000      0.0000
90      A         B           90           GLU            0.00           755    264      0     9.416     6.001     1.000     0.1506      0.0000      0.0000      0.0000
91      A         B           91           ASN            0.00           755    264      0     9.416     6.001     1.000     0.1464      0.0000      0.0000      0.0000
92      A         B           92           SER            0.00           755    264      0     9.416     6.001     1.000     0.1513      0.0000      0.0000      0.0000
93      A         B           93           TYR            0.00           755    264      0     9.416     6.001     1.000     0.1588      0.0000      0.0000      0.0000
94      A         B           94           ALA            0.00           755    264      0     9.416     6.001     1.000     0.1597      0.0000      0.0000      0.0000
95      A         B           95           LEU            0.00           755    264      0     9.416     6.001     1.000     0.1578      0.0000      0.0000      0.0000
96      A         B           96           ALA            0.00           755    264      0     9.416     6.001     1.000     0.1561      0.0000      0.0000      0.0000
97      A         B           97           VAL            0.00           755    264      0     9.416     6.001     1.000     0.1575      0.0000      0.0000      0.0000
98      A         B           98           LEU            0.00           755    264      0     9.416     6.001     1.000     0.1562      0.0000      0.0000      0.0000
99      A         B           99           SER            0.00           755    264      0     9.416     6.001     1.000     0.1551      0.0000      0.0000      0.0000
100     A         B          100           ASN            0.00           755    264      0     9.416     6.001     1.000     0.1602      0.0000      0.0000      0.0000
101     A         B          101           TYR            0.00           755    264      0     9.416     6.001     1.000     0.1502      0.0000      0.0000      0.0000
102     A         B          102           ASP            0.00           755    264      0     9.416     6.001     1.000     0.1377      0.0000      0.0000      0.0000
103     A         B          103           ALA            0.00           755    264      0     9.416     6.001     1.000     0.1328      0.0000      0.0000      0.0000
104     A         B          104           ASN            0.00           755    264      0     9.416     6.001     1.000     0.1392      0.0000      0.0000      0.0000
105     A         B          105           LYS            0.00           755    264      0     9.416     6.001     1.000     0.1352      0.0000      0.0000      0.0000
106     A         B          106           THR            0.00           755    264      0     9.416     6.001     1.000     0.1389      0.0000      0.0000      0.0000
107     A         B          107           GLY            0.00           755    264      0     9.416     6.001     1.000     0.1438      0.0000      0.0000      0.0000
108     A         B          108           LEU            0.00           755    264      0     9.416     6.001     1.000     0.1545      0.0000      0.0000      0.0000
109     A         B          109           LYS            0.00           755    264      0     9.416     6.001     1.000     0.1564      0.0000      0.0000      0.0000
110     A         B          110           GLU            0.00           755    264      0     9.416     6.001     1.000     0.1548      0.0000      0.0000      0.0000
111     A         B          111           LEU            0.00           755    264      0     9.416     6.001     1.000     0.1571      0.0000      0.0000      0.0000
112     A         B          112           PRO            0.00           755    264      0     9.416     6.001     1.000     0.1569      0.0000      0.0000      0.0000
113     A         B          113           MET            0.00           755    264      0     9.416     6.001     1.000     0.1536      0.0000      0.0000      0.0000
114     A         B          114           ARG            0.00           755    264      0     9.416     6.001     1.000     0.1582      0.0000      0.0000      0.0000
115     A         B          115           ASN            0.00           755    264      0     9.416     6.001     1.000     0.1557      0.0000      0.0000      0.0000
116     A         B          116           LEU            0.00           755    264      0     9.416     6.001     1.000     0.1570      0.0000      0.0000      0.0000
117     A         B          117           GLN            0.00           755    264      0     9.416     6.001     1.000     0.1546      0.0000      0.0000      0.0000
118     A         B          118           GLU            0.00           755    264      0     9.416     6.001     1.000     0.1573      0.0000      0.0000      0.0000
119     A         B          119           ILE            0.00           755    264      0     9.416     6.001     1.000     0.1593      0.0000      0.0000      0.0000
120     A         B          120           LEU            0.00           755    264      0     9.416     6.001     1.000     0.1603      0.0000      0.0000      0.0000
121     A         B          121           HIS            0.00           755    264      0     9.416     6.001     1.000     0.1596      0.0000      0.0000      0.0000
122     A         B          122           GLY            0.00           755    264      0     9.416     6.001     1.000     0.1593      0.0000      0.0000      0.0000
123     A         B          123           ALA            0.00           755    264      0     9.416     6.001     1.000     0.1575      0.0000      0.0000      0.0000
124     A         B          124           VAL            0.00           755    264      0     9.416     6.001     1.000     0.1563      0.0000      0.0000      0.0000
125     A         B          125           ARG            0.00           755    264      0     9.416     6.001     1.000     0.1572      0.0000      0.0000      0.0000
126     A         B          126           PHE            0.00           755    264      0     9.416     6.001     1.000     0.1548      0.0000      0.0000      0.0000
127     A         B          127           SER            0.00           755    264      0     9.416     6.001     1.000     0.1531      0.0000      0.0000      0.0000
128     A         B          128           ASN            0.00           755    264      0     9.416     6.001     1.000     0.1544      0.0000      0.0000      0.0000
129     A         B          129           ASN            0.00           755    264      0     9.416     6.001     1.000     0.1565      0.0000      0.0000      0.0000
130     A         B          130           PRO            0.00           755    264      0     9.416     6.001     1.000     0.1562      0.0000      0.0000      0.0000
131     A         B          131           ALA            0.00           755    264      0     9.416     6.001     1.000     0.1544      0.0000      0.0000      0.0000
132     A         B          132           LEU            0.00           755    264      0     9.416     6.001     1.000     0.1521      0.0000      0.0000      0.0000
133     A         B          133           CYS            0.00           755    264      0     9.416     6.001     1.000     0.1513      0.0000      0.0000      0.0000
134     A         B          134           ASN            0.00           755    264      0     9.416     6.001     1.000     0.1509      0.0000      0.0000      0.0000
135     A         B          135           VAL            0.00           755    264      0     9.416     6.001     1.000     0.1526      0.0000      0.0000      0.0000
136     A         B          136           GLU            0.00           755    264      0     9.416     6.001     1.000     0.1489      0.0000      0.0000      0.0000
137     A         B          137           SER            0.00           755    264      0     9.416     6.001     1.000     0.1524      0.0000      0.0000      0.0000
138     A         B          138           ILE            0.00           755    264      0     9.416     6.001     1.000     0.1538      0.0000      0.0000      0.0000
139     A         B          139           GLN            0.00           755    264      0     9.416     6.001     1.000     0.1531      0.0000      0.0000      0.0000
140     A         B          140           TRP            0.00           755    264      0     9.416     6.001     1.000     0.1554      0.0000      0.0000      0.0000
141     A         B          141           ARG            0.00           755    264      0     9.416     6.001     1.000     0.1545      0.0000      0.0000      0.0000
142     A         B          142           ASP            0.00           755    264      0     9.416     6.001     1.000     0.1519      0.0000      0.0000      0.0000
143     A         B          143           ILE            0.00           755    264      0     9.416     6.001     1.000     0.1564      0.0000      0.0000      0.0000
144     A         B          144           VAL            0.00           755    264      0     9.416     6.001     1.000     0.1552      0.0000      0.0000      0.0000
145     A         B          145           SER            0.00           755    264      0     9.416     6.001     1.000     0.1524      0.0000      0.0000      0.0000
146     A         B          146           SER            0.00           755    264      0     9.416     6.001     1.000     0.1499      0.0000      0.0000      0.0000
147     A         B          147           ASP            0.00           755    264      0     9.416     6.001     1.000     0.1496      0.0000      0.0000      0.0000
148     A         B          148           PHE            0.00           755    264      0     9.416     6.001     1.000     0.1512      0.0000      0.0000      0.0000
149     A         B          149           LEU            0.00           755    264      0     9.416     6.001     1.000     0.1500      0.0000      0.0000      0.0000
150     A         B          150           SER            0.00           755    264      0     9.416     6.001     1.000     0.1459      0.0000      0.0000      0.0000
151     A         B          151           ASN            0.00           755    264      0     9.416     6.001     1.000     0.1465      0.0000      0.0000      0.0000
152     A         B          152           MET            0.00           755    264      0     9.416     6.001     1.000     0.1469      0.0000      0.0000      0.0000
153     A         B          153           SER            0.00           755    264      0     9.416     6.001     1.000     0.1456      0.0000      0.0000      0.0000
154     A         B          154           MET            0.00           755    264      0     9.416     6.001     1.000     0.1411      0.0000      0.0000      0.0000
155     A         B          155           ASP            0.00           755    264      0     9.416     6.001     1.000     0.1366      0.0000      0.0000      0.0000
156     A         B          156           PHE            0.00           755    264      0     9.416     6.001     1.000     0.1300      0.0000      0.0000      0.0000
157     A         B          157           GLN            0.00           755    264      0     9.416     6.001     1.000     0.1100      0.0000      0.0000      0.0000
158     A         B          158           ASN            0.00           755    264      0     9.416     6.001     1.000     0.1001      0.0000      0.0000      0.0000
159     A         B          159           HIS            0.00           755    264      0     9.416     6.001     1.000     0.0963      0.0000      0.0000      0.0000
160     A         B          160           LEU            0.00           755    264      0     9.416     6.001     1.000     0.0909      0.0000      0.0000      0.0000
161     A         B          161           GLY            0.00           755    264      0     9.416     6.001     1.000     0.0917      0.0000      0.0000      0.0000
162     A         B          162           SER            0.00           755    264      0     9.416     6.001     1.000     0.0921      0.0000      0.0000      0.0000
163     A         B          163           CYS            0.00           755    264      0     9.416     6.001     1.000     0.1351      0.0000      0.0000      0.0000
164     A         B          164           GLN            0.00           755    264      0     9.416     6.001     1.000     0.1399      0.0000      0.0000      0.0000
165     A         B          165           LYS            0.00           755    264      0     9.416     6.001     1.000     0.1407      0.0000      0.0000      0.0000
166     A         B          166           CYS            0.00           755    264      0     9.416     6.001     1.000     0.1476      0.0000      0.0000      0.0000
167     A         B          167           ASP            0.00           755    264      0     9.416     6.001     1.000     0.1504      0.0000      0.0000      0.0000
168     A         B          168           PRO            0.00           755    264      0     9.416     6.001     1.000     0.1449      0.0000      0.0000      0.0000
169     A         B          169           SER            0.00           755    264      0     9.416     6.001     1.000     0.1431      0.0000      0.0000      0.0000
170     A         B          170           CYS            0.00           755    264      0     9.416     6.001     1.000     0.1429      0.0000      0.0000      0.0000
171     A         B          171           PRO            0.00           755    264      0     9.416     6.001     1.000     0.1258      0.0000      0.0000      0.0000
172     A         B          172           ASN            0.00           755    264      0     9.416     6.001     1.000     0.1322      0.0000      0.0000      0.0000
173     A         B          173           GLY            0.00           755    264      0     9.416     6.001     1.000     0.1412      0.0000      0.0000      0.0000
174     A         B          174           SER            0.00           755    264      0     9.416     6.001     1.000     0.1468      0.0000      0.0000      0.0000
175     A         B          175           CYS            0.00           755    264      0     9.416     6.001     1.000     0.1550      0.0000      0.0000      0.0000
176     A         B          176           TRP            0.00           755    264      0     9.416     6.001     1.000     0.1555      0.0000      0.0000      0.0000
177     A         B          177           GLY            0.00           755    264      0     9.416     6.001     1.000     0.1494      0.0000      0.0000      0.0000
178     A         B          178           ALA            0.00           755    264      0     9.416     6.001     1.000     0.1423      0.0000      0.0000      0.0000
179     A         B          179           GLY            0.00           755    264      0     9.416     6.001     1.000     0.1420      0.0000      0.0000      0.0000
180     A         B          180           GLU            0.00           755    264      0     9.416     6.001     1.000     0.1431      0.0000      0.0000      0.0000
181     A         B          181           GLU            0.00           755    264      0     9.416     6.001     1.000     0.1469      0.0000      0.0000      0.0000
182     A         B          182           ASN            0.00           755    264      0     9.416     6.001     1.000     0.1493      0.0000      0.0000      0.0000
183     A         B          183           CYS            0.00           755    264      0     9.416     6.001     1.000     0.1531      0.0000      0.0000      0.0000
184     A         B          184           GLN            0.00           755    264      0     9.416     6.001     1.000     0.1511      0.0000      0.0000      0.0000
185     A         B          185           LYS            0.00           755    264      0     9.416     6.001     1.000     0.1467      0.0000      0.0000      0.0000
186     A         B          186           LEU            0.00           755    264      0     9.416     6.001     1.000     0.1509      0.0000      0.0000      0.0000
187     A         B          187           THR            0.00           755    264      0     9.416     6.001     1.000     0.1490      0.0000      0.0000      0.0000
188     A         B          188           LYS            0.00           755    264      0     9.416     6.001     1.000     0.1492      0.0000      0.0000      0.0000
189     A         B          189           ILE            0.00           755    264      0     9.416     6.001     1.000     0.1459      0.0000      0.0000      0.0000
190     A         B          190           ILE            0.00           755    264      0     9.416     6.001     1.000     0.1478      0.0000      0.0000      0.0000
191     A         B          191           CYS            0.00           755    264      0     9.416     6.001     1.000     0.1451      0.0000      0.0000      0.0000
192     A         B          192           ALA            0.00           755    264      0     9.416     6.001     1.000     0.1413      0.0000      0.0000      0.0000
193     A         B          193           GLN            0.00           755    264      0     9.416     6.001     1.000     0.1344      0.0000      0.0000      0.0000
194     A         B          194           GLN            0.00           755    264      0     9.416     6.001     1.000     0.1365      0.0000      0.0000      0.0000
195     A         B          195           CYS            0.00           755    264      0     9.416     6.001     1.000     0.1395      0.0000      0.0000      0.0000
196     A         B          196           SER            0.00           755    264      0     9.416     6.001     1.000     0.1338      0.0000      0.0000      0.0000
197     A         B          197           GLY            0.00           755    264      0     9.416     6.001     1.000     0.1322      0.0000      0.0000      0.0000
198     A         B          198           ARG            0.00           755    264      0     9.416     6.001     1.000     0.1475      0.0000      0.0000      0.0000
199     A         B          199           CYS            0.00           755    264      0     9.416     6.001     1.000     0.1488      0.0000      0.0000      0.0000
200     A         B          200           ARG            0.00           755    264      0     9.416     6.001     1.000     0.1410      0.0000      0.0000      0.0000
201     A         B          201           GLY            0.00           755    264      0     9.416     6.001     1.000     0.1388      0.0000      0.0000      0.0000
202     A         B          202           LYS            0.00           755    264      0     9.416     6.001     1.000     0.1375      0.0000      0.0000      0.0000
203     A         B          203           SER            0.00           755    264      0     9.416     6.001     1.000     0.1384      0.0000      0.0000      0.0000
204     A         B          204           PRO            0.00           755    264      0     9.416     6.001     1.000     0.1385      0.0000      0.0000      0.0000
205     A         B          205           SER            0.00           755    264      0     9.416     6.001     1.000     0.1388      0.0000      0.0000      0.0000
206     A         B          206           ASP            0.00           755    264      0     9.416     6.001     1.000     0.1420      0.0000      0.0000      0.0000
207     A         B          207           CYS            0.00           755    264      0     9.416     6.001     1.000     0.1479      0.0000      0.0000      0.0000
208     A         B          208           CYS            0.00           755    264      0     9.416     6.001     1.000     0.1477      0.0000      0.0000      0.0000
209     A         B          209           HIS            0.00           755    264      0     9.416     6.001     1.000     0.1485      0.0000      0.0000      0.0000
210     A         B          210           ASN            0.00           755    264      0     9.416     6.001     1.000     0.1458      0.0000      0.0000      0.0000
211     A         B          211           GLN            0.00           755    264      0     9.416     6.001     1.000     0.1478      0.0000      0.0000      0.0000
212     A         B          212           CYS            0.00           755    264      0     9.416     6.001     1.000     0.1502      0.0000      0.0000      0.0000
213     A         B          213           ALA            0.00           755    264      0     9.416     6.001     1.000     0.1419      0.0000      0.0000      0.0000
214     A         B          214           ALA            0.00           755    264      0     9.416     6.001     1.000     0.1384      0.0000      0.0000      0.0000
215     A         B          215           GLY            0.00           755    264      0     9.416     6.001     1.000     0.1468      0.0000      0.0000      0.0000
216     A         B          216           CYS            0.00           755    264      0     9.416     6.001     1.000     0.1488      0.0000      0.0000      0.0000
217     A         B          217           THR            0.00           755    264      0     9.416     6.001     1.000     0.1458      0.0000      0.0000      0.0000
218     A         B          218           GLY            0.00           755    264      0     9.416     6.001     1.000     0.1436      0.0000      0.0000      0.0000
219     A         B          219           PRO            0.00           755    264      0     9.416     6.001     1.000     0.1435      0.0000      0.0000      0.0000
220     A         B          220           ARG            0.00           755    264      0     9.416     6.001     1.000     0.1444      0.0000      0.0000      0.0000
221     A         B          221           GLU            0.00           755    264      0     9.416     6.001     1.000     0.1426      0.0000      0.0000      0.0000
222     A         B          222           SER            0.00           755    264      0     9.416     6.001     1.000     0.1426      0.0000      0.0000      0.0000
223     A         B          223           ASP            0.00           755    264      0     9.416     6.001     1.000     0.1476      0.0000      0.0000      0.0000
224     A         B          224           CYS            0.00           755    264      0     9.416     6.001     1.000     0.1522      0.0000      0.0000      0.0000
225     A         B          225           LEU            0.00           755    264      0     9.416     6.001     1.000     0.1543      0.0000      0.0000      0.0000
226     A         B          226           VAL            0.00           755    264      0     9.416     6.001     1.000     0.1498      0.0000      0.0000      0.0000
227     A         B          227           CYS            0.00           755    264      0     9.416     6.001     1.000     0.1549      0.0000      0.0000      0.0000
228     A         B          228           ARG            0.00           755    264      0     9.416     6.001     1.000     0.1525      0.0000      0.0000      0.0000
229     A         B          229           LYS            0.00           755    264      0     9.416     6.001     1.000     0.1535      0.0000      0.0000      0.0000
230     A         B          230           PHE            0.00           755    264      0     9.416     6.001     1.000     0.1526      0.0000      0.0000      0.0000
231     A         B          231           ARG            0.00           755    264      0     9.416     6.001     1.000     0.1499      0.0000      0.0000      0.0000
232     A         B          232           ASP            0.00           755    264      0     9.416     6.001     1.000     0.1444      0.0000      0.0000      0.0000
233     A         B          233           GLU            0.00           755    264      0     9.416     6.001     1.000     0.1317      0.0000      0.0000      0.0000
234     A         B          234           ALA            0.00           755    264      0     9.416     6.001     1.000     0.1334      0.0000      0.0000      0.0000
235     A         B          235           THR            0.00           755    264      0     9.416     6.001     1.000     0.1442      0.0000      0.0000      0.0000
236     A         B          236           CYS            0.00           755    264      0     9.416     6.001     1.000     0.1519      0.0000      0.0000      0.0000
237     A         B          237           LYS            0.00           755    264      0     9.416     6.001     1.000     0.1436      0.0000      0.0000      0.0000
238     A         B          238           ASP            0.00           755    264      0     9.416     6.001     1.000     0.1450      0.0000      0.0000      0.0000
239     A         B          239           THR            0.00           755    264      0     9.416     6.001     1.000     0.1440      0.0000      0.0000      0.0000
240     A         B          240           CYS            0.00           755    264      0     9.416     6.001     1.000     0.1486      0.0000      0.0000      0.0000
241     A         B          241           PRO            0.00           755    264      0     9.416     6.001     1.000     0.1426      0.0000      0.0000      0.0000
242     A         B          242           PRO            0.00           755    264      0     9.416     6.001     1.000     0.1394      0.0000      0.0000      0.0000
243     A         B          243           LEU            0.00           755    264      0     9.416     6.001     1.000     0.1381      0.0000      0.0000      0.0000
244     A         B          244           MET            0.00           755    264      0     9.416     6.001     1.000     0.1325      0.0000      0.0000      0.0000
245     A         B          245           LEU            0.00           755    264      0     9.416     6.001     1.000     0.1259      0.0000      0.0000      0.0000
246     A         B          246           TYR            0.00           755    264      0     9.416     6.001     1.000     0.1197      0.0000      0.0000      0.0000
247     A         B          247           ASN            0.00           755    264      0     9.416     6.001     1.000     0.1156      0.0000      0.0000      0.0000
248     A         B          248           PRO            0.00           755    264      0     9.416     6.001     1.000     0.1115      0.0000      0.0000      0.0000
249     A         B          249           THR            0.00           755    264      0     9.416     6.001     1.000     0.1102      0.0000      0.0000      0.0000
250     A         B          250           THR            0.00           755    264      0     9.416     6.001     1.000     0.1081      0.0000      0.0000      0.0000
251     A         B          251           TYR            0.00           755    264      0     9.416     6.001     1.000     0.1108      0.0000      0.0000      0.0000
252     A         B          252           GLN            0.00           755    264      0     9.416     6.001     1.000     0.1112      0.0000      0.0000      0.0000
253     A         B          253           MET            0.00           755    264      0     9.416     6.001     1.000     0.1197      0.0000      0.0000      0.0000
254     A         B          254           ASP            0.00           755    264      0     9.416     6.001     1.000     0.1202      0.0000      0.0000      0.0000
255     A         B          255           VAL            0.00           755    264      0     9.416     6.001     1.000     0.1268      0.0000      0.0000      0.0000
256     A         B          256           ASN            0.00           755    264      0     9.416     6.001     1.000     0.1319      0.0000      0.0000      0.0000
257     A         B          257           PRO            0.00           755    264      0     9.416     6.001     1.000     0.1290      0.0000      0.0000      0.0000
258     A         B          258           GLU            0.00           755    264      0     9.416     6.001     1.000     0.1312      0.0000      0.0000      0.0000
259     A         B          259           GLY            0.00           755    264      0     9.416     6.001     1.000     0.1386      0.0000      0.0000      0.0000
260     A         B          260           LYS            0.00           755    264      0     9.416     6.001     1.000     0.1463      0.0000      0.0000      0.0000
261     A         B          261           TYR            0.00           755    264      0     9.416     6.001     1.000     0.1505      0.0000      0.0000      0.0000
262     A         B          262           SER            0.00           755    264      0     9.416     6.001     1.000     0.1504      0.0000      0.0000      0.0000
263     A         B          263           PHE            0.00           755    264      0     9.416     6.001     1.000     0.1486      0.0000      0.0000      0.0000
264     A         B          264           GLY            0.00           755    264      0     9.416     6.001     1.000     0.1489      0.0000      0.0000      0.0000
265     A         B          265           ALA            0.00           755    264      0     9.416     6.001     1.000     0.1483      0.0000      0.0000      0.0000
266     A         B          266           THR            0.00           755    264      0     9.416     6.001     1.000     0.1509      0.0000      0.0000      0.0000
267     A         B          267           CYS            0.00           755    264      0     9.416     6.001     1.000     0.1513      0.0000      0.0000      0.0000
268     A         B          268           VAL            0.00           755    264      0     9.416     6.001     1.000     0.1469      0.0000      0.0000      0.0000
269     A         B          269           LYS            0.00           755    264      0     9.416     6.001     1.000     0.1424      0.0000      0.0000      0.0000
270     A         B          270           LYS            0.00           755    264      0     9.416     6.001     1.000     0.1418      0.0000      0.0000      0.0000
271     A         B          271           CYS            0.00           755    264      0     9.416     6.001     1.000     0.1465      0.0000      0.0000      0.0000
272     A         B          272           PRO            0.00           755    264      0     9.416     6.001     1.000     0.1443      0.0000      0.0000      0.0000
273     A         B          273           ARG            0.00           755    264      0     9.416     6.001     1.000     0.1373      0.0000      0.0000      0.0000
274     A         B          274           ASN            0.00           755    264      0     9.416     6.001     1.000     0.1401      0.0000      0.0000      0.0000
275     A         B          275           TYR            0.00           755    264      0     9.416     6.001     1.000     0.1495      0.0000      0.0000      0.0000
276     A         B          276           VAL            0.00           755    264      0     9.416     6.001     1.000     0.1435      0.0000      0.0000      0.0000
277     A         B          277           VAL            0.00           755    264      0     9.416     6.001     1.000     0.1446      0.0000      0.0000      0.0000
278     A         B          278           THR            0.00           755    264      0     9.416     6.001     1.000     0.1397      0.0000      0.0000      0.0000
279     A         B          279           ASP            0.00           755    264      0     9.416     6.001     1.000     0.1329      0.0000      0.0000      0.0000
280     A         B          280           HIS            0.00           755    264      0     9.416     6.001     1.000     0.1328      0.0000      0.0000      0.0000
281     A         B          281           GLY            0.00           755    264      0     9.416     6.001     1.000     0.1384      0.0000      0.0000      0.0000
282     A         B          282           SER            0.00           755    264      0     9.416     6.001     1.000     0.1458      0.0000      0.0000      0.0000
283     A         B          283           CYS            0.00           755    264      0     9.416     6.001     1.000     0.1514      0.0000      0.0000      0.0000
284     A         B          284           VAL            0.00           755    264      0     9.416     6.001     1.000     0.1462      0.0000      0.0000      0.0000
285     A         B          285           ARG            0.00           755    264      0     9.416     6.001     1.000     0.1363      0.0000      0.0000      0.0000
286     A         B          286           ALA            0.00           755    264      0     9.416     6.001     1.000     0.1333      0.0000      0.0000      0.0000
287     A         B          287           CYS            0.00           755    264      0     9.416     6.001     1.000     0.1369      0.0000      0.0000      0.0000
288     A         B          288           GLY            0.00           755    264      0     9.416     6.001     1.000     0.1287      0.0000      0.0000      0.0000
289     A         B          289           ALA            0.00           755    264      0     9.416     6.001     1.000     0.1242      0.0000      0.0000      0.0000
290     A         B          290           ASP            0.00           755    264      0     9.416     6.001     1.000     0.1227      0.0000      0.0000      0.0000
291     A         B          291           SER            0.00           755    264      0     9.416     6.001     1.000     0.1288      0.0000      0.0000      0.0000
292     A         B          292           TYR            0.00           755    264      0     9.416     6.001     1.000     0.1304      0.0000      0.0000      0.0000
293     A         B          293           GLU            0.00           755    264      0     9.416     6.001     1.000     0.1321      0.0000      0.0000      0.0000
294     A         B          294           MET            0.00           755    264      0     9.416     6.001     1.000     0.1285      0.0000      0.0000      0.0000
295     A         B          295           GLU            0.00           755    264      0     9.416     6.001     1.000     0.1231      0.0000      0.0000      0.0000
296     A         B          296           GLU            0.00           755    264      0     9.416     6.001     1.000     0.1217      0.0000      0.0000      0.0000
297     A         B          297           ASP            0.00           755    264      0     9.416     6.001     1.000     0.1143      0.0000      0.0000      0.0000
298     A         B          298           GLY            0.00           755    264      0     9.416     6.001     1.000     0.1186      0.0000      0.0000      0.0000
299     A         B          299           VAL            0.00           755    264      0     9.416     6.001     1.000     0.1254      0.0000      0.0000      0.0000
300     A         B          300           ARG            0.00           755    264      0     9.416     6.001     1.000     0.1277      0.0000      0.0000      0.0000
301     A         B          301           LYS            0.00           755    264      0     9.416     6.001     1.000     0.1336      0.0000      0.0000      0.0000
302     A         B          302           CYS            0.00           755    264      0     9.416     6.001     1.000     0.1372      0.0000      0.0000      0.0000
303     A         B          303           LYS            0.00           755    264      0     9.416     6.001     1.000     0.1300      0.0000      0.0000      0.0000
304     A         B          304           LYS            0.00           755    264      0     9.416     6.001     1.000     0.1257      0.0000      0.0000      0.0000
305     A         B          305           CYS            0.00           755    264      0     9.416     6.001     1.000     0.1210      0.0000      0.0000      0.0000
306     A         B          306           GLU            0.00           755    264      0     9.416     6.001     1.000     0.1139      0.0000      0.0000      0.0000
307     A         B          307           GLY            0.00           755    264      0     9.416     6.001     1.000     0.1130      0.0000      0.0000      0.0000
308     A         B          308           PRO            0.00           755    264      0     9.416     6.001     1.000     0.1150      0.0000      0.0000      0.0000
309     A         B          309           CYS            0.00           755    264      0     9.416     6.001     1.000     0.1211      0.0000      0.0000      0.0000
310     A         B          310           ARG            0.00           755    264      0     9.416     6.001     1.000     0.1687      0.0000      0.0000      0.0000
311     A         B          311           LYS            0.00           755    264      0     9.416     6.001     1.000     0.2612      0.0000      0.0000      0.0000
312     A         B          312           VAL            0.00           755    264     39     9.416     6.001     1.777     0.3747      0.5587      0.3419      0.0442
313     A         B          313           CYS            0.00           755    264     45     9.416     6.001     2.053     0.4211      0.6087      0.3911      0.0716
314     A         B          314           ASN            0.00           755    264     46     9.416     6.001     2.095     0.4176      0.6059      0.3889      0.0739
315     A         B          315           GLY            0.00           755    264     44     9.416     6.001     2.010     0.4248      0.6371      0.4212      0.0778
316     A         B          316           ILE            0.00           755    264     46     9.416     6.001     2.095     0.4263      0.6272      0.4111      0.0808
317     A         B          317           GLY            0.00           755    264     37     9.416     6.001     1.675     0.3767      0.5682      0.3515      0.0413
318     A         B          318           ILE            0.00           755    264     40     9.416     6.001     1.826     0.3839      0.5768      0.3599      0.0506
319     A         B          319           GLY            0.00           755    264     33     9.416     6.001     1.450     0.3730      0.5547      0.3387      0.0296
320     A         B          320           GLU            0.00           755    264     40     9.416     6.001     1.826     0.3934      0.5794      0.3616      0.0506
321     A         B          321           PHE            0.00           755    264     45     9.416     6.001     2.053     0.4434      0.6561      0.4434      0.0891
322     A         B          322           LYS            0.00           755    264     43     9.416     6.001     1.965     0.4020      0.5939      0.3758      0.0619
323     A         B          323           ASP            0.00           755    264     43     9.416     6.001     1.965     0.4101      0.6050      0.3881      0.0654
324     A         B          324           SER            0.00           755    264     48     9.416     6.001     2.177     0.4441      0.6319      0.4177      0.0898
325     A         B          325           LEU            0.00           755    264     50     9.416     6.001     2.256     0.4555      0.6460      0.4362      0.1053
326     A         B          326           SER            0.00           755    264     51     9.416     6.001     2.294     0.4635      0.6718      0.4639      0.1182
327     A         B          327           ILE            0.00           755    264     47     9.416     6.001     2.137     0.4487      0.6679      0.4591      0.1031
328     A         B          328           ASN            0.00           755    264     45     9.416     6.001     2.053     0.4337      0.6348      0.4195      0.0807
329     A         B          329           ALA            0.00           755    264     47     9.416     6.001     2.137     0.4351      0.6437      0.4307      0.0916
330     A         B          330           THR            0.00           755    264     44     9.416     6.001     2.010     0.4220      0.6232      0.4064      0.0732
331     A         B          331           ASN            0.00           755    264     43     9.416     6.001     1.965     0.4339      0.6417      0.4253      0.0754
332     A         B          332           ILE            0.00           755    264     46     9.416     6.001     2.095     0.4372      0.6377      0.4228      0.0848
333     A         B          333           LYS            0.00           755    264     45     9.416     6.001     2.053     0.4205      0.6216      0.4058      0.0765
334     A         B          334           HIS            0.00           755    264     43     9.416     6.001     1.965     0.4109      0.6084      0.3910      0.0660
335     A         B          335           PHE            0.00           755    264     46     9.416     6.001     2.095     0.4460      0.6531      0.4399      0.0908
336     A         B          336           LYS            0.00           755    264     44     9.416     6.001     2.010     0.4231      0.6281      0.4108      0.0742
337     A         B          337           ASN            0.00           755    264     40     9.416     6.001     1.826     0.3934      0.5909      0.3726      0.0530
338     A         B          338           CYS            0.00           755    264     41     9.416     6.001     1.873     0.3932      0.5813      0.3629      0.0533
339     A         B          339           THR            0.00           755    264     40     9.416     6.001     1.826     0.3781      0.5611      0.3439      0.0469
340     A         B          340           SER            0.00           755    264     46     9.416     6.001     2.095     0.4129      0.5975      0.3796      0.0708
341     A         B          341           ILE            0.00           755    264     49     9.416     6.001     2.217     0.4398      0.6262      0.4109      0.0899
342     A         B          342           SER            0.00           755    264     47     9.416     6.001     2.137     0.4146      0.5914      0.3744      0.0723
343     A         B          343           GLY            0.00           755    264     45     9.416     6.001     2.053     0.4030      0.5945      0.3779      0.0683
344     A         B          344           ASP            0.00           755    264     46     9.416     6.001     2.095     0.4163      0.6139      0.3983      0.0775
345     A         B          345           LEU            0.00           755    264     47     9.416     6.001     2.137     0.4466      0.6665      0.4568      0.1016
346     A         B          346           HIS            0.00           755    264     44     9.416     6.001     2.010     0.4199      0.6389      0.4257      0.0805
347     A         B          347           ILE            0.00           755    264     48     9.416     6.001     2.177     0.4551      0.6814      0.4768      0.1154
348     A         B          348           LEU            0.00           755    264     49     9.416     6.001     2.217     0.4533      0.6717      0.4648      0.1131
349     A         B          349           PRO            0.00           755    264     49     9.416     6.001     2.217     0.4434      0.6574      0.4468      0.1044
350     A         B          350           VAL            0.00           755    264     50     9.416     6.001     2.256     0.4567      0.6723      0.4662      0.1179
351     A         B          351           ALA            0.00           755    264     49     9.416     6.001     2.217     0.4598      0.6943      0.4911      0.1240
352     A         B          352           PHE            0.00           755    264     46     9.416     6.001     2.095     0.4366      0.6669      0.4572      0.0981
353     A         B          353           ARG            0.00           755    264     45     9.416     6.001     2.053     0.4259      0.6422      0.4275      0.0834
354     A         B          354           GLY            0.00           755    264     47     9.416     6.001     2.137     0.4429      0.6468      0.4328      0.0914
355     A         B          355           ASP            0.00           755    264     51     9.416     6.001     2.294     0.4629      0.6559      0.4459      0.1111
356     A         B          356           SER            0.00           755    264     48     9.416     6.001     2.177     0.4351      0.6193      0.4032      0.0843
357     A         B          357           PHE            0.00           755    264     59     9.416     6.001     2.578     0.4946      0.6607      0.4527      0.1402
358     A         B          358           THR            0.00           755    264     56     9.416     6.001     2.476     0.4843      0.6638      0.4556      0.1315
359     A         B          359           HIS            0.00           755    264     54     9.416     6.001     2.405     0.4671      0.6419      0.4290      0.1121
360     A         B          360           THR            0.00           755    264     54     9.416     6.001     2.405     0.4659      0.6440      0.4321      0.1139
361     A         B          361           PRO            0.00           755    264     47     9.416     6.001     2.137     0.4357      0.6272      0.4112      0.0838
362     A         B          362           PRO            0.00           755    264     45     9.416     6.001     2.053     0.4350      0.6466      0.4321      0.0849
363     A         B          363           LEU            0.00           755    264     45     9.416     6.001     2.053     0.4393      0.6503      0.4354      0.0852
364     A         B          364           ASP            0.00           755    264     44     9.416     6.001     2.010     0.4257      0.6372      0.4215      0.0780
365     A         B          365           PRO            0.00           755    264     44     9.416     6.001     2.010     0.4055      0.6114      0.3939      0.0695
366     A         B          366           GLN            0.00           755    264     42     9.416     6.001     1.920     0.3977      0.6133      0.3965      0.0648
367     A         B          367           GLU            0.00           755    264     43     9.416     6.001     1.965     0.3986      0.5975      0.3799      0.0631
368     A         B          368           LEU            0.00           755    264     45     9.416     6.001     2.053     0.4325      0.6435      0.4281      0.0829
369     A         B          369           ASP            0.00           755    264     44     9.416     6.001     2.010     0.4125      0.6283      0.4121      0.0751
370     A         B          370           ILE            0.00           755    264     45     9.416     6.001     2.053     0.4216      0.6327      0.4176      0.0802
371     A         B          371           LEU            0.00           755    264     43     9.416     6.001     1.965     0.4310      0.6443      0.4281      0.0763
372     A         B          372           LYS            0.00           755    264     46     9.416     6.001     2.095     0.4281      0.6328      0.4175      0.0829
373     A         B          373           THR            0.00           755    264     41     9.416     6.001     1.873     0.4013      0.6036      0.3855      0.0588
374     A         B          374           VAL            0.00           755    264     43     9.416     6.001     1.965     0.4111      0.6163      0.3987      0.0679
375     A         B          375           LYS            0.00           755    264     43     9.416     6.001     1.965     0.4157      0.6106      0.3929      0.0664
376     A         B          376           GLU            0.00           755    264     47     9.416     6.001     2.137     0.4211      0.6102      0.3931      0.0778
377     A         B          377           ILE            0.00           755    264     50     9.416     6.001     2.256     0.4423      0.6388      0.4254      0.0987
378     A         B          378           THR            0.00           755    264     46     9.416     6.001     2.095     0.4038      0.5926      0.3758      0.0702
379     A         B          379           GLY            0.00           755    264     46     9.416     6.001     2.095     0.4073      0.6016      0.3843      0.0724
380     A         B          380           PHE            0.00           755    264     48     9.416     6.001     2.177     0.4424      0.6511      0.4396      0.0986
381     A         B          381           LEU            0.00           755    264     50     9.416     6.001     2.256     0.4569      0.6742      0.4675      0.1175
382     A         B          382           LEU            0.00           755    264     49     9.416     6.001     2.217     0.4464      0.6596      0.4508      0.1072
383     A         B          383           ILE            0.00           755    264     49     9.416     6.001     2.217     0.4475      0.6697      0.4627      0.1126
384     A         B          384           GLN            0.00           755    264     45     9.416     6.001     2.053     0.4233      0.6437      0.4295      0.0841
385     A         B          385           ALA            0.00           755    264     48     9.416     6.001     2.177     0.4365      0.6531      0.4409      0.0981
386     A         B          386           TRP            0.00           755    264     47     9.416     6.001     2.137     0.4394      0.6595      0.4479      0.0975
387     A         B          387           PRO            0.00           755    264     44     9.416     6.001     2.010     0.3975      0.6043      0.3879      0.0684
388     A         B          388           GLU            0.00           755    264     34     9.416     6.001     1.509     0.3560      0.5523      0.3360      0.0314
389     A         B          389           ASN            0.00           755    264     33     9.416     6.001     1.450     0.3432      0.5635      0.3463      0.0304
390     A         B          390           ARG            0.00           755    264     38     9.416     6.001     1.726     0.3656      0.5705      0.3529      0.0439
391     A         B          391           THR            0.00           755    264     28     9.416     6.001     1.116     0.3325      0.5369      0.3221      0.0164
392     A         B          392           ASP            0.00           755    264     36     9.416     6.001     1.621     0.3699      0.5663      0.3493      0.0384
393     A         B          393           LEU            0.00           755    264     44     9.416     6.001     2.010     0.4204      0.6318      0.4152      0.0757
394     A         B          394           HIS            0.00           755    264     37     9.416     6.001     1.675     0.3760      0.5746      0.3575      0.0424
395     A         B          395           ALA            0.00           755    264     40     9.416     6.001     1.826     0.3855      0.5874      0.3696      0.0525
396     A         B          396           PHE            0.00           755    264     43     9.416     6.001     1.965     0.4289      0.6480      0.4326      0.0779
397     A         B          397           GLU            0.00           755    264     44     9.416     6.001     2.010     0.4045      0.6080      0.3902      0.0683
398     A         B          398           ASN            0.00           755    264     42     9.416     6.001     1.920     0.4005      0.6035      0.3859      0.0618
399     A         B          399           LEU            0.00           755    264     46     9.416     6.001     2.095     0.4246      0.6235      0.4075      0.0797
400     A         B          400           GLU            0.00           755    264     44     9.416     6.001     2.010     0.4127      0.6110      0.3933      0.0693
401     A         B          401           ILE            0.00           755    264     44     9.416     6.001     2.010     0.4031      0.5921      0.3736      0.0637
402     A         B          402           ILE            0.00           755    264     49     9.416     6.001     2.217     0.4392      0.6357      0.4210      0.0933
403     A         B          403           ARG            0.00           755    264     47     9.416     6.001     2.137     0.4226      0.6117      0.3945      0.0782
404     A         B          404           GLY            0.00           755    264     45     9.416     6.001     2.053     0.3930      0.5772      0.3599      0.0629
405     A         B          405           ARG            0.00           755    264     41     9.416     6.001     1.873     0.3866      0.5775      0.3596      0.0527
406     A         B          406           THR            0.00           755    264     41     9.416     6.001     1.873     0.3814      0.5743      0.3570      0.0523
407     A         B          407           LYS            0.00           755    264     41     9.416     6.001     1.873     0.3704      0.5601      0.3450      0.0501
408     A         B          408           GLN            0.00           755    264     21     9.416     6.001     1.000     0.3289      0.5606      0.3437      0.0145
409     A         B          409           HIS            0.00           755    264     16     9.416     6.001     1.000     0.3125      0.5459      0.3294      0.0136
410     A         B          410           GLY            0.00           755    264     22     9.416     6.001     1.000     0.3307      0.5474      0.3311      0.0137
411     A         B          411           GLN            0.00           755    264     30     9.416     6.001     1.258     0.3363      0.5333      0.3191      0.0205
412     A         B          412           PHE            0.00           755    264     44     9.416     6.001     2.010     0.3955      0.5956      0.3794      0.0662
413     A         B          413           SER            0.00           755    264     41     9.416     6.001     1.873     0.3793      0.5762      0.3584      0.0525
414     A         B          414           LEU            0.00           755    264     48     9.416     6.001     2.177     0.4402      0.6551      0.4437      0.0998
415     A         B          415           ALA            0.00           755    264     45     9.416     6.001     2.053     0.4220      0.6322      0.4166      0.0798
416     A         B          416           VAL            0.00           755    264     47     9.416     6.001     2.137     0.4330      0.6461      0.4327      0.0920
417     A         B          417           VAL            0.00           755    264     44     9.416     6.001     2.010     0.4067      0.6328      0.4200      0.0792
418     A         B          418           SER            0.00           755    264     43     9.416     6.001     1.965     0.3883      0.5933      0.3769      0.0627
419     A         B          419           LEU            0.00           755    264     48     9.416     6.001     2.177     0.4377      0.6527      0.4401      0.0979
420     A         B          420           ASN            0.00           755    264     47     9.416     6.001     2.137     0.4123      0.6129      0.3968      0.0794
421     A         B          421           ILE            0.00           755    264     48     9.416     6.001     2.177     0.4344      0.6410      0.4268      0.0925
422     A         B          422           THR            0.00           755    264     44     9.416     6.001     2.010     0.4096      0.6196      0.4027      0.0721
423     A         B          423           SER            0.00           755    264     40     9.416     6.001     1.826     0.3816      0.5836      0.3660      0.0518
424     A         B          424           LEU            0.00           755    264     44     9.416     6.001     2.010     0.4154      0.6289      0.4125      0.0751
425     A         B          425           GLY            0.00           755    264     39     9.416     6.001     1.777     0.3759      0.5855      0.3678      0.0495
426     A         B          426           LEU            0.00           755    264     44     9.416     6.001     2.010     0.4094      0.6214      0.4048      0.0729
427     A         B          427           ARG            0.00           755    264     36     9.416     6.001     1.621     0.3598      0.5673      0.3496      0.0383
428     A         B          428           SER            0.00           755    264     40     9.416     6.001     1.826     0.3831      0.5829      0.3653      0.0516
429     A         B          429           LEU            0.00           755    264     44     9.416     6.001     2.010     0.4067      0.6039      0.3862      0.0674
430     A         B          430           LYS            0.00           755    264     38     9.416     6.001     1.726     0.3770      0.5634      0.3459      0.0424
431     A         B          431           GLU            0.00           755    264     45     9.416     6.001     2.053     0.4143      0.6136      0.3956      0.0726
432     A         B          432           ILE            0.00           755    264     47     9.416     6.001     2.137     0.4282      0.6262      0.4097      0.0831
433     A         B          433           SER            0.00           755    264     45     9.416     6.001     2.053     0.4063      0.5987      0.3810      0.0686
434     A         B          434           ASP            0.00           755    264     48     9.416     6.001     2.177     0.4078      0.5999      0.3829      0.0774
435     A         B          435           GLY            0.00           755    264     42     9.416     6.001     1.920     0.3861      0.5765      0.3589      0.0551
436     A         B          436           ASP            0.00           755    264     47     9.416     6.001     2.137     0.4151      0.6096      0.3925      0.0777
437     A         B          437           VAL            0.00           755    264     47     9.416     6.001     2.137     0.4323      0.6447      0.4305      0.0908
438     A         B          438           ILE            0.00           755    264     46     9.416     6.001     2.095     0.4247      0.6258      0.4107      0.0814
439     A         B          439           ILE            0.00           755    264     47     9.416     6.001     2.137     0.4285      0.6400      0.4259      0.0894
440     A         B          440           SER            0.00           755    264     40     9.416     6.001     1.826     0.3849      0.5897      0.3724      0.0533
441     A         B          441           GLY            0.00           755    264     41     9.416     6.001     1.873     0.3894      0.5908      0.3735      0.0562
442     A         B          442           ASN            0.00           755    264     46     9.416     6.001     2.095     0.4283      0.6363      0.4205      0.0838
443     A         B          443           LYS            0.00           755    264     48     9.416     6.001     2.177     0.4144      0.6102      0.3943      0.0815
444     A         B          444           ASN            0.00           755    264     46     9.416     6.001     2.095     0.4157      0.6242      0.4080      0.0798
445     A         B          445           LEU            0.00           755    264     47     9.416     6.001     2.137     0.4228      0.6249      0.4086      0.0829
446     A         B          446           CYS            0.00           755    264     39     9.416     6.001     1.777     0.3761      0.5849      0.3676      0.0496
447     A         B          447           TYR            0.00           755    264     41     9.416     6.001     1.873     0.3896      0.5958      0.3782      0.0572
448     A         B          448           ALA            0.00           755    264     42     9.416     6.001     1.920     0.3863      0.5878      0.3701      0.0579
449     A         B          449           ASN            0.00           755    264     41     9.416     6.001     1.873     0.3874      0.5949      0.3771      0.0569
450     A         B          450           THR            0.00           755    264     43     9.416     6.001     1.965     0.3890      0.5969      0.3796      0.0631
451     A         B          451           ILE            0.00           755    264     39     9.416     6.001     1.777     0.3687      0.5668      0.3499      0.0459
452     A         B          452           ASN            0.00           755    264     40     9.416     6.001     1.826     0.3740      0.5710      0.3541      0.0492
453     A         B          453           TRP            0.00           755    264     45     9.416     6.001     2.053     0.4045      0.6005      0.3829      0.0692
454     A         B          454           LYS            0.00           755    264     41     9.416     6.001     1.873     0.3794      0.5800      0.3621      0.0533
455     A         B          455           LYS            0.00           755    264     40     9.416     6.001     1.826     0.3783      0.5703      0.3532      0.0490
456     A         B          456           LEU            0.00           755    264     44     9.416     6.001     2.010     0.3965      0.5902      0.3728      0.0639
457     A         B          457           PHE            0.00           755    264     39     9.416     6.001     1.777     0.3773      0.5720      0.3544      0.0467
458     A         B          458           GLY            0.00           755    264     11     9.416     6.001     1.000     0.2879      0.5025      0.2917      0.0114
459     A         B          459           THR            0.00           755    264      0     9.416     6.001     1.000     0.2515      0.0000      0.0000      0.0000
460     A         B          460           SER            0.00           755    264      0     9.416     6.001     1.000     0.2320      0.0000      0.0000      0.0000
461     A         B          461           GLY            0.00           755    264     22     9.416     6.001     1.000     0.2995      0.5288      0.3146      0.0127
462     A         B          462           GLN            0.00           755    264     37     9.416     6.001     1.675     0.3621      0.5573      0.3406      0.0392
463     A         B          463           LYS            0.00           755    264     39     9.416     6.001     1.777     0.3698      0.5686      0.3515      0.0462
464     A         B          464           THR            0.00           755    264     43     9.416     6.001     1.965     0.3915      0.5988      0.3814      0.0636
465     A         B          465           LYS            0.00           755    264     44     9.416     6.001     2.010     0.4022      0.5988      0.3816      0.0663
466     A         B          466           ILE            0.00           755    264     46     9.416     6.001     2.095     0.4133      0.6220      0.4058      0.0792
467     A         B          467           ILE            0.00           755    264     36     9.416     6.001     1.621     0.3628      0.5812      0.3646      0.0413
468     A         B          468           SER            0.00           755    264     40     9.416     6.001     1.826     0.3722      0.5720      0.3548      0.0493
469     A         B          469           ASN            0.00           755    264     43     9.416     6.001     1.965     0.3961      0.5994      0.3819      0.0636
470     A         B          470           ARG            0.00           755    264     44     9.416     6.001     2.010     0.3984      0.6012      0.3844      0.0673
471     A         B          471           GLY            0.00           755    264     33     9.416     6.001     1.450     0.3520      0.5571      0.3402      0.0296
472     A         B          472           GLU            0.00           755    264     35     9.416     6.001     1.566     0.3417      0.5486      0.3327      0.0333
473     A         B          473           ASN            0.00           755    264     27     9.416     6.001     1.039     0.3249      0.5343      0.3196      0.0141
474     A         B          474           SER            0.00           755    264     28     9.416     6.001     1.116     0.3395      0.5437      0.3279      0.0168
475     A         B          475           CYS            0.00           755    264     37     9.416     6.001     1.675     0.3637      0.5663      0.3495      0.0409
476     A         B          476           LYS            0.00           755    264     36     9.416     6.001     1.621     0.3595      0.5595      0.3425      0.0371
477     A         B          477           ALA            0.00           755    264     19     9.416     6.001     1.000     0.3063      0.5196      0.3062      0.0122
478     A         B          478           THR            0.00           755    264     17     9.416     6.001     1.000     0.2979      0.5088      0.2970      0.0117
479     A         B          479           GLY            0.00           755    264      5     9.416     6.001     1.000     0.2813      0.5018      0.2910      0.0113
480     A         B          480           GLN            0.00           755    264     20     9.416     6.001     1.000     0.3141      0.5283      0.3138      0.0126
481     A         B          481           VAL            0.00           755    264     15     9.416     6.001     1.000     0.3023      0.5086      0.2968      0.0116
482     A         B          482           CYS            0.00           755    264     38     9.416     6.001     1.726     0.3607      0.5573      0.3406      0.0416
483     A         B          483           HIS            0.00           755    264     41     9.416     6.001     1.873     0.3729      0.5659      0.3486      0.0503
484     A         B          484           ALA            0.00           755    264     28     9.416     6.001     1.116     0.3309      0.5231      0.3094      0.0154
485     A         B          485           LEU            0.00           755    264     32     9.416     6.001     1.388     0.3492      0.5428      0.3268      0.0256
486     A         B          486           CYS            0.00           755    264     30     9.416     6.001     1.258     0.3409      0.5337      0.3187      0.0203
487     A         B          487           SER            0.00           755    264     17     9.416     6.001     1.000     0.3117      0.5118      0.2993      0.0118
488     A         B          488           PRO            0.00           755    264     22     9.416     6.001     1.000     0.3151      0.5234      0.3095      0.0124
489     A         B          489           GLU            0.00           755    264     32     9.416     6.001     1.388     0.3388      0.5368      0.3217      0.0250
490     A         B          490           GLY            0.00           755    264     16     9.416     6.001     1.000     0.3136      0.5144      0.3015      0.0119
491     A         B          491           CYS            0.00           755    264     41     9.416     6.001     1.873     0.3839      0.5778      0.3601      0.0529
492     A         B          492           TRP            0.00           755    264     44     9.416     6.001     2.010     0.4160      0.6239      0.4071      0.0735
493     A         B          493           GLY            0.00           755    264     37     9.416     6.001     1.675     0.3708      0.5755      0.3578      0.0423
494     A         B          494           PRO            0.00           755    264     40     9.416     6.001     1.826     0.3748      0.5797      0.3626      0.0511
495     A         B          495           GLU            0.00           755    264     37     9.416     6.001     1.675     0.3665      0.5804      0.3627      0.0433
496     A         B          496           PRO            0.00           755    264     31     9.416     6.001     1.325     0.3436      0.5463      0.3300      0.0237
497     A         B          497           ARG            0.00           755    264     33     9.416     6.001     1.450     0.3588      0.5638      0.3466      0.0305
498     A         B          498           ASP            0.00           755    264     38     9.416     6.001     1.726     0.3721      0.5755      0.3577      0.0448
499     A         B          499           CYS            0.00           755    264     34     9.416     6.001     1.509     0.3584      0.5543      0.3375      0.0316
500     A         B          500           VAL            0.00           755    264     34     9.416     6.001     1.509     0.3552      0.5551      0.3383      0.0317
501     A         B          501           SER            0.00           755    264     32     9.416     6.001     1.388     0.3465      0.5464      0.3304      0.0261
502     A         B          502           CYS            0.00           755    264     28     9.416     6.001     1.116     0.3393      0.5286      0.3141      0.0157
503     A         B          503           ARG            0.00           755    264     18     9.416     6.001     1.000     0.3085      0.5096      0.2974      0.0117
504     A         B          504           ASN            0.00           755    264      2     9.416     6.001     1.000     0.2633      0.4859      0.2775      0.0106
505     A         B          505           VAL            0.00           755    264      4     9.416     6.001     1.000     0.2870      0.4892      0.2801      0.0107
506     A         B          506           SER            0.00           755    264      1     9.416     6.001     1.000     0.2713      0.4829      0.2750      0.0104
507     A         B          507           ARG            0.00           755    264      4     9.416     6.001     1.000     0.2770      0.4815      0.2740      0.0104
508     A         B          508           GLY            0.00           755    264      0     9.416     6.001     1.000     0.2420      0.0000      0.0000      0.0000
509     A         B          509           ARG            0.00           755    264      0     9.416     6.001     1.000     0.2154      0.0000      0.0000      0.0000
510     A         B          510           GLU            0.00           755    264      2     9.416     6.001     1.000     0.2781      0.4850      0.2767      0.0105
511     A         B          511           CYS            0.00           755    264     28     9.416     6.001     1.116     0.3339      0.5123      0.3000      0.0147
512     A         B          512           VAL            0.00           755    264     17     9.416     6.001     1.000     0.3149      0.5084      0.2964      0.0116
513     A         B          513           ASP            0.00           755    264      1     9.416     6.001     1.000     0.2558      0.4997      0.2886      0.0111
514     A         B          514           LYS            0.00           755    264      0     9.416     6.001     1.000     0.2256      0.0000      0.0000      0.0000
515     A         B          515           CYS            0.00           755    264      1     9.416     6.001     1.000     0.2611      0.4730      0.2672      0.0100
516     A         B          516           ASN            0.00           755    264      1     9.416     6.001     1.000     0.2531      0.4722      0.2666      0.0100
517     A         B          517           LEU            0.00           755    264      0     9.416     6.001     1.000     0.2311      0.0000      0.0000      0.0000
518     A         B          518           LEU            0.00           755    264      0     9.416     6.001     1.000     0.1944      0.0000      0.0000      0.0000
519     A         B          519           GLU            0.00           755    264      0     9.416     6.001     1.000     0.1544      0.0000      0.0000      0.0000
520     A         B          520           GLY            0.00           755    264      0     9.416     6.001     1.000     0.1652      0.0000      0.0000      0.0000
521     A         B          521           GLU            0.00           755    264      0     9.416     6.001     1.000     0.1352      0.0000      0.0000      0.0000
522     A         B          522           PRO            0.00           755    264      0     9.416     6.001     1.000     0.1661      0.0000      0.0000      0.0000
523     A         B          523           ARG            0.00           755    264      0     9.416     6.001     1.000     0.2333      0.0000      0.0000      0.0000
524     A         B          524           GLU            0.00           755    264      0     9.416     6.001     1.000     0.2531      0.0000      0.0000      0.0000
525     A         B          525           PHE            0.00           755    264      0     9.416     6.001     1.000     0.2642      0.0000      0.0000      0.0000
526     A         B          526           VAL            0.00           755    264      0     9.416     6.001     1.000     0.2463      0.0000      0.0000      0.0000
527     A         B          527           GLU            0.00           755    264      0     9.416     6.001     1.000     0.2060      0.0000      0.0000      0.0000
528     A         B          528           ASN            0.00           755    264      0     9.416     6.001     1.000     0.2065      0.0000      0.0000      0.0000
529     A         B          529           SER            0.00           755    264      0     9.416     6.001     1.000     0.2210      0.0000      0.0000      0.0000
530     A         B          530           GLU            0.00           755    264      0     9.416     6.001     1.000     0.2472      0.0000      0.0000      0.0000
531     A         B          531           CYS            0.00           755    264      4     9.416     6.001     1.000     0.2840      0.4927      0.2830      0.0108
532     A         B          532           ILE            0.00           755    264      1     9.416     6.001     1.000     0.2697      0.4875      0.2787      0.0106
533     A         B          533           GLN            0.00           755    264      1     9.416     6.001     1.000     0.2585      0.4708      0.2655      0.0099
534     A         B          534           CYS            0.00           755    264      0     9.416     6.001     1.000     0.2490      0.0000      0.0000      0.0000
535     A         B          535           HIS            0.00           755    264      0     9.416     6.001     1.000     0.2425      0.0000      0.0000      0.0000
536     A         B          536           PRO            0.00           755    264      0     9.416     6.001     1.000     0.2263      0.0000      0.0000      0.0000
537     A         B          537           GLU            0.00           755    264      0     9.416     6.001     1.000     0.2300      0.0000      0.0000      0.0000
538     A         B          538           CYS            0.00           755    264      0     9.416     6.001     1.000     0.2312      0.0000      0.0000      0.0000
539     A         B          539           LEU            0.00           755    264      0     9.416     6.001     1.000     0.2214      0.0000      0.0000      0.0000
540     A         B          540           PRO            0.00           755    264      0     9.416     6.001     1.000     0.2166      0.0000      0.0000      0.0000
541     A         B          541           GLN            0.00           755    264      0     9.416     6.001     1.000     0.2020      0.0000      0.0000      0.0000
542     A         B          542           ALA            0.00           755    264      0     9.416     6.001     1.000     0.1363      0.0000      0.0000      0.0000
543     A         B          543           MET            0.00           755    264      0     9.416     6.001     1.000     0.1341      0.0000      0.0000      0.0000
544     A         B          544           ASN            0.00           755    264      0     9.416     6.001     1.000     0.1843      0.0000      0.0000      0.0000
545     A         B          545           ILE            0.00           755    264      0     9.416     6.001     1.000     0.2066      0.0000      0.0000      0.0000
546     A         B          546           THR            0.00           755    264      0     9.416     6.001     1.000     0.2290      0.0000      0.0000      0.0000
547     A         B          547           CYS            0.00           755    264      0     9.416     6.001     1.000     0.2246      0.0000      0.0000      0.0000
548     A         B          548           THR            0.00           755    264      0     9.416     6.001     1.000     0.1997      0.0000      0.0000      0.0000
549     A         B          549           GLY            0.00           755    264      0     9.416     6.001     1.000     0.2024      0.0000      0.0000      0.0000
550     A         B          550           ARG            0.00           755    264      0     9.416     6.001     1.000     0.1893      0.0000      0.0000      0.0000
551     A         B          551           GLY            0.00           755    264      0     9.416     6.001     1.000     0.2057      0.0000      0.0000      0.0000
552     A         B          552           PRO            0.00           755    264      0     9.416     6.001     1.000     0.2146      0.0000      0.0000      0.0000
553     A         B          553           ASP            0.00           755    264      0     9.416     6.001     1.000     0.1910      0.0000      0.0000      0.0000
554     A         B          554           ASN            0.00           755    264      0     9.416     6.001     1.000     0.2173      0.0000      0.0000      0.0000
555     A         B          555           CYS            0.00           755    264      0     9.416     6.001     1.000     0.2271      0.0000      0.0000      0.0000
556     A         B          556           ILE            0.00           755    264      0     9.416     6.001     1.000     0.2288      0.0000      0.0000      0.0000
557     A         B          557           GLN            0.00           755    264      0     9.416     6.001     1.000     0.2168      0.0000      0.0000      0.0000
558     A         B          558           CYS            0.00           755    264      0     9.416     6.001     1.000     0.2131      0.0000      0.0000      0.0000
559     A         B          559           ALA            0.00           755    264      0     9.416     6.001     1.000     0.2039      0.0000      0.0000      0.0000
560     A         B          560           HIS            0.00           755    264      0     9.416     6.001     1.000     0.2109      0.0000      0.0000      0.0000
561     A         B          561           TYR            0.00           755    264      0     9.416     6.001     1.000     0.2065      0.0000      0.0000      0.0000
562     A         B          562           ILE            0.00           755    264      0     9.416     6.001     1.000     0.1861      0.0000      0.0000      0.0000
563     A         B          563           ASP            0.00           755    264      0     9.416     6.001     1.000     0.1801      0.0000      0.0000      0.0000
564     A         B          564           GLY            0.00           755    264      0     9.416     6.001     1.000     0.1653      0.0000      0.0000      0.0000
565     A         B          565           PRO            0.00           755    264      0     9.416     6.001     1.000     0.1613      0.0000      0.0000      0.0000
566     A         B          566           HIS            0.00           755    264      0     9.416     6.001     1.000     0.1751      0.0000      0.0000      0.0000
567     A         B          567           CYS            0.00           755    264      0     9.416     6.001     1.000     0.2047      0.0000      0.0000      0.0000
568     A         B          568           VAL            0.00           755    264      0     9.416     6.001     1.000     0.2023      0.0000      0.0000      0.0000
569     A         B          569           LYS            0.00           755    264      0     9.416     6.001     1.000     0.1920      0.0000      0.0000      0.0000
570     A         B          570           THR            0.00           755    264      0     9.416     6.001     1.000     0.1861      0.0000      0.0000      0.0000
571     A         B          571           CYS            0.00           755    264      0     9.416     6.001     1.000     0.1837      0.0000      0.0000      0.0000
572     A         B          572           PRO            0.00           755    264      0     9.416     6.001     1.000     0.1599      0.0000      0.0000      0.0000
573     A         B          573           ALA            0.00           755    264      0     9.416     6.001     1.000     0.1368      0.0000      0.0000      0.0000
574     A         B          574           GLY            0.00           755    264      0     9.416     6.001     1.000     0.1365      0.0000      0.0000      0.0000
575     A         B          575           VAL            0.00           755    264      0     9.416     6.001     1.000     0.1409      0.0000      0.0000      0.0000
576     A         B          576           MET            0.00           755    264      0     9.416     6.001     1.000     0.1319      0.0000      0.0000      0.0000
577     A         B          577           GLY            0.00           755    264      0     9.416     6.001     1.000     0.1212      0.0000      0.0000      0.0000
578     A         B          578           GLU            0.00           755    264      0     9.416     6.001     1.000     0.1098      0.0000      0.0000      0.0000
579     A         B          579           ASN            0.00           755    264      0     9.416     6.001     1.000     0.1068      0.0000      0.0000      0.0000
580     A         B          580           ASN            0.00           755    264      0     9.416     6.001     1.000     0.1133      0.0000      0.0000      0.0000
581     A         B          581           THR            0.00           755    264      0     9.416     6.001     1.000     0.1150      0.0000      0.0000      0.0000
582     A         B          582           LEU            0.00           755    264      0     9.416     6.001     1.000     0.1354      0.0000      0.0000      0.0000
583     A         B          583           VAL            0.00           755    264      0     9.416     6.001     1.000     0.1495      0.0000      0.0000      0.0000
584     A         B          584           TRP            0.00           755    264      0     9.416     6.001     1.000     0.1613      0.0000      0.0000      0.0000
585     A         B          585           LYS            0.00           755    264      0     9.416     6.001     1.000     0.1735      0.0000      0.0000      0.0000
586     A         B          586           TYR            0.00           755    264      0     9.416     6.001     1.000     0.1769      0.0000      0.0000      0.0000
587     A         B          587           ALA            0.00           755    264      0     9.416     6.001     1.000     0.1620      0.0000      0.0000      0.0000
588     A         B          588           ASP            0.00           755    264      0     9.416     6.001     1.000     0.1519      0.0000      0.0000      0.0000
589     A         B          589           ALA            0.00           755    264      0     9.416     6.001     1.000     0.1335      0.0000      0.0000      0.0000
590     A         B          590           GLY            0.00           755    264      0     9.416     6.001     1.000     0.1372      0.0000      0.0000      0.0000
591     A         B          591           HIS            0.00           755    264      0     9.416     6.001     1.000     0.1661      0.0000      0.0000      0.0000
592     A         B          592           VAL            0.00           755    264      0     9.416     6.001     1.000     0.1795      0.0000      0.0000      0.0000
593     A         B          593           CYS            0.00           755    264      0     9.416     6.001     1.000     0.1869      0.0000      0.0000      0.0000
594     A         B          594           HIS            0.00           755    264      0     9.416     6.001     1.000     0.1775      0.0000      0.0000      0.0000
595     A         B          595           LEU            0.00           755    264      0     9.416     6.001     1.000     0.1629      0.0000      0.0000      0.0000
596     A         B          596           CYS            0.00           755    264      0     9.416     6.001     1.000     0.1541      0.0000      0.0000      0.0000
597     A         B          597           HIS            0.00           755    264      0     9.416     6.001     1.000     0.1424      0.0000      0.0000      0.0000
598     A         B          598           PRO            0.00           755    264      0     9.416     6.001     1.000     0.1252      0.0000      0.0000      0.0000
599     A         B          599           ASN            0.00           755    264      0     9.416     6.001     1.000     0.1192      0.0000      0.0000      0.0000
600     A         B          600           CYS            0.00           755    264      0     9.416     6.001     1.000     0.1170      0.0000      0.0000      0.0000
601     A         B          601           THR            0.00           755    264      0     9.416     6.001     1.000     0.1078      0.0000      0.0000      0.0000
602     A         B          602           TYR            0.00           755    264      0     9.416     6.001     1.000     0.1132      0.0000      0.0000      0.0000
603     A         B          603           GLY            0.00           755    264      0     9.416     6.001     1.000     0.1163      0.0000      0.0000      0.0000
604     A         B          604           CYS            0.00           755    264      0     9.416     6.001     1.000     0.1284      0.0000      0.0000      0.0000
605     A         B          605           THR            0.00           755    264      0     9.416     6.001     1.000     0.1258      0.0000      0.0000      0.0000
606     A         B          606           GLY            0.00           755    264      0     9.416     6.001     1.000     0.1249      0.0000      0.0000      0.0000
607     A         B          607           PRO            0.00           755    264      0     9.416     6.001     1.000     0.1143      0.0000      0.0000      0.0000
608     A         B          608           GLY            0.00           755    264      0     9.416     6.001     1.000     0.1101      0.0000      0.0000      0.0000
609     A         B          609           LEU            0.00           755    264      0     9.416     6.001     1.000     0.1125      0.0000      0.0000      0.0000
610     A         B          610           GLU            0.00           755    264      0     9.416     6.001     1.000     0.1044      0.0000      0.0000      0.0000
611     A         B          611           GLY            0.00           755    264      0     9.416     6.001     1.000     0.1066      0.0000      0.0000      0.0000
612     A         B          612           CYS            0.00           755    264      0     9.416     6.001     1.000     0.1046      0.0000      0.0000      0.0000
613     A         B          613           PRO            0.00           755    264      0     9.416     6.001     1.000     0.0966      0.0000      0.0000      0.0000
614     A         B          614           THR            0.00           755    264      0     9.416     6.001     1.000     0.0865      0.0000      0.0000      0.0000
615     A         B          615           ASN            0.00           755    264      0     9.416     6.001     1.000     0.0836      0.0000      0.0000      0.0000
616     A         B          616           GLY            0.00           755    264      0     9.416     6.001     1.000     0.0834      0.0000      0.0000      0.0000
617     A         B          617           PRO            0.00           755    264      0     9.416     6.001     1.000     0.0827      0.0000      0.0000      0.0000
618     A         B          618           LYS            0.00           755    264      0     9.416     6.001     1.000     0.0821      0.0000      0.0000      0.0000
619     A         B          619           ILE            0.00           755    264      0     9.416     6.001     1.000     0.0822      0.0000      0.0000      0.0000
620     A         B          620           PRO            0.00           755    264      0     9.416     6.001     1.000     0.0820      0.0000      0.0000      0.0000
621     A         B          621           SER            0.00           755    264      0     9.416     6.001     1.000     0.0815      0.0000      0.0000      0.0000
622     B         A            1           GLU            0.00           755    233      0     9.416     5.663     1.000     0.1058      0.0000      0.0000      0.0000
623     B         A            2           CYS            0.00           755    233      5     9.416     5.663     1.000     0.1706      0.5417      0.3039      0.0138
624     B         A            3           PRO            0.00           755    233     11     9.416     5.663     1.000     0.1958      0.5445      0.3053      0.0138
625     B         A            4           LEU            0.00           755    233     12     9.416     5.663     1.000     0.1943      0.5631      0.3218      0.0149
626     B         A            5           SER            0.00           755    233     22     9.416     5.663     1.000     0.2028      0.5560      0.3157      0.0145
627     B         A            6           HIS            0.00           755    233     28     9.416     5.663     1.116     0.2217      0.5747      0.3348      0.0201
628     B         A            7           ASP            0.00           755    233     36     9.416     5.663     1.621     0.2222      0.5678      0.3279      0.0399
629     B         A            8           GLY            0.00           755    233     57     9.416     5.663     2.510     0.2389      0.5688      0.3286      0.0903
630     B         A            9           TYR            0.00           755    233    138     9.416     5.663     4.367     0.2819      0.5503      0.3119      0.2144
631     B         A           10           CYS            0.00           755    233    129     9.416     5.663     4.213     0.2814      0.5442      0.3056      0.1974
632     B         A           11           LEU            0.00           755    233    140     9.416     5.663     4.400     0.2894      0.5727      0.3322      0.2331
633     B         A           12           HIS            0.00           755    233    129     9.416     5.663     4.213     0.2786      0.5703      0.3304      0.2169
634     B         A           13           ASP            0.00           755    233    110     9.416     5.663     3.858     0.2655      0.5624      0.3225      0.1832
635     B         A           14           GLY            0.00           755    233     79     9.416     5.663     3.160     0.2584      0.5518      0.3134      0.1269
636     B         A           15           VAL            0.00           755    233     74     9.416     5.663     3.027     0.2520      0.5443      0.3049      0.1128
637     B         A           16           CYS            0.00           755    233     56     9.416     5.663     2.476     0.2425      0.5389      0.3005      0.0772
638     B         A           17           MET            0.00           755    233     21     9.416     5.663     1.000     0.2018      0.5346      0.2952      0.0130
639     B         A           18           TYR            0.00           755    233      6     9.416     5.663     1.000     0.1765      0.5045      0.2704      0.0115
640     B         A           19           ILE            0.00           755    233      2     9.416     5.663     1.000     0.1536      0.5074      0.2724      0.0116
641     B         A           20           GLU            0.00           755    233      0     9.416     5.663     1.000     0.1177      0.0000      0.0000      0.0000
642     B         A           21           SER            0.00           755    233      0     9.416     5.663     1.000     0.0997      0.0000      0.0000      0.0000
643     B         A           22           LEU            0.00           755    233      0     9.416     5.663     1.000     0.0978      0.0000      0.0000      0.0000
644     B         A           23           SER            0.00           755    233      0     9.416     5.663     1.000     0.1179      0.0000      0.0000      0.0000
645     B         A           24           GLU            0.00           755    233      0     9.416     5.663     1.000     0.1323      0.0000      0.0000      0.0000
646     B         A           25           GLU            0.00           755    233      0     9.416     5.663     1.000     0.1364      0.0000      0.0000      0.0000
647     B         A           26           GLU            0.00           755    233      0     9.416     5.663     1.000     0.1379      0.0000      0.0000      0.0000
648     B         A           27           GLN            0.00           755    233      0     9.416     5.663     1.000     0.1450      0.0000      0.0000      0.0000
649     B         A           28           LYS            0.00           755    233      0     9.416     5.663     1.000     0.1470      0.0000      0.0000      0.0000
650     B         A           29           LYS            0.00           755    233      0     9.416     5.663     1.000     0.1467      0.0000      0.0000      0.0000
651     B         A           30           ASN            0.00           755    233      0     9.416     5.663     1.000     0.1523      0.0000      0.0000      0.0000
652     B         A           31           LEU            0.00           755    233      0     9.416     5.663     1.000     0.1569      0.0000      0.0000      0.0000
653     B         A           32           ILE            0.00           755    233      0     9.416     5.663     1.000     0.1532      0.0000      0.0000      0.0000
654     B         A           33           LYS            0.00           755    233      0     9.416     5.663     1.000     0.1474      0.0000      0.0000      0.0000
655     B         A           34           THR            0.00           755    233      1     9.416     5.663     1.000     0.1581      0.5282      0.2882      0.0125
656     B         A           35           LEU            0.00           755    233      1     9.416     5.663     1.000     0.1569      0.4755      0.2469      0.0101
657     B         A           36           LYS            0.00           755    233      0     9.416     5.663     1.000     0.1519      0.0000      0.0000      0.0000
658     B         A           37           THR            0.00           755    233      0     9.416     5.663     1.000     0.1452      0.0000      0.0000      0.0000
659     B         A           38           HIS            0.00           755    233      1     9.416     5.663     1.000     0.1529      0.5164      0.2787      0.0119
660     B         A           39           ALA            0.00           755    233      0     9.416     5.663     1.000     0.1560      0.0000      0.0000      0.0000
661     B         A           40           GLU            0.00           755    233      0     9.416     5.663     1.000     0.1507      0.0000      0.0000      0.0000
662     B         A           41           ASN            0.00           755    233      1     9.416     5.663     1.000     0.1622      0.5449      0.3022      0.0133
663     B         A           42           ILE            0.00           755    233      1     9.416     5.663     1.000     0.1604      0.4913      0.2589      0.0108
664     B         A           43           LYS            0.00           755    233      0     9.416     5.663     1.000     0.1572      0.0000      0.0000      0.0000
665     B         A           44           ARG            0.00           755    233      0     9.416     5.663     1.000     0.1517      0.0000      0.0000      0.0000
666     B         A           45           ALA            0.00           755    233      0     9.416     5.663     1.000     0.1569      0.0000      0.0000      0.0000
667     B         A           46           LEU            0.00           755    233      0     9.416     5.663     1.000     0.1531      0.0000      0.0000      0.0000
668     B         A           47           GLU            0.00           755    233      0     9.416     5.663     1.000     0.1460      0.0000      0.0000      0.0000
669     B         A           48           LYS            0.00           755    233      0     9.416     5.663     1.000     0.1426      0.0000      0.0000      0.0000
670     B         A           49           LEU            0.00           755    233      0     9.416     5.663     1.000     0.1406      0.0000      0.0000      0.0000
671     B         A           50           VAL            0.00           755    233      0     9.416     5.663     1.000     0.1343      0.0000      0.0000      0.0000
672     B         A           51           THR            0.00           755    233      0     9.416     5.663     1.000     0.1345      0.0000      0.0000      0.0000
673     B         A           52           PRO            0.00           755    233      0     9.416     5.663     1.000     0.1353      0.0000      0.0000      0.0000
674     B         A           53           GLU            0.00           755    233      0     9.416     5.663     1.000     0.1373      0.0000      0.0000      0.0000
675     B         A           54           GLU            0.00           755    233      0     9.416     5.663     1.000     0.1406      0.0000      0.0000      0.0000
676     B         A           55           ALA            0.00           755    233      0     9.416     5.663     1.000     0.1431      0.0000      0.0000      0.0000
677     B         A           56           LYS            0.00           755    233      0     9.416     5.663     1.000     0.1460      0.0000      0.0000      0.0000
678     B         A           57           GLU            0.00           755    233      0     9.416     5.663     1.000     0.1442      0.0000      0.0000      0.0000
679     B         A           58           ALA            0.00           755    233      0     9.416     5.663     1.000     0.1487      0.0000      0.0000      0.0000
680     B         A           59           ASN            0.00           755    233      0     9.416     5.663     1.000     0.1505      0.0000      0.0000      0.0000
681     B         A           60           LYS            0.00           755    233      0     9.416     5.663     1.000     0.1513      0.0000      0.0000      0.0000
682     B         A           61           PHE            0.00           755    233      0     9.416     5.663     1.000     0.1523      0.0000      0.0000      0.0000
683     B         A           62           ILE            0.00           755    233      0     9.416     5.663     1.000     0.1536      0.0000      0.0000      0.0000
684     B         A           63           ASP            0.00           755    233      0     9.416     5.663     1.000     0.1505      0.0000      0.0000      0.0000
685     B         A           64           GLU            0.00           755    233      0     9.416     5.663     1.000     0.1484      0.0000      0.0000      0.0000
686     B         A           65           ILE            0.00           755    233      0     9.416     5.663     1.000     0.1437      0.0000      0.0000      0.0000
687     B         A           66           LYS            0.00           755    233      0     9.416     5.663     1.000     0.1461      0.0000      0.0000      0.0000
688     B         A           67           GLU            0.00           755    233      0     9.416     5.663     1.000     0.1460      0.0000      0.0000      0.0000
689     B         A           68           LEU            0.00           755    233      0     9.416     5.663     1.000     0.1466      0.0000      0.0000      0.0000
690     B         A           69           LEU            0.00           755    233      0     9.416     5.663     1.000     0.1435      0.0000      0.0000      0.0000
691     B         A           70           ASP            0.00           755    233      0     9.416     5.663     1.000     0.1333      0.0000      0.0000      0.0000
692     B         A           71           ASP            0.00           755    233      0     9.416     5.663     1.000     0.1354      0.0000      0.0000      0.0000
693     B         A           72           PRO            0.00           755    233      0     9.416     5.663     1.000     0.1305      0.0000      0.0000      0.0000
694     B         A           73           SER            0.00           755    233      0     9.416     5.663     1.000     0.1312      0.0000      0.0000      0.0000
695     B         A           74           LYS            0.00           755    233      0     9.416     5.663     1.000     0.1368      0.0000      0.0000      0.0000
696     B         A           75           GLU            0.00           755    233      0     9.416     5.663     1.000     0.1411      0.0000      0.0000      0.0000
697     B         A           76           GLU            0.00           755    233      0     9.416     5.663     1.000     0.1391      0.0000      0.0000      0.0000
698     B         A           77           GLU            0.00           755    233      0     9.416     5.663     1.000     0.1422      0.0000      0.0000      0.0000
699     B         A           78           VAL            0.00           755    233      0     9.416     5.663     1.000     0.1434      0.0000      0.0000      0.0000
700     B         A           79           LEU            0.00           755    233      0     9.416     5.663     1.000     0.1454      0.0000      0.0000      0.0000
701     B         A           80           GLU            0.00           755    233      0     9.416     5.663     1.000     0.1418      0.0000      0.0000      0.0000
702     B         A           81           LEU            0.00           755    233      0     9.416     5.663     1.000     0.1462      0.0000      0.0000      0.0000
703     B         A           82           VAL            0.00           755    233      0     9.416     5.663     1.000     0.1432      0.0000      0.0000      0.0000
704     B         A           83           GLU            0.00           755    233      0     9.416     5.663     1.000     0.1358      0.0000      0.0000      0.0000
705     B         A           84           ASN            0.00           755    233      0     9.416     5.663     1.000     0.1290      0.0000      0.0000      0.0000
706     B         A           85           ASN            0.00           755    233      0     9.416     5.663     1.000     0.1217      0.0000      0.0000      0.0000
707     B         A           86           LYS            0.00           755    233      0     9.416     5.663     1.000     0.1159      0.0000      0.0000      0.0000
708     B         A           87           LEU            0.00           755    233      0     9.416     5.663     1.000     0.1296      0.0000      0.0000      0.0000
709     B         A           88           PRO            0.00           755    233      0     9.416     5.663     1.000     0.1326      0.0000      0.0000      0.0000
710     B         A           89           VAL            0.00           755    233      0     9.416     5.663     1.000     0.1365      0.0000      0.0000      0.0000
711     B         A           90           VAL            0.00           755    233      0     9.416     5.663     1.000     0.1417      0.0000      0.0000      0.0000
712     B         A           91           LYS            0.00           755    233      0     9.416     5.663     1.000     0.1408      0.0000      0.0000      0.0000
713     B         A           92           GLU            0.00           755    233      0     9.416     5.663     1.000     0.1407      0.0000      0.0000      0.0000
714     B         A           93           TYR            0.00           755    233      0     9.416     5.663     1.000     0.1511      0.0000      0.0000      0.0000
715     B         A           94           PHE            0.00           755    233      0     9.416     5.663     1.000     0.1500      0.0000      0.0000      0.0000
716     B         A           95           LYS            0.00           755    233      0     9.416     5.663     1.000     0.1437      0.0000      0.0000      0.0000
717     B         A           96           LYS            0.00           755    233      0     9.416     5.663     1.000     0.1423      0.0000      0.0000      0.0000
718     B         A           97           LEU            0.00           755    233      0     9.416     5.663     1.000     0.1456      0.0000      0.0000      0.0000
719     B         A           98           SER            0.00           755    233      0     9.416     5.663     1.000     0.1412      0.0000      0.0000      0.0000
720     B         A           99           GLY            0.00           755    233      0     9.416     5.663     1.000     0.1496      0.0000      0.0000      0.0000
721     B         A          100           LYS            0.00           755    233      1     9.416     5.663     1.000     0.1583      0.5027      0.2678      0.0113
722     B         A          101           TYR            0.00           755    233      8     9.416     5.663     1.000     0.1837      0.5078      0.2726      0.0116
723     B         A          102           ALA            0.00           755    233     15     9.416     5.663     1.000     0.2100      0.5220      0.2844      0.0123
724     B         A          103           CYS            0.00           755    233     65     9.416     5.663     2.768     0.2524      0.5355      0.2968      0.0926
725     B         A          104           ASN            0.00           755    233     74     9.416     5.663     3.027     0.2575      0.5421      0.3022      0.1111
726     B         A          105           CYS            0.00           755    233     83     9.416     5.663     3.261     0.2598      0.5287      0.2907      0.1205
727     B         A          106           VAL            0.00           755    233     75     9.416     5.663     3.054     0.2559      0.5414      0.3017      0.1126
728     B         A          107           VAL            0.00           755    233     54     9.416     5.663     2.405     0.2374      0.5339      0.2948      0.0707
729     B         A          108           GLY            0.00           755    233     92     9.416     5.663     3.475     0.2594      0.5620      0.3211      0.1530
730     B         A          109           TYR            0.00           755    233    141     9.416     5.663     4.416     0.2833      0.5665      0.3259      0.2291
731     B         A          110           ILE            0.00           755    233     65     9.416     5.663     2.768     0.2467      0.5456      0.3058      0.0964
732     B         A          111           GLY            0.00           755    233      3     9.416     5.663     1.000     0.1600      0.4838      0.2533      0.0105
733     B         A          112           SER            0.00           755    233      0     9.416     5.663     1.000     0.1097      0.0000      0.0000      0.0000
734     B         A          113           HIS            0.00           755    233      0     9.416     5.663     1.000     0.1070      0.0000      0.0000      0.0000
735     B         A          114           PRO            0.00           755    233      0     9.416     5.663     1.000     0.1043      0.0000      0.0000      0.0000
736     B         A          115           ALA            0.00           755    233      0     9.416     5.663     1.000     0.1046      0.0000      0.0000      0.0000
737     B         A          116           ALA            0.00           755    233      0     9.416     5.663     1.000     0.1011      0.0000      0.0000      0.0000
738     B         A          117           GLN            0.00           755    233      0     9.416     5.663     1.000     0.1013      0.0000      0.0000      0.0000
739     B         A          118           THR            0.00           755    233      0     9.416     5.663     1.000     0.1017      0.0000      0.0000      0.0000
740     B         A          119           GLN            0.00           755    233      0     9.416     5.663     1.000     0.0990      0.0000      0.0000      0.0000
741     B         A          120           SER            0.00           755    233      0     9.416     5.663     1.000     0.1014      0.0000      0.0000      0.0000
742     B         A          121           SER            0.00           755    233      0     9.416     5.663     1.000     0.1028      0.0000      0.0000      0.0000
743     B         A          122           GLY            0.00           755    233      0     9.416     5.663     1.000     0.1117      0.0000      0.0000      0.0000
744     B         A          123           GLY            0.00           755    233      2     9.416     5.663     1.000     0.1341      0.5423      0.3000      0.0132
745     B         A          124           ARG            0.00           755    233    149     9.416     5.663     4.545     0.2813      0.5693      0.3294      0.2424
746     B         A          125           CYS            0.00           755    233    167     9.416     5.663     4.818     0.2972      0.5749      0.3344      0.2682
747     B         A          126           GLN            0.00           755    233    175     9.416     5.663     4.932     0.3040      0.5894      0.3481      0.2898
748     B         A          127           TYR            0.00           755    233    190     9.416     5.663     5.136     0.3145      0.5976      0.3571      0.3150
749     B         A          128           ARG            0.00           755    233    157     9.416     5.663     4.669     0.2937      0.5883      0.3475      0.2679
750     B         A          129           ASP            0.00           755    233     50     9.416     5.663     2.256     0.2228      0.5771      0.3349      0.0757
751     B         A          130           LEU            0.00           755    233      9     9.416     5.663     1.000     0.1612      0.5130      0.2765      0.0118
752     B         A          131           LYS            0.00           755    233      0     9.416     5.663     1.000     0.1238      0.0000      0.0000      0.0000
753     B         A          132           TRP            0.00           755    233      0     9.416     5.663     1.000     0.1082      0.0000      0.0000      0.0000
754     B         A          133           TRP            0.00           755    233      0     9.416     5.663     1.000     0.1074      0.0000      0.0000      0.0000
755     B         A          134           GLU            0.00           755    233      0     9.416     5.663     1.000     0.1093      0.0000      0.0000      0.0000
