i   AlignChn ScoredChain  AlignResNum  AlignResType  AlignRespLDDT      n0chn  n0dom  n0res    d0chn     d0dom     d0res   ipTM_pae  ipSAE_d0chn ipSAE_d0dom    ipSAE 
1       A         B            1           LEU            0.00           748      0      0     9.380     1.000     1.000     0.0851      0.0000      0.0000      0.0000
2       A         B            2           GLU            0.00           748      0      0     9.380     1.000     1.000     0.0873      0.0000      0.0000      0.0000
3       A         B            3           GLU            0.00           748      0      0     9.380     1.000     1.000     0.0905      0.0000      0.0000      0.0000
4       A         B            4           LYS            0.00           748      0      0     9.380     1.000     1.000     0.0929      0.0000      0.0000      0.0000
5       A         B            5           LYS            0.00           748      0      0     9.380     1.000     1.000     0.0948      0.0000      0.0000      0.0000
6       A         B            6           VAL            0.00           748      0      0     9.380     1.000     1.000     0.0967      0.0000      0.0000      0.0000
7       A         B            7           CYS            0.00           748      0      0     9.380     1.000     1.000     0.0951      0.0000      0.0000      0.0000
8       A         B            8           GLN            0.00           748      0      0     9.380     1.000     1.000     0.0962      0.0000      0.0000      0.0000
9       A         B            9           GLY            0.00           748      0      0     9.380     1.000     1.000     0.0960      0.0000      0.0000      0.0000
10      A         B           10           THR            0.00           748      0      0     9.380     1.000     1.000     0.0948      0.0000      0.0000      0.0000
11      A         B           11           SER            0.00           748      0      0     9.380     1.000     1.000     0.0949      0.0000      0.0000      0.0000
12      A         B           12           ASN            0.00           748      0      0     9.380     1.000     1.000     0.0947      0.0000      0.0000      0.0000
13      A         B           13           LYS            0.00           748      0      0     9.380     1.000     1.000     0.0940      0.0000      0.0000      0.0000
14      A         B           14           LEU            0.00           748      0      0     9.380     1.000     1.000     0.0943      0.0000      0.0000      0.0000
15      A         B           15           THR            0.00           748      0      0     9.380     1.000     1.000     0.0940      0.0000      0.0000      0.0000
16      A         B           16           GLN            0.00           748      0      0     9.380     1.000     1.000     0.0949      0.0000      0.0000      0.0000
17      A         B           17           LEU            0.00           748      0      0     9.380     1.000     1.000     0.0963      0.0000      0.0000      0.0000
18      A         B           18           GLY            0.00           748      0      0     9.380     1.000     1.000     0.0956      0.0000      0.0000      0.0000
19      A         B           19           THR            0.00           748      0      0     9.380     1.000     1.000     0.0960      0.0000      0.0000      0.0000
20      A         B           20           PHE            0.00           748      0      0     9.380     1.000     1.000     0.0950      0.0000      0.0000      0.0000
21      A         B           21           GLU            0.00           748      0      0     9.380     1.000     1.000     0.0963      0.0000      0.0000      0.0000
22      A         B           22           ASP            0.00           748      0      0     9.380     1.000     1.000     0.0949      0.0000      0.0000      0.0000
23      A         B           23           HIS            0.00           748      0      0     9.380     1.000     1.000     0.0957      0.0000      0.0000      0.0000
24      A         B           24           PHE            0.00           748      0      0     9.380     1.000     1.000     0.0953      0.0000      0.0000      0.0000
25      A         B           25           LEU            0.00           748      0      0     9.380     1.000     1.000     0.0946      0.0000      0.0000      0.0000
26      A         B           26           SER            0.00           748      0      0     9.380     1.000     1.000     0.0953      0.0000      0.0000      0.0000
27      A         B           27           LEU            0.00           748      0      0     9.380     1.000     1.000     0.0954      0.0000      0.0000      0.0000
28      A         B           28           GLN            0.00           748      0      0     9.380     1.000     1.000     0.0958      0.0000      0.0000      0.0000
29      A         B           29           ARG            0.00           748      0      0     9.380     1.000     1.000     0.0949      0.0000      0.0000      0.0000
30      A         B           30           MET            0.00           748      0      0     9.380     1.000     1.000     0.0956      0.0000      0.0000      0.0000
31      A         B           31           PHE            0.00           748      0      0     9.380     1.000     1.000     0.0952      0.0000      0.0000      0.0000
32      A         B           32           ASN            0.00           748      0      0     9.380     1.000     1.000     0.0956      0.0000      0.0000      0.0000
33      A         B           33           ASN            0.00           748      0      0     9.380     1.000     1.000     0.0952      0.0000      0.0000      0.0000
34      A         B           34           CYS            0.00           748      0      0     9.380     1.000     1.000     0.0954      0.0000      0.0000      0.0000
35      A         B           35           GLU            0.00           748      0      0     9.380     1.000     1.000     0.0957      0.0000      0.0000      0.0000
36      A         B           36           VAL            0.00           748      0      0     9.380     1.000     1.000     0.0955      0.0000      0.0000      0.0000
37      A         B           37           VAL            0.00           748      0      0     9.380     1.000     1.000     0.0945      0.0000      0.0000      0.0000
38      A         B           38           LEU            0.00           748      0      0     9.380     1.000     1.000     0.0949      0.0000      0.0000      0.0000
39      A         B           39           GLY            0.00           748      0      0     9.380     1.000     1.000     0.0939      0.0000      0.0000      0.0000
40      A         B           40           ASN            0.00           748      0      0     9.380     1.000     1.000     0.0932      0.0000      0.0000      0.0000
41      A         B           41           LEU            0.00           748      0      0     9.380     1.000     1.000     0.0941      0.0000      0.0000      0.0000
42      A         B           42           GLU            0.00           748      0      0     9.380     1.000     1.000     0.0936      0.0000      0.0000      0.0000
43      A         B           43           ILE            0.00           748      0      0     9.380     1.000     1.000     0.0936      0.0000      0.0000      0.0000
44      A         B           44           THR            0.00           748      0      0     9.380     1.000     1.000     0.0942      0.0000      0.0000      0.0000
45      A         B           45           TYR            0.00           748      0      0     9.380     1.000     1.000     0.0939      0.0000      0.0000      0.0000
46      A         B           46           VAL            0.00           748      0      0     9.380     1.000     1.000     0.0942      0.0000      0.0000      0.0000
47      A         B           47           GLN            0.00           748      0      0     9.380     1.000     1.000     0.0944      0.0000      0.0000      0.0000
48      A         B           48           ARG            0.00           748      0      0     9.380     1.000     1.000     0.0935      0.0000      0.0000      0.0000
49      A         B           49           ASN            0.00           748      0      0     9.380     1.000     1.000     0.0946      0.0000      0.0000      0.0000
50      A         B           50           TYR            0.00           748      0      0     9.380     1.000     1.000     0.0945      0.0000      0.0000      0.0000
51      A         B           51           ASP            0.00           748      0      0     9.380     1.000     1.000     0.0953      0.0000      0.0000      0.0000
52      A         B           52           LEU            0.00           748      0      0     9.380     1.000     1.000     0.0944      0.0000      0.0000      0.0000
53      A         B           53           SER            0.00           748      0      0     9.380     1.000     1.000     0.0962      0.0000      0.0000      0.0000
54      A         B           54           PHE            0.00           748      0      0     9.380     1.000     1.000     0.0950      0.0000      0.0000      0.0000
55      A         B           55           LEU            0.00           748      0      0     9.380     1.000     1.000     0.0944      0.0000      0.0000      0.0000
56      A         B           56           LYS            0.00           748      0      0     9.380     1.000     1.000     0.0955      0.0000      0.0000      0.0000
57      A         B           57           THR            0.00           748      0      0     9.380     1.000     1.000     0.0963      0.0000      0.0000      0.0000
58      A         B           58           ILE            0.00           748      0      0     9.380     1.000     1.000     0.0948      0.0000      0.0000      0.0000
59      A         B           59           GLN            0.00           748      0      0     9.380     1.000     1.000     0.0951      0.0000      0.0000      0.0000
60      A         B           60           GLU            0.00           748      0      0     9.380     1.000     1.000     0.0951      0.0000      0.0000      0.0000
61      A         B           61           VAL            0.00           748      0      0     9.380     1.000     1.000     0.0942      0.0000      0.0000      0.0000
62      A         B           62           ALA            0.00           748      0      0     9.380     1.000     1.000     0.0946      0.0000      0.0000      0.0000
63      A         B           63           GLY            0.00           748      0      0     9.380     1.000     1.000     0.0940      0.0000      0.0000      0.0000
64      A         B           64           TYR            0.00           748      0      0     9.380     1.000     1.000     0.0936      0.0000      0.0000      0.0000
65      A         B           65           VAL            0.00           748      0      0     9.380     1.000     1.000     0.0940      0.0000      0.0000      0.0000
66      A         B           66           LEU            0.00           748      0      0     9.380     1.000     1.000     0.0936      0.0000      0.0000      0.0000
67      A         B           67           ILE            0.00           748      0      0     9.380     1.000     1.000     0.0938      0.0000      0.0000      0.0000
68      A         B           68           ALA            0.00           748      0      0     9.380     1.000     1.000     0.0942      0.0000      0.0000      0.0000
69      A         B           69           LEU            0.00           748      0      0     9.380     1.000     1.000     0.0936      0.0000      0.0000      0.0000
70      A         B           70           ASN            0.00           748      0      0     9.380     1.000     1.000     0.0942      0.0000      0.0000      0.0000
71      A         B           71           THR            0.00           748      0      0     9.380     1.000     1.000     0.0943      0.0000      0.0000      0.0000
72      A         B           72           VAL            0.00           748      0      0     9.380     1.000     1.000     0.0938      0.0000      0.0000      0.0000
73      A         B           73           GLU            0.00           748      0      0     9.380     1.000     1.000     0.0936      0.0000      0.0000      0.0000
74      A         B           74           ARG            0.00           748      0      0     9.380     1.000     1.000     0.0938      0.0000      0.0000      0.0000
75      A         B           75           ILE            0.00           748      0      0     9.380     1.000     1.000     0.0938      0.0000      0.0000      0.0000
76      A         B           76           PRO            0.00           748      0      0     9.380     1.000     1.000     0.0952      0.0000      0.0000      0.0000
77      A         B           77           LEU            0.00           748      0      0     9.380     1.000     1.000     0.0942      0.0000      0.0000      0.0000
78      A         B           78           GLU            0.00           748      0      0     9.380     1.000     1.000     0.0946      0.0000      0.0000      0.0000
79      A         B           79           ASN            0.00           748      0      0     9.380     1.000     1.000     0.0949      0.0000      0.0000      0.0000
80      A         B           80           LEU            0.00           748      0      0     9.380     1.000     1.000     0.0943      0.0000      0.0000      0.0000
81      A         B           81           GLN            0.00           748      0      0     9.380     1.000     1.000     0.0946      0.0000      0.0000      0.0000
82      A         B           82           ILE            0.00           748      0      0     9.380     1.000     1.000     0.0945      0.0000      0.0000      0.0000
83      A         B           83           ILE            0.00           748      0      0     9.380     1.000     1.000     0.0940      0.0000      0.0000      0.0000
84      A         B           84           ARG            0.00           748      0      0     9.380     1.000     1.000     0.0943      0.0000      0.0000      0.0000
85      A         B           85           GLY            0.00           748      0      0     9.380     1.000     1.000     0.0932      0.0000      0.0000      0.0000
86      A         B           86           ASN            0.00           748      0      0     9.380     1.000     1.000     0.0948      0.0000      0.0000      0.0000
87      A         B           87           MET            0.00           748      0      0     9.380     1.000     1.000     0.0938      0.0000      0.0000      0.0000
88      A         B           88           TYR            0.00           748      0      0     9.380     1.000     1.000     0.0932      0.0000      0.0000      0.0000
89      A         B           89           TYR            0.00           748      0      0     9.380     1.000     1.000     0.0930      0.0000      0.0000      0.0000
90      A         B           90           GLU            0.00           748      0      0     9.380     1.000     1.000     0.0935      0.0000      0.0000      0.0000
91      A         B           91           ASN            0.00           748      0      0     9.380     1.000     1.000     0.0940      0.0000      0.0000      0.0000
92      A         B           92           SER            0.00           748      0      0     9.380     1.000     1.000     0.0943      0.0000      0.0000      0.0000
93      A         B           93           TYR            0.00           748      0      0     9.380     1.000     1.000     0.0940      0.0000      0.0000      0.0000
94      A         B           94           ALA            0.00           748      0      0     9.380     1.000     1.000     0.0940      0.0000      0.0000      0.0000
95      A         B           95           LEU            0.00           748      0      0     9.380     1.000     1.000     0.0947      0.0000      0.0000      0.0000
96      A         B           96           ALA            0.00           748      0      0     9.380     1.000     1.000     0.0940      0.0000      0.0000      0.0000
97      A         B           97           VAL            0.00           748      0      0     9.380     1.000     1.000     0.0946      0.0000      0.0000      0.0000
98      A         B           98           LEU            0.00           748      0      0     9.380     1.000     1.000     0.0945      0.0000      0.0000      0.0000
99      A         B           99           SER            0.00           748      0      0     9.380     1.000     1.000     0.0939      0.0000      0.0000      0.0000
100     A         B          100           ASN            0.00           748      0      0     9.380     1.000     1.000     0.0945      0.0000      0.0000      0.0000
101     A         B          101           TYR            0.00           748      0      0     9.380     1.000     1.000     0.0938      0.0000      0.0000      0.0000
102     A         B          102           ASP            0.00           748      0      0     9.380     1.000     1.000     0.0933      0.0000      0.0000      0.0000
103     A         B          103           ALA            0.00           748      0      0     9.380     1.000     1.000     0.0923      0.0000      0.0000      0.0000
104     A         B          104           ASN            0.00           748      0      0     9.380     1.000     1.000     0.0926      0.0000      0.0000      0.0000
105     A         B          105           LYS            0.00           748      0      0     9.380     1.000     1.000     0.0917      0.0000      0.0000      0.0000
106     A         B          106           THR            0.00           748      0      0     9.380     1.000     1.000     0.0927      0.0000      0.0000      0.0000
107     A         B          107           GLY            0.00           748      0      0     9.380     1.000     1.000     0.0924      0.0000      0.0000      0.0000
108     A         B          108           LEU            0.00           748      0      0     9.380     1.000     1.000     0.0929      0.0000      0.0000      0.0000
109     A         B          109           LYS            0.00           748      0      0     9.380     1.000     1.000     0.0934      0.0000      0.0000      0.0000
110     A         B          110           GLU            0.00           748      0      0     9.380     1.000     1.000     0.0937      0.0000      0.0000      0.0000
111     A         B          111           LEU            0.00           748      0      0     9.380     1.000     1.000     0.0937      0.0000      0.0000      0.0000
112     A         B          112           PRO            0.00           748      0      0     9.380     1.000     1.000     0.0942      0.0000      0.0000      0.0000
113     A         B          113           MET            0.00           748      0      0     9.380     1.000     1.000     0.0939      0.0000      0.0000      0.0000
114     A         B          114           ARG            0.00           748      0      0     9.380     1.000     1.000     0.0938      0.0000      0.0000      0.0000
115     A         B          115           ASN            0.00           748      0      0     9.380     1.000     1.000     0.0949      0.0000      0.0000      0.0000
116     A         B          116           LEU            0.00           748      0      0     9.380     1.000     1.000     0.0942      0.0000      0.0000      0.0000
117     A         B          117           GLN            0.00           748      0      0     9.380     1.000     1.000     0.0946      0.0000      0.0000      0.0000
118     A         B          118           GLU            0.00           748      0      0     9.380     1.000     1.000     0.0944      0.0000      0.0000      0.0000
119     A         B          119           ILE            0.00           748      0      0     9.380     1.000     1.000     0.0945      0.0000      0.0000      0.0000
120     A         B          120           LEU            0.00           748      0      0     9.380     1.000     1.000     0.0944      0.0000      0.0000      0.0000
121     A         B          121           HIS            0.00           748      0      0     9.380     1.000     1.000     0.0952      0.0000      0.0000      0.0000
122     A         B          122           GLY            0.00           748      0      0     9.380     1.000     1.000     0.0945      0.0000      0.0000      0.0000
123     A         B          123           ALA            0.00           748      0      0     9.380     1.000     1.000     0.0947      0.0000      0.0000      0.0000
124     A         B          124           VAL            0.00           748      0      0     9.380     1.000     1.000     0.0951      0.0000      0.0000      0.0000
125     A         B          125           ARG            0.00           748      0      0     9.380     1.000     1.000     0.0946      0.0000      0.0000      0.0000
126     A         B          126           PHE            0.00           748      0      0     9.380     1.000     1.000     0.0952      0.0000      0.0000      0.0000
127     A         B          127           SER            0.00           748      0      0     9.380     1.000     1.000     0.0943      0.0000      0.0000      0.0000
128     A         B          128           ASN            0.00           748      0      0     9.380     1.000     1.000     0.0941      0.0000      0.0000      0.0000
129     A         B          129           ASN            0.00           748      0      0     9.380     1.000     1.000     0.0935      0.0000      0.0000      0.0000
130     A         B          130           PRO            0.00           748      0      0     9.380     1.000     1.000     0.0933      0.0000      0.0000      0.0000
131     A         B          131           ALA            0.00           748      0      0     9.380     1.000     1.000     0.0928      0.0000      0.0000      0.0000
132     A         B          132           LEU            0.00           748      0      0     9.380     1.000     1.000     0.0929      0.0000      0.0000      0.0000
133     A         B          133           CYS            0.00           748      0      0     9.380     1.000     1.000     0.0930      0.0000      0.0000      0.0000
134     A         B          134           ASN            0.00           748      0      0     9.380     1.000     1.000     0.0938      0.0000      0.0000      0.0000
135     A         B          135           VAL            0.00           748      0      0     9.380     1.000     1.000     0.0944      0.0000      0.0000      0.0000
136     A         B          136           GLU            0.00           748      0      0     9.380     1.000     1.000     0.0941      0.0000      0.0000      0.0000
137     A         B          137           SER            0.00           748      0      0     9.380     1.000     1.000     0.0946      0.0000      0.0000      0.0000
138     A         B          138           ILE            0.00           748      0      0     9.380     1.000     1.000     0.0947      0.0000      0.0000      0.0000
139     A         B          139           GLN            0.00           748      0      0     9.380     1.000     1.000     0.0950      0.0000      0.0000      0.0000
140     A         B          140           TRP            0.00           748      0      0     9.380     1.000     1.000     0.0949      0.0000      0.0000      0.0000
141     A         B          141           ARG            0.00           748      0      0     9.380     1.000     1.000     0.0938      0.0000      0.0000      0.0000
142     A         B          142           ASP            0.00           748      0      0     9.380     1.000     1.000     0.0947      0.0000      0.0000      0.0000
143     A         B          143           ILE            0.00           748      0      0     9.380     1.000     1.000     0.0945      0.0000      0.0000      0.0000
144     A         B          144           VAL            0.00           748      0      0     9.380     1.000     1.000     0.0948      0.0000      0.0000      0.0000
145     A         B          145           SER            0.00           748      0      0     9.380     1.000     1.000     0.0944      0.0000      0.0000      0.0000
146     A         B          146           SER            0.00           748      0      0     9.380     1.000     1.000     0.0939      0.0000      0.0000      0.0000
147     A         B          147           ASP            0.00           748      0      0     9.380     1.000     1.000     0.0940      0.0000      0.0000      0.0000
148     A         B          148           PHE            0.00           748      0      0     9.380     1.000     1.000     0.0938      0.0000      0.0000      0.0000
149     A         B          149           LEU            0.00           748      0      0     9.380     1.000     1.000     0.0938      0.0000      0.0000      0.0000
150     A         B          150           SER            0.00           748      0      0     9.380     1.000     1.000     0.0939      0.0000      0.0000      0.0000
151     A         B          151           ASN            0.00           748      0      0     9.380     1.000     1.000     0.0939      0.0000      0.0000      0.0000
152     A         B          152           MET            0.00           748      0      0     9.380     1.000     1.000     0.0938      0.0000      0.0000      0.0000
153     A         B          153           SER            0.00           748      0      0     9.380     1.000     1.000     0.0937      0.0000      0.0000      0.0000
154     A         B          154           MET            0.00           748      0      0     9.380     1.000     1.000     0.0933      0.0000      0.0000      0.0000
155     A         B          155           ASP            0.00           748      0      0     9.380     1.000     1.000     0.0934      0.0000      0.0000      0.0000
156     A         B          156           PHE            0.00           748      0      0     9.380     1.000     1.000     0.0924      0.0000      0.0000      0.0000
157     A         B          157           GLN            0.00           748      0      0     9.380     1.000     1.000     0.0889      0.0000      0.0000      0.0000
158     A         B          158           ASN            0.00           748      0      0     9.380     1.000     1.000     0.0863      0.0000      0.0000      0.0000
159     A         B          159           HIS            0.00           748      0      0     9.380     1.000     1.000     0.0866      0.0000      0.0000      0.0000
160     A         B          160           LEU            0.00           748      0      0     9.380     1.000     1.000     0.0859      0.0000      0.0000      0.0000
161     A         B          161           GLY            0.00           748      0      0     9.380     1.000     1.000     0.0854      0.0000      0.0000      0.0000
162     A         B          162           SER            0.00           748      0      0     9.380     1.000     1.000     0.0859      0.0000      0.0000      0.0000
163     A         B          163           CYS            0.00           748      0      0     9.380     1.000     1.000     0.0914      0.0000      0.0000      0.0000
164     A         B          164           GLN            0.00           748      0      0     9.380     1.000     1.000     0.0919      0.0000      0.0000      0.0000
165     A         B          165           LYS            0.00           748      0      0     9.380     1.000     1.000     0.0928      0.0000      0.0000      0.0000
166     A         B          166           CYS            0.00           748      0      0     9.380     1.000     1.000     0.0933      0.0000      0.0000      0.0000
167     A         B          167           ASP            0.00           748      0      0     9.380     1.000     1.000     0.0930      0.0000      0.0000      0.0000
168     A         B          168           PRO            0.00           748      0      0     9.380     1.000     1.000     0.0934      0.0000      0.0000      0.0000
169     A         B          169           SER            0.00           748      0      0     9.380     1.000     1.000     0.0937      0.0000      0.0000      0.0000
170     A         B          170           CYS            0.00           748      0      0     9.380     1.000     1.000     0.0930      0.0000      0.0000      0.0000
171     A         B          171           PRO            0.00           748      0      0     9.380     1.000     1.000     0.0917      0.0000      0.0000      0.0000
172     A         B          172           ASN            0.00           748      0      0     9.380     1.000     1.000     0.0920      0.0000      0.0000      0.0000
173     A         B          173           GLY            0.00           748      0      0     9.380     1.000     1.000     0.0933      0.0000      0.0000      0.0000
174     A         B          174           SER            0.00           748      0      0     9.380     1.000     1.000     0.0938      0.0000      0.0000      0.0000
175     A         B          175           CYS            0.00           748      0      0     9.380     1.000     1.000     0.0943      0.0000      0.0000      0.0000
176     A         B          176           TRP            0.00           748      0      0     9.380     1.000     1.000     0.0938      0.0000      0.0000      0.0000
177     A         B          177           GLY            0.00           748      0      0     9.380     1.000     1.000     0.0934      0.0000      0.0000      0.0000
178     A         B          178           ALA            0.00           748      0      0     9.380     1.000     1.000     0.0925      0.0000      0.0000      0.0000
179     A         B          179           GLY            0.00           748      0      0     9.380     1.000     1.000     0.0929      0.0000      0.0000      0.0000
180     A         B          180           GLU            0.00           748      0      0     9.380     1.000     1.000     0.0935      0.0000      0.0000      0.0000
181     A         B          181           GLU            0.00           748      0      0     9.380     1.000     1.000     0.0937      0.0000      0.0000      0.0000
182     A         B          182           ASN            0.00           748      0      0     9.380     1.000     1.000     0.0930      0.0000      0.0000      0.0000
183     A         B          183           CYS            0.00           748      0      0     9.380     1.000     1.000     0.0941      0.0000      0.0000      0.0000
184     A         B          184           GLN            0.00           748      0      0     9.380     1.000     1.000     0.0940      0.0000      0.0000      0.0000
185     A         B          185           LYS            0.00           748      0      0     9.380     1.000     1.000     0.0945      0.0000      0.0000      0.0000
186     A         B          186           LEU            0.00           748      0      0     9.380     1.000     1.000     0.0943      0.0000      0.0000      0.0000
187     A         B          187           THR            0.00           748      0      0     9.380     1.000     1.000     0.0945      0.0000      0.0000      0.0000
188     A         B          188           LYS            0.00           748      0      0     9.380     1.000     1.000     0.0941      0.0000      0.0000      0.0000
189     A         B          189           ILE            0.00           748      0      0     9.380     1.000     1.000     0.0932      0.0000      0.0000      0.0000
190     A         B          190           ILE            0.00           748      0      0     9.380     1.000     1.000     0.0932      0.0000      0.0000      0.0000
191     A         B          191           CYS            0.00           748      0      0     9.380     1.000     1.000     0.0937      0.0000      0.0000      0.0000
192     A         B          192           ALA            0.00           748      0      0     9.380     1.000     1.000     0.0934      0.0000      0.0000      0.0000
193     A         B          193           GLN            0.00           748      0      0     9.380     1.000     1.000     0.0927      0.0000      0.0000      0.0000
194     A         B          194           GLN            0.00           748      0      0     9.380     1.000     1.000     0.0932      0.0000      0.0000      0.0000
195     A         B          195           CYS            0.00           748      0      0     9.380     1.000     1.000     0.0929      0.0000      0.0000      0.0000
196     A         B          196           SER            0.00           748      0      0     9.380     1.000     1.000     0.0925      0.0000      0.0000      0.0000
197     A         B          197           GLY            0.00           748      0      0     9.380     1.000     1.000     0.0924      0.0000      0.0000      0.0000
198     A         B          198           ARG            0.00           748      0      0     9.380     1.000     1.000     0.0934      0.0000      0.0000      0.0000
199     A         B          199           CYS            0.00           748      0      0     9.380     1.000     1.000     0.0938      0.0000      0.0000      0.0000
200     A         B          200           ARG            0.00           748      0      0     9.380     1.000     1.000     0.0936      0.0000      0.0000      0.0000
201     A         B          201           GLY            0.00           748      0      0     9.380     1.000     1.000     0.0939      0.0000      0.0000      0.0000
202     A         B          202           LYS            0.00           748      0      0     9.380     1.000     1.000     0.0932      0.0000      0.0000      0.0000
203     A         B          203           SER            0.00           748      0      0     9.380     1.000     1.000     0.0939      0.0000      0.0000      0.0000
204     A         B          204           PRO            0.00           748      0      0     9.380     1.000     1.000     0.0936      0.0000      0.0000      0.0000
205     A         B          205           SER            0.00           748      0      0     9.380     1.000     1.000     0.0933      0.0000      0.0000      0.0000
206     A         B          206           ASP            0.00           748      0      0     9.380     1.000     1.000     0.0928      0.0000      0.0000      0.0000
207     A         B          207           CYS            0.00           748      0      0     9.380     1.000     1.000     0.0937      0.0000      0.0000      0.0000
208     A         B          208           CYS            0.00           748      0      0     9.380     1.000     1.000     0.0935      0.0000      0.0000      0.0000
209     A         B          209           HIS            0.00           748      0      0     9.380     1.000     1.000     0.0939      0.0000      0.0000      0.0000
210     A         B          210           ASN            0.00           748      0      0     9.380     1.000     1.000     0.0935      0.0000      0.0000      0.0000
211     A         B          211           GLN            0.00           748      0      0     9.380     1.000     1.000     0.0939      0.0000      0.0000      0.0000
212     A         B          212           CYS            0.00           748      0      0     9.380     1.000     1.000     0.0936      0.0000      0.0000      0.0000
213     A         B          213           ALA            0.00           748      0      0     9.380     1.000     1.000     0.0916      0.0000      0.0000      0.0000
214     A         B          214           ALA            0.00           748      0      0     9.380     1.000     1.000     0.0919      0.0000      0.0000      0.0000
215     A         B          215           GLY            0.00           748      0      0     9.380     1.000     1.000     0.0932      0.0000      0.0000      0.0000
216     A         B          216           CYS            0.00           748      0      0     9.380     1.000     1.000     0.0937      0.0000      0.0000      0.0000
217     A         B          217           THR            0.00           748      0      0     9.380     1.000     1.000     0.0944      0.0000      0.0000      0.0000
218     A         B          218           GLY            0.00           748      0      0     9.380     1.000     1.000     0.0949      0.0000      0.0000      0.0000
219     A         B          219           PRO            0.00           748      0      0     9.380     1.000     1.000     0.0945      0.0000      0.0000      0.0000
220     A         B          220           ARG            0.00           748      0      0     9.380     1.000     1.000     0.0950      0.0000      0.0000      0.0000
221     A         B          221           GLU            0.00           748      0      0     9.380     1.000     1.000     0.0942      0.0000      0.0000      0.0000
222     A         B          222           SER            0.00           748      0      0     9.380     1.000     1.000     0.0944      0.0000      0.0000      0.0000
223     A         B          223           ASP            0.00           748      0      0     9.380     1.000     1.000     0.0944      0.0000      0.0000      0.0000
224     A         B          224           CYS            0.00           748      0      0     9.380     1.000     1.000     0.0943      0.0000      0.0000      0.0000
225     A         B          225           LEU            0.00           748      0      0     9.380     1.000     1.000     0.0946      0.0000      0.0000      0.0000
226     A         B          226           VAL            0.00           748      0      0     9.380     1.000     1.000     0.0943      0.0000      0.0000      0.0000
227     A         B          227           CYS            0.00           748      0      0     9.380     1.000     1.000     0.0948      0.0000      0.0000      0.0000
228     A         B          228           ARG            0.00           748      0      0     9.380     1.000     1.000     0.0942      0.0000      0.0000      0.0000
229     A         B          229           LYS            0.00           748      0      0     9.380     1.000     1.000     0.0949      0.0000      0.0000      0.0000
230     A         B          230           PHE            0.00           748      0      0     9.380     1.000     1.000     0.0949      0.0000      0.0000      0.0000
231     A         B          231           ARG            0.00           748      0      0     9.380     1.000     1.000     0.0950      0.0000      0.0000      0.0000
232     A         B          232           ASP            0.00           748      0      0     9.380     1.000     1.000     0.0952      0.0000      0.0000      0.0000
233     A         B          233           GLU            0.00           748      0      0     9.380     1.000     1.000     0.0944      0.0000      0.0000      0.0000
234     A         B          234           ALA            0.00           748      0      0     9.380     1.000     1.000     0.0936      0.0000      0.0000      0.0000
235     A         B          235           THR            0.00           748      0      0     9.380     1.000     1.000     0.0951      0.0000      0.0000      0.0000
236     A         B          236           CYS            0.00           748      0      0     9.380     1.000     1.000     0.0946      0.0000      0.0000      0.0000
237     A         B          237           LYS            0.00           748      0      0     9.380     1.000     1.000     0.0944      0.0000      0.0000      0.0000
238     A         B          238           ASP            0.00           748      0      0     9.380     1.000     1.000     0.0946      0.0000      0.0000      0.0000
239     A         B          239           THR            0.00           748      0      0     9.380     1.000     1.000     0.0952      0.0000      0.0000      0.0000
240     A         B          240           CYS            0.00           748      0      0     9.380     1.000     1.000     0.0961      0.0000      0.0000      0.0000
241     A         B          241           PRO            0.00           748      0      0     9.380     1.000     1.000     0.0953      0.0000      0.0000      0.0000
242     A         B          242           PRO            0.00           748      0      0     9.380     1.000     1.000     0.0949      0.0000      0.0000      0.0000
243     A         B          243           LEU            0.00           748      0      0     9.380     1.000     1.000     0.0955      0.0000      0.0000      0.0000
244     A         B          244           MET            0.00           748      0      0     9.380     1.000     1.000     0.0939      0.0000      0.0000      0.0000
245     A         B          245           LEU            0.00           748      0      0     9.380     1.000     1.000     0.0930      0.0000      0.0000      0.0000
246     A         B          246           TYR            0.00           748      0      0     9.380     1.000     1.000     0.0911      0.0000      0.0000      0.0000
247     A         B          247           ASN            0.00           748      0      0     9.380     1.000     1.000     0.0913      0.0000      0.0000      0.0000
248     A         B          248           PRO            0.00           748      0      0     9.380     1.000     1.000     0.0906      0.0000      0.0000      0.0000
249     A         B          249           THR            0.00           748      0      0     9.380     1.000     1.000     0.0906      0.0000      0.0000      0.0000
250     A         B          250           THR            0.00           748      0      0     9.380     1.000     1.000     0.0901      0.0000      0.0000      0.0000
251     A         B          251           TYR            0.00           748      0      0     9.380     1.000     1.000     0.0895      0.0000      0.0000      0.0000
252     A         B          252           GLN            0.00           748      0      0     9.380     1.000     1.000     0.0901      0.0000      0.0000      0.0000
253     A         B          253           MET            0.00           748      0      0     9.380     1.000     1.000     0.0915      0.0000      0.0000      0.0000
254     A         B          254           ASP            0.00           748      0      0     9.380     1.000     1.000     0.0919      0.0000      0.0000      0.0000
255     A         B          255           VAL            0.00           748      0      0     9.380     1.000     1.000     0.0927      0.0000      0.0000      0.0000
256     A         B          256           ASN            0.00           748      0      0     9.380     1.000     1.000     0.0941      0.0000      0.0000      0.0000
257     A         B          257           PRO            0.00           748      0      0     9.380     1.000     1.000     0.0936      0.0000      0.0000      0.0000
258     A         B          258           GLU            0.00           748      0      0     9.380     1.000     1.000     0.0950      0.0000      0.0000      0.0000
259     A         B          259           GLY            0.00           748      0      0     9.380     1.000     1.000     0.0961      0.0000      0.0000      0.0000
260     A         B          260           LYS            0.00           748      0      0     9.380     1.000     1.000     0.0962      0.0000      0.0000      0.0000
261     A         B          261           TYR            0.00           748      0      0     9.380     1.000     1.000     0.0974      0.0000      0.0000      0.0000
262     A         B          262           SER            0.00           748      0      0     9.380     1.000     1.000     0.0973      0.0000      0.0000      0.0000
263     A         B          263           PHE            0.00           748      0      0     9.380     1.000     1.000     0.0957      0.0000      0.0000      0.0000
264     A         B          264           GLY            0.00           748      0      0     9.380     1.000     1.000     0.0948      0.0000      0.0000      0.0000
265     A         B          265           ALA            0.00           748      0      0     9.380     1.000     1.000     0.0943      0.0000      0.0000      0.0000
266     A         B          266           THR            0.00           748      0      0     9.380     1.000     1.000     0.0965      0.0000      0.0000      0.0000
267     A         B          267           CYS            0.00           748      0      0     9.380     1.000     1.000     0.0972      0.0000      0.0000      0.0000
268     A         B          268           VAL            0.00           748      0      0     9.380     1.000     1.000     0.0979      0.0000      0.0000      0.0000
269     A         B          269           LYS            0.00           748      0      0     9.380     1.000     1.000     0.0972      0.0000      0.0000      0.0000
270     A         B          270           LYS            0.00           748      0      0     9.380     1.000     1.000     0.0981      0.0000      0.0000      0.0000
271     A         B          271           CYS            0.00           748      0      0     9.380     1.000     1.000     0.0994      0.0000      0.0000      0.0000
272     A         B          272           PRO            0.00           748      0      0     9.380     1.000     1.000     0.0995      0.0000      0.0000      0.0000
273     A         B          273           ARG            0.00           748      0      0     9.380     1.000     1.000     0.0970      0.0000      0.0000      0.0000
274     A         B          274           ASN            0.00           748      0      0     9.380     1.000     1.000     0.0997      0.0000      0.0000      0.0000
275     A         B          275           TYR            0.00           748      0      0     9.380     1.000     1.000     0.0997      0.0000      0.0000      0.0000
276     A         B          276           VAL            0.00           748      0      0     9.380     1.000     1.000     0.1012      0.0000      0.0000      0.0000
277     A         B          277           VAL            0.00           748      0      0     9.380     1.000     1.000     0.1004      0.0000      0.0000      0.0000
278     A         B          278           THR            0.00           748      0      0     9.380     1.000     1.000     0.0982      0.0000      0.0000      0.0000
279     A         B          279           ASP            0.00           748      0      0     9.380     1.000     1.000     0.0965      0.0000      0.0000      0.0000
280     A         B          280           HIS            0.00           748      0      0     9.380     1.000     1.000     0.0962      0.0000      0.0000      0.0000
281     A         B          281           GLY            0.00           748      0      0     9.380     1.000     1.000     0.0979      0.0000      0.0000      0.0000
282     A         B          282           SER            0.00           748      0      0     9.380     1.000     1.000     0.0975      0.0000      0.0000      0.0000
283     A         B          283           CYS            0.00           748      0      0     9.380     1.000     1.000     0.0994      0.0000      0.0000      0.0000
284     A         B          284           VAL            0.00           748      0      0     9.380     1.000     1.000     0.1000      0.0000      0.0000      0.0000
285     A         B          285           ARG            0.00           748      0      0     9.380     1.000     1.000     0.0980      0.0000      0.0000      0.0000
286     A         B          286           ALA            0.00           748      0      0     9.380     1.000     1.000     0.0986      0.0000      0.0000      0.0000
287     A         B          287           CYS            0.00           748      0      0     9.380     1.000     1.000     0.0993      0.0000      0.0000      0.0000
288     A         B          288           GLY            0.00           748      0      0     9.380     1.000     1.000     0.0978      0.0000      0.0000      0.0000
289     A         B          289           ALA            0.00           748      0      0     9.380     1.000     1.000     0.0971      0.0000      0.0000      0.0000
290     A         B          290           ASP            0.00           748      0      0     9.380     1.000     1.000     0.0961      0.0000      0.0000      0.0000
291     A         B          291           SER            0.00           748      0      0     9.380     1.000     1.000     0.0976      0.0000      0.0000      0.0000
292     A         B          292           TYR            0.00           748      0      0     9.380     1.000     1.000     0.0979      0.0000      0.0000      0.0000
293     A         B          293           GLU            0.00           748      0      0     9.380     1.000     1.000     0.0990      0.0000      0.0000      0.0000
294     A         B          294           MET            0.00           748      0      0     9.380     1.000     1.000     0.0970      0.0000      0.0000      0.0000
295     A         B          295           GLU            0.00           748      0      0     9.380     1.000     1.000     0.0963      0.0000      0.0000      0.0000
296     A         B          296           GLU            0.00           748      0      0     9.380     1.000     1.000     0.0955      0.0000      0.0000      0.0000
297     A         B          297           ASP            0.00           748      0      0     9.380     1.000     1.000     0.0937      0.0000      0.0000      0.0000
298     A         B          298           GLY            0.00           748      0      0     9.380     1.000     1.000     0.0951      0.0000      0.0000      0.0000
299     A         B          299           VAL            0.00           748      0      0     9.380     1.000     1.000     0.0975      0.0000      0.0000      0.0000
300     A         B          300           ARG            0.00           748      0      0     9.380     1.000     1.000     0.0972      0.0000      0.0000      0.0000
301     A         B          301           LYS            0.00           748      0      0     9.380     1.000     1.000     0.0980      0.0000      0.0000      0.0000
302     A         B          302           CYS            0.00           748      0      0     9.380     1.000     1.000     0.0993      0.0000      0.0000      0.0000
303     A         B          303           LYS            0.00           748      0      0     9.380     1.000     1.000     0.0975      0.0000      0.0000      0.0000
304     A         B          304           LYS            0.00           748      0      0     9.380     1.000     1.000     0.0965      0.0000      0.0000      0.0000
305     A         B          305           CYS            0.00           748      0      0     9.380     1.000     1.000     0.0942      0.0000      0.0000      0.0000
306     A         B          306           GLU            0.00           748      0      0     9.380     1.000     1.000     0.0929      0.0000      0.0000      0.0000
307     A         B          307           GLY            0.00           748      0      0     9.380     1.000     1.000     0.0925      0.0000      0.0000      0.0000
308     A         B          308           PRO            0.00           748      0      0     9.380     1.000     1.000     0.0935      0.0000      0.0000      0.0000
309     A         B          309           CYS            0.00           748      0      0     9.380     1.000     1.000     0.0955      0.0000      0.0000      0.0000
310     A         B          310           ARG            0.00           748      0      0     9.380     1.000     1.000     0.1096      0.0000      0.0000      0.0000
311     A         B          311           LYS            0.00           748      0      0     9.380     1.000     1.000     0.1360      0.0000      0.0000      0.0000
312     A         B          312           VAL            0.00           748      0      0     9.380     1.000     1.000     0.1613      0.0000      0.0000      0.0000
313     A         B          313           CYS            0.00           748      0      0     9.380     1.000     1.000     0.1708      0.0000      0.0000      0.0000
314     A         B          314           ASN            0.00           748      0      0     9.380     1.000     1.000     0.1775      0.0000      0.0000      0.0000
315     A         B          315           GLY            0.00           748      0      0     9.380     1.000     1.000     0.1757      0.0000      0.0000      0.0000
316     A         B          316           ILE            0.00           748      0      0     9.380     1.000     1.000     0.1734      0.0000      0.0000      0.0000
317     A         B          317           GLY            0.00           748      0      0     9.380     1.000     1.000     0.1609      0.0000      0.0000      0.0000
318     A         B          318           ILE            0.00           748      0      0     9.380     1.000     1.000     0.1637      0.0000      0.0000      0.0000
319     A         B          319           GLY            0.00           748      0      0     9.380     1.000     1.000     0.1627      0.0000      0.0000      0.0000
320     A         B          320           GLU            0.00           748      0      0     9.380     1.000     1.000     0.1647      0.0000      0.0000      0.0000
321     A         B          321           PHE            0.00           748      0      0     9.380     1.000     1.000     0.1671      0.0000      0.0000      0.0000
322     A         B          322           LYS            0.00           748      0      0     9.380     1.000     1.000     0.1644      0.0000      0.0000      0.0000
323     A         B          323           ASP            0.00           748      0      0     9.380     1.000     1.000     0.1667      0.0000      0.0000      0.0000
324     A         B          324           SER            0.00           748      0      0     9.380     1.000     1.000     0.1759      0.0000      0.0000      0.0000
325     A         B          325           LEU            0.00           748      0      0     9.380     1.000     1.000     0.1700      0.0000      0.0000      0.0000
326     A         B          326           SER            0.00           748      0      0     9.380     1.000     1.000     0.1801      0.0000      0.0000      0.0000
327     A         B          327           ILE            0.00           748      0      0     9.380     1.000     1.000     0.1810      0.0000      0.0000      0.0000
328     A         B          328           ASN            0.00           748      0      0     9.380     1.000     1.000     0.1758      0.0000      0.0000      0.0000
329     A         B          329           ALA            0.00           748      0      0     9.380     1.000     1.000     0.1799      0.0000      0.0000      0.0000
330     A         B          330           THR            0.00           748      0      0     9.380     1.000     1.000     0.1762      0.0000      0.0000      0.0000
331     A         B          331           ASN            0.00           748      0      0     9.380     1.000     1.000     0.1751      0.0000      0.0000      0.0000
332     A         B          332           ILE            0.00           748      0      0     9.380     1.000     1.000     0.1774      0.0000      0.0000      0.0000
333     A         B          333           LYS            0.00           748      0      0     9.380     1.000     1.000     0.1778      0.0000      0.0000      0.0000
334     A         B          334           HIS            0.00           748      0      0     9.380     1.000     1.000     0.1701      0.0000      0.0000      0.0000
335     A         B          335           PHE            0.00           748      0      0     9.380     1.000     1.000     0.1758      0.0000      0.0000      0.0000
336     A         B          336           LYS            0.00           748      0      0     9.380     1.000     1.000     0.1757      0.0000      0.0000      0.0000
337     A         B          337           ASN            0.00           748      0      0     9.380     1.000     1.000     0.1624      0.0000      0.0000      0.0000
338     A         B          338           CYS            0.00           748      0      0     9.380     1.000     1.000     0.1688      0.0000      0.0000      0.0000
339     A         B          339           THR            0.00           748      0      0     9.380     1.000     1.000     0.1676      0.0000      0.0000      0.0000
340     A         B          340           SER            0.00           748      0      0     9.380     1.000     1.000     0.1745      0.0000      0.0000      0.0000
341     A         B          341           ILE            0.00           748      0      0     9.380     1.000     1.000     0.1764      0.0000      0.0000      0.0000
342     A         B          342           SER            0.00           748      0      0     9.380     1.000     1.000     0.1768      0.0000      0.0000      0.0000
343     A         B          343           GLY            0.00           748      0      0     9.380     1.000     1.000     0.1730      0.0000      0.0000      0.0000
344     A         B          344           ASP            0.00           748      0      0     9.380     1.000     1.000     0.1728      0.0000      0.0000      0.0000
345     A         B          345           LEU            0.00           748      0      0     9.380     1.000     1.000     0.1831      0.0000      0.0000      0.0000
346     A         B          346           HIS            0.00           748      0      0     9.380     1.000     1.000     0.1730      0.0000      0.0000      0.0000
347     A         B          347           ILE            0.00           748      0      0     9.380     1.000     1.000     0.1837      0.0000      0.0000      0.0000
348     A         B          348           LEU            0.00           748      0      0     9.380     1.000     1.000     0.1738      0.0000      0.0000      0.0000
349     A         B          349           PRO            0.00           748      0      0     9.380     1.000     1.000     0.1699      0.0000      0.0000      0.0000
350     A         B          350           VAL            0.00           748      0      0     9.380     1.000     1.000     0.1714      0.0000      0.0000      0.0000
351     A         B          351           ALA            0.00           748      0      0     9.380     1.000     1.000     0.1845      0.0000      0.0000      0.0000
352     A         B          352           PHE            0.00           748      0      0     9.380     1.000     1.000     0.1791      0.0000      0.0000      0.0000
353     A         B          353           ARG            0.00           748      0      0     9.380     1.000     1.000     0.1704      0.0000      0.0000      0.0000
354     A         B          354           GLY            0.00           748      0      0     9.380     1.000     1.000     0.1708      0.0000      0.0000      0.0000
355     A         B          355           ASP            0.00           748      0      0     9.380     1.000     1.000     0.1648      0.0000      0.0000      0.0000
356     A         B          356           SER            0.00           748      0      0     9.380     1.000     1.000     0.1588      0.0000      0.0000      0.0000
357     A         B          357           PHE            0.00           748      0      0     9.380     1.000     1.000     0.1572      0.0000      0.0000      0.0000
358     A         B          358           THR            0.00           748      0      0     9.380     1.000     1.000     0.1655      0.0000      0.0000      0.0000
359     A         B          359           HIS            0.00           748      0      0     9.380     1.000     1.000     0.1649      0.0000      0.0000      0.0000
360     A         B          360           THR            0.00           748      0      0     9.380     1.000     1.000     0.1712      0.0000      0.0000      0.0000
361     A         B          361           PRO            0.00           748      0      0     9.380     1.000     1.000     0.1713      0.0000      0.0000      0.0000
362     A         B          362           PRO            0.00           748      0      0     9.380     1.000     1.000     0.1730      0.0000      0.0000      0.0000
363     A         B          363           LEU            0.00           748      0      0     9.380     1.000     1.000     0.1777      0.0000      0.0000      0.0000
364     A         B          364           ASP            0.00           748      0      0     9.380     1.000     1.000     0.1769      0.0000      0.0000      0.0000
365     A         B          365           PRO            0.00           748      0      0     9.380     1.000     1.000     0.1738      0.0000      0.0000      0.0000
366     A         B          366           GLN            0.00           748      0      0     9.380     1.000     1.000     0.1749      0.0000      0.0000      0.0000
367     A         B          367           GLU            0.00           748      0      0     9.380     1.000     1.000     0.1765      0.0000      0.0000      0.0000
368     A         B          368           LEU            0.00           748      0      0     9.380     1.000     1.000     0.1788      0.0000      0.0000      0.0000
369     A         B          369           ASP            0.00           748      0      0     9.380     1.000     1.000     0.1818      0.0000      0.0000      0.0000
370     A         B          370           ILE            0.00           748      0      0     9.380     1.000     1.000     0.1804      0.0000      0.0000      0.0000
371     A         B          371           LEU            0.00           748      0      0     9.380     1.000     1.000     0.1760      0.0000      0.0000      0.0000
372     A         B          372           LYS            0.00           748      0      0     9.380     1.000     1.000     0.1848      0.0000      0.0000      0.0000
373     A         B          373           THR            0.00           748      0      0     9.380     1.000     1.000     0.1752      0.0000      0.0000      0.0000
374     A         B          374           VAL            0.00           748      0      0     9.380     1.000     1.000     0.1742      0.0000      0.0000      0.0000
375     A         B          375           LYS            0.00           748      0      0     9.380     1.000     1.000     0.1769      0.0000      0.0000      0.0000
376     A         B          376           GLU            0.00           748      0      0     9.380     1.000     1.000     0.1742      0.0000      0.0000      0.0000
377     A         B          377           ILE            0.00           748      0      0     9.380     1.000     1.000     0.1789      0.0000      0.0000      0.0000
378     A         B          378           THR            0.00           748      0      0     9.380     1.000     1.000     0.1723      0.0000      0.0000      0.0000
379     A         B          379           GLY            0.00           748      0      0     9.380     1.000     1.000     0.1767      0.0000      0.0000      0.0000
380     A         B          380           PHE            0.00           748      0      0     9.380     1.000     1.000     0.1771      0.0000      0.0000      0.0000
381     A         B          381           LEU            0.00           748      0      0     9.380     1.000     1.000     0.1846      0.0000      0.0000      0.0000
382     A         B          382           LEU            0.00           748      0      0     9.380     1.000     1.000     0.1743      0.0000      0.0000      0.0000
383     A         B          383           ILE            0.00           748      0      0     9.380     1.000     1.000     0.1854      0.0000      0.0000      0.0000
384     A         B          384           GLN            0.00           748      0      0     9.380     1.000     1.000     0.1709      0.0000      0.0000      0.0000
385     A         B          385           ALA            0.00           748      0      0     9.380     1.000     1.000     0.1773      0.0000      0.0000      0.0000
386     A         B          386           TRP            0.00           748      0      0     9.380     1.000     1.000     0.1833      0.0000      0.0000      0.0000
387     A         B          387           PRO            0.00           748      0      0     9.380     1.000     1.000     0.1745      0.0000      0.0000      0.0000
388     A         B          388           GLU            0.00           748      0      0     9.380     1.000     1.000     0.1699      0.0000      0.0000      0.0000
389     A         B          389           ASN            0.00           748      0      0     9.380     1.000     1.000     0.1662      0.0000      0.0000      0.0000
390     A         B          390           ARG            0.00           748      0      0     9.380     1.000     1.000     0.1733      0.0000      0.0000      0.0000
391     A         B          391           THR            0.00           748      0      0     9.380     1.000     1.000     0.1666      0.0000      0.0000      0.0000
392     A         B          392           ASP            0.00           748      0      0     9.380     1.000     1.000     0.1729      0.0000      0.0000      0.0000
393     A         B          393           LEU            0.00           748      0      0     9.380     1.000     1.000     0.1809      0.0000      0.0000      0.0000
394     A         B          394           HIS            0.00           748      0      0     9.380     1.000     1.000     0.1752      0.0000      0.0000      0.0000
395     A         B          395           ALA            0.00           748      0      0     9.380     1.000     1.000     0.1764      0.0000      0.0000      0.0000
396     A         B          396           PHE            0.00           748      0      0     9.380     1.000     1.000     0.1780      0.0000      0.0000      0.0000
397     A         B          397           GLU            0.00           748      0      0     9.380     1.000     1.000     0.1805      0.0000      0.0000      0.0000
398     A         B          398           ASN            0.00           748      0      0     9.380     1.000     1.000     0.1792      0.0000      0.0000      0.0000
399     A         B          399           LEU            0.00           748      0      0     9.380     1.000     1.000     0.1788      0.0000      0.0000      0.0000
400     A         B          400           GLU            0.00           748      0      0     9.380     1.000     1.000     0.1782      0.0000      0.0000      0.0000
401     A         B          401           ILE            0.00           748      0      0     9.380     1.000     1.000     0.1742      0.0000      0.0000      0.0000
402     A         B          402           ILE            0.00           748      0      0     9.380     1.000     1.000     0.1813      0.0000      0.0000      0.0000
403     A         B          403           ARG            0.00           748      0      0     9.380     1.000     1.000     0.1745      0.0000      0.0000      0.0000
404     A         B          404           GLY            0.00           748      0      0     9.380     1.000     1.000     0.1746      0.0000      0.0000      0.0000
405     A         B          405           ARG            0.00           748      0      0     9.380     1.000     1.000     0.1695      0.0000      0.0000      0.0000
406     A         B          406           THR            0.00           748      0      0     9.380     1.000     1.000     0.1709      0.0000      0.0000      0.0000
407     A         B          407           LYS            0.00           748      0      0     9.380     1.000     1.000     0.1777      0.0000      0.0000      0.0000
408     A         B          408           GLN            0.00           748      0      0     9.380     1.000     1.000     0.1747      0.0000      0.0000      0.0000
409     A         B          409           HIS            0.00           748      0      0     9.380     1.000     1.000     0.1640      0.0000      0.0000      0.0000
410     A         B          410           GLY            0.00           748      0      0     9.380     1.000     1.000     0.1725      0.0000      0.0000      0.0000
411     A         B          411           GLN            0.00           748      0      0     9.380     1.000     1.000     0.1726      0.0000      0.0000      0.0000
412     A         B          412           PHE            0.00           748      0      0     9.380     1.000     1.000     0.1739      0.0000      0.0000      0.0000
413     A         B          413           SER            0.00           748      0      0     9.380     1.000     1.000     0.1731      0.0000      0.0000      0.0000
414     A         B          414           LEU            0.00           748      0      0     9.380     1.000     1.000     0.1814      0.0000      0.0000      0.0000
415     A         B          415           ALA            0.00           748      0      0     9.380     1.000     1.000     0.1762      0.0000      0.0000      0.0000
416     A         B          416           VAL            0.00           748      0      0     9.380     1.000     1.000     0.1854      0.0000      0.0000      0.0000
417     A         B          417           VAL            0.00           748      0      0     9.380     1.000     1.000     0.1701      0.0000      0.0000      0.0000
418     A         B          418           SER            0.00           748      0      0     9.380     1.000     1.000     0.1712      0.0000      0.0000      0.0000
419     A         B          419           LEU            0.00           748      0      0     9.380     1.000     1.000     0.1844      0.0000      0.0000      0.0000
420     A         B          420           ASN            0.00           748      0      0     9.380     1.000     1.000     0.1873      0.0000      0.0000      0.0000
421     A         B          421           ILE            0.00           748      0      0     9.380     1.000     1.000     0.1871      0.0000      0.0000      0.0000
422     A         B          422           THR            0.00           748      0      0     9.380     1.000     1.000     0.1797      0.0000      0.0000      0.0000
423     A         B          423           SER            0.00           748      0      0     9.380     1.000     1.000     0.1763      0.0000      0.0000      0.0000
424     A         B          424           LEU            0.00           748      0      0     9.380     1.000     1.000     0.1825      0.0000      0.0000      0.0000
425     A         B          425           GLY            0.00           748      0      0     9.380     1.000     1.000     0.1789      0.0000      0.0000      0.0000
426     A         B          426           LEU            0.00           748      0      0     9.380     1.000     1.000     0.1781      0.0000      0.0000      0.0000
427     A         B          427           ARG            0.00           748      0      0     9.380     1.000     1.000     0.1759      0.0000      0.0000      0.0000
428     A         B          428           SER            0.00           748      0      0     9.380     1.000     1.000     0.1791      0.0000      0.0000      0.0000
429     A         B          429           LEU            0.00           748      0      0     9.380     1.000     1.000     0.1773      0.0000      0.0000      0.0000
430     A         B          430           LYS            0.00           748      0      0     9.380     1.000     1.000     0.1732      0.0000      0.0000      0.0000
431     A         B          431           GLU            0.00           748      0      0     9.380     1.000     1.000     0.1791      0.0000      0.0000      0.0000
432     A         B          432           ILE            0.00           748      0      0     9.380     1.000     1.000     0.1799      0.0000      0.0000      0.0000
433     A         B          433           SER            0.00           748      0      0     9.380     1.000     1.000     0.1815      0.0000      0.0000      0.0000
434     A         B          434           ASP            0.00           748      0      0     9.380     1.000     1.000     0.1740      0.0000      0.0000      0.0000
435     A         B          435           GLY            0.00           748      0      0     9.380     1.000     1.000     0.1750      0.0000      0.0000      0.0000
436     A         B          436           ASP            0.00           748      0      0     9.380     1.000     1.000     0.1754      0.0000      0.0000      0.0000
437     A         B          437           VAL            0.00           748      0      0     9.380     1.000     1.000     0.1820      0.0000      0.0000      0.0000
438     A         B          438           ILE            0.00           748      0      0     9.380     1.000     1.000     0.1756      0.0000      0.0000      0.0000
439     A         B          439           ILE            0.00           748      0      0     9.380     1.000     1.000     0.1885      0.0000      0.0000      0.0000
440     A         B          440           SER            0.00           748      0      0     9.380     1.000     1.000     0.1746      0.0000      0.0000      0.0000
441     A         B          441           GLY            0.00           748      0      0     9.380     1.000     1.000     0.1758      0.0000      0.0000      0.0000
442     A         B          442           ASN            0.00           748      0      0     9.380     1.000     1.000     0.1874      0.0000      0.0000      0.0000
443     A         B          443           LYS            0.00           748      0      0     9.380     1.000     1.000     0.1843      0.0000      0.0000      0.0000
444     A         B          444           ASN            0.00           748      0      0     9.380     1.000     1.000     0.1831      0.0000      0.0000      0.0000
445     A         B          445           LEU            0.00           748      0      0     9.380     1.000     1.000     0.1892      0.0000      0.0000      0.0000
446     A         B          446           CYS            0.00           748      0      0     9.380     1.000     1.000     0.1792      0.0000      0.0000      0.0000
447     A         B          447           TYR            0.00           748      0      0     9.380     1.000     1.000     0.1796      0.0000      0.0000      0.0000
448     A         B          448           ALA            0.00           748      0      0     9.380     1.000     1.000     0.1853      0.0000      0.0000      0.0000
449     A         B          449           ASN            0.00           748      0      0     9.380     1.000     1.000     0.1843      0.0000      0.0000      0.0000
450     A         B          450           THR            0.00           748      0      0     9.380     1.000     1.000     0.1846      0.0000      0.0000      0.0000
451     A         B          451           ILE            0.00           748      0      0     9.380     1.000     1.000     0.1773      0.0000      0.0000      0.0000
452     A         B          452           ASN            0.00           748      0      0     9.380     1.000     1.000     0.1754      0.0000      0.0000      0.0000
453     A         B          453           TRP            0.00           748      0      0     9.380     1.000     1.000     0.1759      0.0000      0.0000      0.0000
454     A         B          454           LYS            0.00           748      0      0     9.380     1.000     1.000     0.1780      0.0000      0.0000      0.0000
455     A         B          455           LYS            0.00           748      0      0     9.380     1.000     1.000     0.1749      0.0000      0.0000      0.0000
456     A         B          456           LEU            0.00           748      0      0     9.380     1.000     1.000     0.1773      0.0000      0.0000      0.0000
457     A         B          457           PHE            0.00           748      0      0     9.380     1.000     1.000     0.1733      0.0000      0.0000      0.0000
458     A         B          458           GLY            0.00           748      0      0     9.380     1.000     1.000     0.1647      0.0000      0.0000      0.0000
459     A         B          459           THR            0.00           748      0      0     9.380     1.000     1.000     0.1505      0.0000      0.0000      0.0000
460     A         B          460           SER            0.00           748      0      0     9.380     1.000     1.000     0.1471      0.0000      0.0000      0.0000
461     A         B          461           GLY            0.00           748      0      0     9.380     1.000     1.000     0.1691      0.0000      0.0000      0.0000
462     A         B          462           GLN            0.00           748      0      0     9.380     1.000     1.000     0.1743      0.0000      0.0000      0.0000
463     A         B          463           LYS            0.00           748      0      0     9.380     1.000     1.000     0.1726      0.0000      0.0000      0.0000
464     A         B          464           THR            0.00           748      0      0     9.380     1.000     1.000     0.1787      0.0000      0.0000      0.0000
465     A         B          465           LYS            0.00           748      0      0     9.380     1.000     1.000     0.1797      0.0000      0.0000      0.0000
466     A         B          466           ILE            0.00           748      0      0     9.380     1.000     1.000     0.1852      0.0000      0.0000      0.0000
467     A         B          467           ILE            0.00           748      0      0     9.380     1.000     1.000     0.1725      0.0000      0.0000      0.0000
468     A         B          468           SER            0.00           748      0      0     9.380     1.000     1.000     0.1778      0.0000      0.0000      0.0000
469     A         B          469           ASN            0.00           748      0      0     9.380     1.000     1.000     0.1818      0.0000      0.0000      0.0000
470     A         B          470           ARG            0.00           748      0      0     9.380     1.000     1.000     0.1849      0.0000      0.0000      0.0000
471     A         B          471           GLY            0.00           748      0      0     9.380     1.000     1.000     0.1756      0.0000      0.0000      0.0000
472     A         B          472           GLU            0.00           748      0      0     9.380     1.000     1.000     0.1712      0.0000      0.0000      0.0000
473     A         B          473           ASN            0.00           748      0      0     9.380     1.000     1.000     0.1685      0.0000      0.0000      0.0000
474     A         B          474           SER            0.00           748      0      0     9.380     1.000     1.000     0.1752      0.0000      0.0000      0.0000
475     A         B          475           CYS            0.00           748      0      0     9.380     1.000     1.000     0.1779      0.0000      0.0000      0.0000
476     A         B          476           LYS            0.00           748      0      0     9.380     1.000     1.000     0.1760      0.0000      0.0000      0.0000
477     A         B          477           ALA            0.00           748      0      0     9.380     1.000     1.000     0.1640      0.0000      0.0000      0.0000
478     A         B          478           THR            0.00           748      0      0     9.380     1.000     1.000     0.1640      0.0000      0.0000      0.0000
479     A         B          479           GLY            0.00           748      0      0     9.380     1.000     1.000     0.1593      0.0000      0.0000      0.0000
480     A         B          480           GLN            0.00           748      0      0     9.380     1.000     1.000     0.1655      0.0000      0.0000      0.0000
481     A         B          481           VAL            0.00           748      0      0     9.380     1.000     1.000     0.1644      0.0000      0.0000      0.0000
482     A         B          482           CYS            0.00           748      0      0     9.380     1.000     1.000     0.1791      0.0000      0.0000      0.0000
483     A         B          483           HIS            0.00           748      0      0     9.380     1.000     1.000     0.1784      0.0000      0.0000      0.0000
484     A         B          484           ALA            0.00           748      0      0     9.380     1.000     1.000     0.1700      0.0000      0.0000      0.0000
485     A         B          485           LEU            0.00           748      0      0     9.380     1.000     1.000     0.1739      0.0000      0.0000      0.0000
486     A         B          486           CYS            0.00           748      0      0     9.380     1.000     1.000     0.1743      0.0000      0.0000      0.0000
487     A         B          487           SER            0.00           748      0      0     9.380     1.000     1.000     0.1664      0.0000      0.0000      0.0000
488     A         B          488           PRO            0.00           748      0      0     9.380     1.000     1.000     0.1671      0.0000      0.0000      0.0000
489     A         B          489           GLU            0.00           748      0      0     9.380     1.000     1.000     0.1675      0.0000      0.0000      0.0000
490     A         B          490           GLY            0.00           748      0      0     9.380     1.000     1.000     0.1677      0.0000      0.0000      0.0000
491     A         B          491           CYS            0.00           748      0      0     9.380     1.000     1.000     0.1796      0.0000      0.0000      0.0000
492     A         B          492           TRP            0.00           748      0      0     9.380     1.000     1.000     0.1853      0.0000      0.0000      0.0000
493     A         B          493           GLY            0.00           748      0      0     9.380     1.000     1.000     0.1827      0.0000      0.0000      0.0000
494     A         B          494           PRO            0.00           748      0      0     9.380     1.000     1.000     0.1779      0.0000      0.0000      0.0000
495     A         B          495           GLU            0.00           748      0      0     9.380     1.000     1.000     0.1782      0.0000      0.0000      0.0000
496     A         B          496           PRO            0.00           748      0      0     9.380     1.000     1.000     0.1724      0.0000      0.0000      0.0000
497     A         B          497           ARG            0.00           748      0      0     9.380     1.000     1.000     0.1736      0.0000      0.0000      0.0000
498     A         B          498           ASP            0.00           748      0      0     9.380     1.000     1.000     0.1785      0.0000      0.0000      0.0000
499     A         B          499           CYS            0.00           748      0      0     9.380     1.000     1.000     0.1765      0.0000      0.0000      0.0000
500     A         B          500           VAL            0.00           748      0      0     9.380     1.000     1.000     0.1767      0.0000      0.0000      0.0000
501     A         B          501           SER            0.00           748      0      0     9.380     1.000     1.000     0.1709      0.0000      0.0000      0.0000
502     A         B          502           CYS            0.00           748      0      0     9.380     1.000     1.000     0.1687      0.0000      0.0000      0.0000
503     A         B          503           ARG            0.00           748      0      0     9.380     1.000     1.000     0.1613      0.0000      0.0000      0.0000
504     A         B          504           ASN            0.00           748      0      0     9.380     1.000     1.000     0.1532      0.0000      0.0000      0.0000
505     A         B          505           VAL            0.00           748      0      0     9.380     1.000     1.000     0.1562      0.0000      0.0000      0.0000
506     A         B          506           SER            0.00           748      0      0     9.380     1.000     1.000     0.1551      0.0000      0.0000      0.0000
507     A         B          507           ARG            0.00           748      0      0     9.380     1.000     1.000     0.1507      0.0000      0.0000      0.0000
508     A         B          508           GLY            0.00           748      0      0     9.380     1.000     1.000     0.1445      0.0000      0.0000      0.0000
509     A         B          509           ARG            0.00           748      0      0     9.380     1.000     1.000     0.1443      0.0000      0.0000      0.0000
510     A         B          510           GLU            0.00           748      0      0     9.380     1.000     1.000     0.1581      0.0000      0.0000      0.0000
511     A         B          511           CYS            0.00           748      0      0     9.380     1.000     1.000     0.1713      0.0000      0.0000      0.0000
512     A         B          512           VAL            0.00           748      0      0     9.380     1.000     1.000     0.1623      0.0000      0.0000      0.0000
513     A         B          513           ASP            0.00           748      0      0     9.380     1.000     1.000     0.1483      0.0000      0.0000      0.0000
514     A         B          514           LYS            0.00           748      0      0     9.380     1.000     1.000     0.1430      0.0000      0.0000      0.0000
515     A         B          515           CYS            0.00           748      0      0     9.380     1.000     1.000     0.1533      0.0000      0.0000      0.0000
516     A         B          516           ASN            0.00           748      0      0     9.380     1.000     1.000     0.1513      0.0000      0.0000      0.0000
517     A         B          517           LEU            0.00           748      0      0     9.380     1.000     1.000     0.1461      0.0000      0.0000      0.0000
518     A         B          518           LEU            0.00           748      0      0     9.380     1.000     1.000     0.1370      0.0000      0.0000      0.0000
519     A         B          519           GLU            0.00           748      0      0     9.380     1.000     1.000     0.1246      0.0000      0.0000      0.0000
520     A         B          520           GLY            0.00           748      0      0     9.380     1.000     1.000     0.1274      0.0000      0.0000      0.0000
521     A         B          521           GLU            0.00           748      0      0     9.380     1.000     1.000     0.1159      0.0000      0.0000      0.0000
522     A         B          522           PRO            0.00           748      0      0     9.380     1.000     1.000     0.1303      0.0000      0.0000      0.0000
523     A         B          523           ARG            0.00           748      0      0     9.380     1.000     1.000     0.1455      0.0000      0.0000      0.0000
524     A         B          524           GLU            0.00           748      0      0     9.380     1.000     1.000     0.1501      0.0000      0.0000      0.0000
525     A         B          525           PHE            0.00           748      0      0     9.380     1.000     1.000     0.1522      0.0000      0.0000      0.0000
526     A         B          526           VAL            0.00           748      0      0     9.380     1.000     1.000     0.1477      0.0000      0.0000      0.0000
527     A         B          527           GLU            0.00           748      0      0     9.380     1.000     1.000     0.1364      0.0000      0.0000      0.0000
528     A         B          528           ASN            0.00           748      0      0     9.380     1.000     1.000     0.1374      0.0000      0.0000      0.0000
529     A         B          529           SER            0.00           748      0      0     9.380     1.000     1.000     0.1434      0.0000      0.0000      0.0000
530     A         B          530           GLU            0.00           748      0      0     9.380     1.000     1.000     0.1487      0.0000      0.0000      0.0000
531     A         B          531           CYS            0.00           748      0      0     9.380     1.000     1.000     0.1579      0.0000      0.0000      0.0000
532     A         B          532           ILE            0.00           748      0      0     9.380     1.000     1.000     0.1532      0.0000      0.0000      0.0000
533     A         B          533           GLN            0.00           748      0      0     9.380     1.000     1.000     0.1527      0.0000      0.0000      0.0000
534     A         B          534           CYS            0.00           748      0      0     9.380     1.000     1.000     0.1509      0.0000      0.0000      0.0000
535     A         B          535           HIS            0.00           748      0      0     9.380     1.000     1.000     0.1479      0.0000      0.0000      0.0000
536     A         B          536           PRO            0.00           748      0      0     9.380     1.000     1.000     0.1452      0.0000      0.0000      0.0000
537     A         B          537           GLU            0.00           748      0      0     9.380     1.000     1.000     0.1424      0.0000      0.0000      0.0000
538     A         B          538           CYS            0.00           748      0      0     9.380     1.000     1.000     0.1455      0.0000      0.0000      0.0000
539     A         B          539           LEU            0.00           748      0      0     9.380     1.000     1.000     0.1422      0.0000      0.0000      0.0000
540     A         B          540           PRO            0.00           748      0      0     9.380     1.000     1.000     0.1412      0.0000      0.0000      0.0000
541     A         B          541           GLN            0.00           748      0      0     9.380     1.000     1.000     0.1388      0.0000      0.0000      0.0000
542     A         B          542           ALA            0.00           748      0      0     9.380     1.000     1.000     0.1165      0.0000      0.0000      0.0000
543     A         B          543           MET            0.00           748      0      0     9.380     1.000     1.000     0.1143      0.0000      0.0000      0.0000
544     A         B          544           ASN            0.00           748      0      0     9.380     1.000     1.000     0.1333      0.0000      0.0000      0.0000
545     A         B          545           ILE            0.00           748      0      0     9.380     1.000     1.000     0.1383      0.0000      0.0000      0.0000
546     A         B          546           THR            0.00           748      0      0     9.380     1.000     1.000     0.1459      0.0000      0.0000      0.0000
547     A         B          547           CYS            0.00           748      0      0     9.380     1.000     1.000     0.1442      0.0000      0.0000      0.0000
548     A         B          548           THR            0.00           748      0      0     9.380     1.000     1.000     0.1385      0.0000      0.0000      0.0000
549     A         B          549           GLY            0.00           748      0      0     9.380     1.000     1.000     0.1394      0.0000      0.0000      0.0000
550     A         B          550           ARG            0.00           748      0      0     9.380     1.000     1.000     0.1337      0.0000      0.0000      0.0000
551     A         B          551           GLY            0.00           748      0      0     9.380     1.000     1.000     0.1376      0.0000      0.0000      0.0000
552     A         B          552           PRO            0.00           748      0      0     9.380     1.000     1.000     0.1386      0.0000      0.0000      0.0000
553     A         B          553           ASP            0.00           748      0      0     9.380     1.000     1.000     0.1323      0.0000      0.0000      0.0000
554     A         B          554           ASN            0.00           748      0      0     9.380     1.000     1.000     0.1393      0.0000      0.0000      0.0000
555     A         B          555           CYS            0.00           748      0      0     9.380     1.000     1.000     0.1445      0.0000      0.0000      0.0000
556     A         B          556           ILE            0.00           748      0      0     9.380     1.000     1.000     0.1446      0.0000      0.0000      0.0000
557     A         B          557           GLN            0.00           748      0      0     9.380     1.000     1.000     0.1434      0.0000      0.0000      0.0000
558     A         B          558           CYS            0.00           748      0      0     9.380     1.000     1.000     0.1402      0.0000      0.0000      0.0000
559     A         B          559           ALA            0.00           748      0      0     9.380     1.000     1.000     0.1385      0.0000      0.0000      0.0000
560     A         B          560           HIS            0.00           748      0      0     9.380     1.000     1.000     0.1400      0.0000      0.0000      0.0000
561     A         B          561           TYR            0.00           748      0      0     9.380     1.000     1.000     0.1379      0.0000      0.0000      0.0000
562     A         B          562           ILE            0.00           748      0      0     9.380     1.000     1.000     0.1285      0.0000      0.0000      0.0000
563     A         B          563           ASP            0.00           748      0      0     9.380     1.000     1.000     0.1303      0.0000      0.0000      0.0000
564     A         B          564           GLY            0.00           748      0      0     9.380     1.000     1.000     0.1263      0.0000      0.0000      0.0000
565     A         B          565           PRO            0.00           748      0      0     9.380     1.000     1.000     0.1244      0.0000      0.0000      0.0000
566     A         B          566           HIS            0.00           748      0      0     9.380     1.000     1.000     0.1297      0.0000      0.0000      0.0000
567     A         B          567           CYS            0.00           748      0      0     9.380     1.000     1.000     0.1381      0.0000      0.0000      0.0000
568     A         B          568           VAL            0.00           748      0      0     9.380     1.000     1.000     0.1359      0.0000      0.0000      0.0000
569     A         B          569           LYS            0.00           748      0      0     9.380     1.000     1.000     0.1339      0.0000      0.0000      0.0000
570     A         B          570           THR            0.00           748      0      0     9.380     1.000     1.000     0.1326      0.0000      0.0000      0.0000
571     A         B          571           CYS            0.00           748      0      0     9.380     1.000     1.000     0.1325      0.0000      0.0000      0.0000
572     A         B          572           PRO            0.00           748      0      0     9.380     1.000     1.000     0.1241      0.0000      0.0000      0.0000
573     A         B          573           ALA            0.00           748      0      0     9.380     1.000     1.000     0.1134      0.0000      0.0000      0.0000
574     A         B          574           GLY            0.00           748      0      0     9.380     1.000     1.000     0.1122      0.0000      0.0000      0.0000
575     A         B          575           VAL            0.00           748      0      0     9.380     1.000     1.000     0.1142      0.0000      0.0000      0.0000
576     A         B          576           MET            0.00           748      0      0     9.380     1.000     1.000     0.1092      0.0000      0.0000      0.0000
577     A         B          577           GLY            0.00           748      0      0     9.380     1.000     1.000     0.1039      0.0000      0.0000      0.0000
578     A         B          578           GLU            0.00           748      0      0     9.380     1.000     1.000     0.0998      0.0000      0.0000      0.0000
579     A         B          579           ASN            0.00           748      0      0     9.380     1.000     1.000     0.0974      0.0000      0.0000      0.0000
580     A         B          580           ASN            0.00           748      0      0     9.380     1.000     1.000     0.0990      0.0000      0.0000      0.0000
581     A         B          581           THR            0.00           748      0      0     9.380     1.000     1.000     0.1012      0.0000      0.0000      0.0000
582     A         B          582           LEU            0.00           748      0      0     9.380     1.000     1.000     0.1133      0.0000      0.0000      0.0000
583     A         B          583           VAL            0.00           748      0      0     9.380     1.000     1.000     0.1194      0.0000      0.0000      0.0000
584     A         B          584           TRP            0.00           748      0      0     9.380     1.000     1.000     0.1254      0.0000      0.0000      0.0000
585     A         B          585           LYS            0.00           748      0      0     9.380     1.000     1.000     0.1276      0.0000      0.0000      0.0000
586     A         B          586           TYR            0.00           748      0      0     9.380     1.000     1.000     0.1310      0.0000      0.0000      0.0000
587     A         B          587           ALA            0.00           748      0      0     9.380     1.000     1.000     0.1246      0.0000      0.0000      0.0000
588     A         B          588           ASP            0.00           748      0      0     9.380     1.000     1.000     0.1229      0.0000      0.0000      0.0000
589     A         B          589           ALA            0.00           748      0      0     9.380     1.000     1.000     0.1146      0.0000      0.0000      0.0000
590     A         B          590           GLY            0.00           748      0      0     9.380     1.000     1.000     0.1168      0.0000      0.0000      0.0000
591     A         B          591           HIS            0.00           748      0      0     9.380     1.000     1.000     0.1264      0.0000      0.0000      0.0000
592     A         B          592           VAL            0.00           748      0      0     9.380     1.000     1.000     0.1312      0.0000      0.0000      0.0000
593     A         B          593           CYS            0.00           748      0      0     9.380     1.000     1.000     0.1331      0.0000      0.0000      0.0000
594     A         B          594           HIS            0.00           748      0      0     9.380     1.000     1.000     0.1329      0.0000      0.0000      0.0000
595     A         B          595           LEU            0.00           748      0      0     9.380     1.000     1.000     0.1254      0.0000      0.0000      0.0000
596     A         B          596           CYS            0.00           748      0      0     9.380     1.000     1.000     0.1224      0.0000      0.0000      0.0000
597     A         B          597           HIS            0.00           748      0      0     9.380     1.000     1.000     0.1196      0.0000      0.0000      0.0000
598     A         B          598           PRO            0.00           748      0      0     9.380     1.000     1.000     0.1097      0.0000      0.0000      0.0000
599     A         B          599           ASN            0.00           748      0      0     9.380     1.000     1.000     0.1066      0.0000      0.0000      0.0000
600     A         B          600           CYS            0.00           748      0      0     9.380     1.000     1.000     0.1048      0.0000      0.0000      0.0000
601     A         B          601           THR            0.00           748      0      0     9.380     1.000     1.000     0.0994      0.0000      0.0000      0.0000
602     A         B          602           TYR            0.00           748      0      0     9.380     1.000     1.000     0.1033      0.0000      0.0000      0.0000
603     A         B          603           GLY            0.00           748      0      0     9.380     1.000     1.000     0.1021      0.0000      0.0000      0.0000
604     A         B          604           CYS            0.00           748      0      0     9.380     1.000     1.000     0.1112      0.0000      0.0000      0.0000
605     A         B          605           THR            0.00           748      0      0     9.380     1.000     1.000     0.1097      0.0000      0.0000      0.0000
606     A         B          606           GLY            0.00           748      0      0     9.380     1.000     1.000     0.1075      0.0000      0.0000      0.0000
607     A         B          607           PRO            0.00           748      0      0     9.380     1.000     1.000     0.1010      0.0000      0.0000      0.0000
608     A         B          608           GLY            0.00           748      0      0     9.380     1.000     1.000     0.1013      0.0000      0.0000      0.0000
609     A         B          609           LEU            0.00           748      0      0     9.380     1.000     1.000     0.1035      0.0000      0.0000      0.0000
610     A         B          610           GLU            0.00           748      0      0     9.380     1.000     1.000     0.0980      0.0000      0.0000      0.0000
611     A         B          611           GLY            0.00           748      0      0     9.380     1.000     1.000     0.0992      0.0000      0.0000      0.0000
612     A         B          612           CYS            0.00           748      0      0     9.380     1.000     1.000     0.0977      0.0000      0.0000      0.0000
613     A         B          613           PRO            0.00           748      0      0     9.380     1.000     1.000     0.0916      0.0000      0.0000      0.0000
614     A         B          614           THR            0.00           748      0      0     9.380     1.000     1.000     0.0848      0.0000      0.0000      0.0000
615     A         B          615           ASN            0.00           748      0      0     9.380     1.000     1.000     0.0828      0.0000      0.0000      0.0000
616     A         B          616           GLY            0.00           748      0      0     9.380     1.000     1.000     0.0826      0.0000      0.0000      0.0000
617     A         B          617           PRO            0.00           748      0      0     9.380     1.000     1.000     0.0819      0.0000      0.0000      0.0000
618     A         B          618           LYS            0.00           748      0      0     9.380     1.000     1.000     0.0813      0.0000      0.0000      0.0000
619     A         B          619           ILE            0.00           748      0      0     9.380     1.000     1.000     0.0812      0.0000      0.0000      0.0000
620     A         B          620           PRO            0.00           748      0      0     9.380     1.000     1.000     0.0811      0.0000      0.0000      0.0000
621     A         B          621           SER            0.00           748      0      0     9.380     1.000     1.000     0.0809      0.0000      0.0000      0.0000
622     B         A            1           GLU            0.00           748      0      0     9.380     1.000     1.000     0.0958      0.0000      0.0000      0.0000
623     B         A            2           VAL            0.00           748      0      0     9.380     1.000     1.000     0.1047      0.0000      0.0000      0.0000
624     B         A            3           GLN            0.00           748      0      0     9.380     1.000     1.000     0.1074      0.0000      0.0000      0.0000
625     B         A            4           LEU            0.00           748      0      0     9.380     1.000     1.000     0.1137      0.0000      0.0000      0.0000
626     B         A            5           LEU            0.00           748      0      0     9.380     1.000     1.000     0.1144      0.0000      0.0000      0.0000
627     B         A            6           GLU            0.00           748      0      0     9.380     1.000     1.000     0.1151      0.0000      0.0000      0.0000
628     B         A            7           SER            0.00           748      0      0     9.380     1.000     1.000     0.1159      0.0000      0.0000      0.0000
629     B         A            8           GLY            0.00           748      0      0     9.380     1.000     1.000     0.1133      0.0000      0.0000      0.0000
630     B         A            9           GLY            0.00           748      0      0     9.380     1.000     1.000     0.1110      0.0000      0.0000      0.0000
631     B         A           10           GLY            0.00           748      0      0     9.380     1.000     1.000     0.1109      0.0000      0.0000      0.0000
632     B         A           11           VAL            0.00           748      0      0     9.380     1.000     1.000     0.1110      0.0000      0.0000      0.0000
633     B         A           12           VAL            0.00           748      0      0     9.380     1.000     1.000     0.1117      0.0000      0.0000      0.0000
634     B         A           13           LYS            0.00           748      0      0     9.380     1.000     1.000     0.1120      0.0000      0.0000      0.0000
635     B         A           14           PRO            0.00           748      0      0     9.380     1.000     1.000     0.1128      0.0000      0.0000      0.0000
636     B         A           15           GLY            0.00           748      0      0     9.380     1.000     1.000     0.1126      0.0000      0.0000      0.0000
637     B         A           16           GLY            0.00           748      0      0     9.380     1.000     1.000     0.1140      0.0000      0.0000      0.0000
638     B         A           17           SER            0.00           748      0      0     9.380     1.000     1.000     0.1152      0.0000      0.0000      0.0000
639     B         A           18           LEU            0.00           748      0      0     9.380     1.000     1.000     0.1140      0.0000      0.0000      0.0000
640     B         A           19           ARG            0.00           748      0      0     9.380     1.000     1.000     0.1148      0.0000      0.0000      0.0000
641     B         A           20           LEU            0.00           748      0      0     9.380     1.000     1.000     0.1151      0.0000      0.0000      0.0000
642     B         A           21           SER            0.00           748      0      0     9.380     1.000     1.000     0.1153      0.0000      0.0000      0.0000
643     B         A           22           CYS            0.00           748      0      0     9.380     1.000     1.000     0.1162      0.0000      0.0000      0.0000
644     B         A           23           ALA            0.00           748      0      0     9.380     1.000     1.000     0.1135      0.0000      0.0000      0.0000
645     B         A           24           ALA            0.00           748      0      0     9.380     1.000     1.000     0.1128      0.0000      0.0000      0.0000
646     B         A           25           SER            0.00           748      0      0     9.380     1.000     1.000     0.1062      0.0000      0.0000      0.0000
647     B         A           26           GLY            0.00           748      0      0     9.380     1.000     1.000     0.1021      0.0000      0.0000      0.0000
648     B         A           27           ARG            0.00           748      0      0     9.380     1.000     1.000     0.1009      0.0000      0.0000      0.0000
649     B         A           28           THR            0.00           748      0      0     9.380     1.000     1.000     0.1002      0.0000      0.0000      0.0000
650     B         A           29           PHE            0.00           748      0      0     9.380     1.000     1.000     0.1031      0.0000      0.0000      0.0000
651     B         A           30           SER            0.00           748      0      0     9.380     1.000     1.000     0.1069      0.0000      0.0000      0.0000
652     B         A           31           SER            0.00           748      0      0     9.380     1.000     1.000     0.1078      0.0000      0.0000      0.0000
653     B         A           32           TYR            0.00           748      0      0     9.380     1.000     1.000     0.1098      0.0000      0.0000      0.0000
654     B         A           33           ALA            0.00           748      0      0     9.380     1.000     1.000     0.1144      0.0000      0.0000      0.0000
655     B         A           34           MET            0.00           748      0      0     9.380     1.000     1.000     0.1144      0.0000      0.0000      0.0000
656     B         A           35           GLY            0.00           748      0      0     9.380     1.000     1.000     0.1146      0.0000      0.0000      0.0000
657     B         A           36           TRP            0.00           748      0      0     9.380     1.000     1.000     0.1162      0.0000      0.0000      0.0000
658     B         A           37           PHE            0.00           748      0      0     9.380     1.000     1.000     0.1163      0.0000      0.0000      0.0000
659     B         A           38           ARG            0.00           748      0      0     9.380     1.000     1.000     0.1153      0.0000      0.0000      0.0000
660     B         A           39           GLN            0.00           748      0      0     9.380     1.000     1.000     0.1139      0.0000      0.0000      0.0000
661     B         A           40           ALA            0.00           748      0      0     9.380     1.000     1.000     0.1129      0.0000      0.0000      0.0000
662     B         A           41           PRO            0.00           748      0      0     9.380     1.000     1.000     0.1083      0.0000      0.0000      0.0000
663     B         A           42           GLY            0.00           748      0      0     9.380     1.000     1.000     0.1071      0.0000      0.0000      0.0000
664     B         A           43           LYS            0.00           748      0      0     9.380     1.000     1.000     0.1096      0.0000      0.0000      0.0000
665     B         A           44           GLY            0.00           748      0      0     9.380     1.000     1.000     0.1105      0.0000      0.0000      0.0000
666     B         A           45           LEU            0.00           748      0      0     9.380     1.000     1.000     0.1124      0.0000      0.0000      0.0000
667     B         A           46           GLU            0.00           748      0      0     9.380     1.000     1.000     0.1135      0.0000      0.0000      0.0000
668     B         A           47           TRP            0.00           748      0      0     9.380     1.000     1.000     0.1141      0.0000      0.0000      0.0000
669     B         A           48           VAL            0.00           748      0      0     9.380     1.000     1.000     0.1144      0.0000      0.0000      0.0000
670     B         A           49           SER            0.00           748      0      0     9.380     1.000     1.000     0.1149      0.0000      0.0000      0.0000
671     B         A           50           ALA            0.00           748      0      0     9.380     1.000     1.000     0.1153      0.0000      0.0000      0.0000
672     B         A           51           ILE            0.00           748      0      0     9.380     1.000     1.000     0.1148      0.0000      0.0000      0.0000
673     B         A           52           ASN            0.00           748      0      0     9.380     1.000     1.000     0.1080      0.0000      0.0000      0.0000
674     B         A           53           TRP            0.00           748      0      0     9.380     1.000     1.000     0.1004      0.0000      0.0000      0.0000
675     B         A           54           SER            0.00           748      0      0     9.380     1.000     1.000     0.0965      0.0000      0.0000      0.0000
676     B         A           55           SER            0.00           748      0      0     9.380     1.000     1.000     0.0974      0.0000      0.0000      0.0000
677     B         A           56           GLY            0.00           748      0      0     9.380     1.000     1.000     0.0984      0.0000      0.0000      0.0000
678     B         A           57           SER            0.00           748      0      0     9.380     1.000     1.000     0.1070      0.0000      0.0000      0.0000
679     B         A           58           THR            0.00           748      0      0     9.380     1.000     1.000     0.1133      0.0000      0.0000      0.0000
680     B         A           59           TYR            0.00           748      0      0     9.380     1.000     1.000     0.1132      0.0000      0.0000      0.0000
681     B         A           60           TYR            0.00           748      0      0     9.380     1.000     1.000     0.1134      0.0000      0.0000      0.0000
682     B         A           61           ALA            0.00           748      0      0     9.380     1.000     1.000     0.1142      0.0000      0.0000      0.0000
683     B         A           62           ASP            0.00           748      0      0     9.380     1.000     1.000     0.1134      0.0000      0.0000      0.0000
684     B         A           63           SER            0.00           748      0      0     9.380     1.000     1.000     0.1131      0.0000      0.0000      0.0000
685     B         A           64           VAL            0.00           748      0      0     9.380     1.000     1.000     0.1147      0.0000      0.0000      0.0000
686     B         A           65           LYS            0.00           748      0      0     9.380     1.000     1.000     0.1138      0.0000      0.0000      0.0000
687     B         A           66           GLY            0.00           748      0      0     9.380     1.000     1.000     0.1122      0.0000      0.0000      0.0000
688     B         A           67           ARG            0.00           748      0      0     9.380     1.000     1.000     0.1141      0.0000      0.0000      0.0000
689     B         A           68           PHE            0.00           748      0      0     9.380     1.000     1.000     0.1146      0.0000      0.0000      0.0000
690     B         A           69           THR            0.00           748      0      0     9.380     1.000     1.000     0.1148      0.0000      0.0000      0.0000
691     B         A           70           ILE            0.00           748      0      0     9.380     1.000     1.000     0.1167      0.0000      0.0000      0.0000
692     B         A           71           SER            0.00           748      0      0     9.380     1.000     1.000     0.1136      0.0000      0.0000      0.0000
693     B         A           72           ARG            0.00           748      0      0     9.380     1.000     1.000     0.1094      0.0000      0.0000      0.0000
694     B         A           73           ASP            0.00           748      0      0     9.380     1.000     1.000     0.1108      0.0000      0.0000      0.0000
695     B         A           74           ASP            0.00           748      0      0     9.380     1.000     1.000     0.1084      0.0000      0.0000      0.0000
696     B         A           75           ALA            0.00           748      0      0     9.380     1.000     1.000     0.1091      0.0000      0.0000      0.0000
697     B         A           76           LYS            0.00           748      0      0     9.380     1.000     1.000     0.1101      0.0000      0.0000      0.0000
698     B         A           77           ASN            0.00           748      0      0     9.380     1.000     1.000     0.1130      0.0000      0.0000      0.0000
699     B         A           78           SER            0.00           748      0      0     9.380     1.000     1.000     0.1135      0.0000      0.0000      0.0000
700     B         A           79           LEU            0.00           748      0      0     9.380     1.000     1.000     0.1145      0.0000      0.0000      0.0000
701     B         A           80           TYR            0.00           748      0      0     9.380     1.000     1.000     0.1146      0.0000      0.0000      0.0000
702     B         A           81           LEU            0.00           748      0      0     9.380     1.000     1.000     0.1154      0.0000      0.0000      0.0000
703     B         A           82           GLN            0.00           748      0      0     9.380     1.000     1.000     0.1150      0.0000      0.0000      0.0000
704     B         A           83           MET            0.00           748      0      0     9.380     1.000     1.000     0.1154      0.0000      0.0000      0.0000
705     B         A           84           ASN            0.00           748      0      0     9.380     1.000     1.000     0.1143      0.0000      0.0000      0.0000
706     B         A           85           SER            0.00           748      0      0     9.380     1.000     1.000     0.1142      0.0000      0.0000      0.0000
707     B         A           86           LEU            0.00           748      0      0     9.380     1.000     1.000     0.1145      0.0000      0.0000      0.0000
708     B         A           87           ARG            0.00           748      0      0     9.380     1.000     1.000     0.1127      0.0000      0.0000      0.0000
709     B         A           88           ALA            0.00           748      0      0     9.380     1.000     1.000     0.1119      0.0000      0.0000      0.0000
710     B         A           89           GLU            0.00           748      0      0     9.380     1.000     1.000     0.1139      0.0000      0.0000      0.0000
711     B         A           90           ASP            0.00           748      0      0     9.380     1.000     1.000     0.1147      0.0000      0.0000      0.0000
712     B         A           91           THR            0.00           748      0      0     9.380     1.000     1.000     0.1137      0.0000      0.0000      0.0000
713     B         A           92           ALA            0.00           748      0      0     9.380     1.000     1.000     0.1160      0.0000      0.0000      0.0000
714     B         A           93           VAL            0.00           748      0      0     9.380     1.000     1.000     0.1175      0.0000      0.0000      0.0000
715     B         A           94           TYR            0.00           748      0      0     9.380     1.000     1.000     0.1174      0.0000      0.0000      0.0000
716     B         A           95           TYR            0.00           748      0      0     9.380     1.000     1.000     0.1167      0.0000      0.0000      0.0000
717     B         A           96           CYS            0.00           748      0      0     9.380     1.000     1.000     0.1160      0.0000      0.0000      0.0000
718     B         A           97           ALA            0.00           748      0      0     9.380     1.000     1.000     0.1164      0.0000      0.0000      0.0000
719     B         A           98           ALA            0.00           748      0      0     9.380     1.000     1.000     0.1153      0.0000      0.0000      0.0000
720     B         A           99           GLY            0.00           748      0      0     9.380     1.000     1.000     0.1101      0.0000      0.0000      0.0000
721     B         A          100           TYR            0.00           748      0      0     9.380     1.000     1.000     0.1068      0.0000      0.0000      0.0000
722     B         A          101           GLN            0.00           748      0      0     9.380     1.000     1.000     0.0978      0.0000      0.0000      0.0000
723     B         A          102           ILE            0.00           748      0      0     9.380     1.000     1.000     0.0954      0.0000      0.0000      0.0000
724     B         A          103           ASN            0.00           748      0      0     9.380     1.000     1.000     0.0947      0.0000      0.0000      0.0000
725     B         A          104           SER            0.00           748      0      0     9.380     1.000     1.000     0.0915      0.0000      0.0000      0.0000
726     B         A          105           GLY            0.00           748      0      0     9.380     1.000     1.000     0.0929      0.0000      0.0000      0.0000
727     B         A          106           ASN            0.00           748      0      0     9.380     1.000     1.000     0.0915      0.0000      0.0000      0.0000
728     B         A          107           TYR            0.00           748      0      0     9.380     1.000     1.000     0.0909      0.0000      0.0000      0.0000
729     B         A          108           ASN            0.00           748      0      0     9.380     1.000     1.000     0.0913      0.0000      0.0000      0.0000
730     B         A          109           PHE            0.00           748      0      0     9.380     1.000     1.000     0.0969      0.0000      0.0000      0.0000
731     B         A          110           LYS            0.00           748      0      0     9.380     1.000     1.000     0.1048      0.0000      0.0000      0.0000
732     B         A          111           ASP            0.00           748      0      0     9.380     1.000     1.000     0.1062      0.0000      0.0000      0.0000
733     B         A          112           TYR            0.00           748      0      0     9.380     1.000     1.000     0.1079      0.0000      0.0000      0.0000
734     B         A          113           GLU            0.00           748      0      0     9.380     1.000     1.000     0.1105      0.0000      0.0000      0.0000
735     B         A          114           TYR            0.00           748      0      0     9.380     1.000     1.000     0.1154      0.0000      0.0000      0.0000
736     B         A          115           ASP            0.00           748      0      0     9.380     1.000     1.000     0.1151      0.0000      0.0000      0.0000
737     B         A          116           TYR            0.00           748      0      0     9.380     1.000     1.000     0.1156      0.0000      0.0000      0.0000
738     B         A          117           TRP            0.00           748      0      0     9.380     1.000     1.000     0.1156      0.0000      0.0000      0.0000
739     B         A          118           GLY            0.00           748      0      0     9.380     1.000     1.000     0.1138      0.0000      0.0000      0.0000
740     B         A          119           GLN            0.00           748      0      0     9.380     1.000     1.000     0.1105      0.0000      0.0000      0.0000
741     B         A          120           GLY            0.00           748      0      0     9.380     1.000     1.000     0.1141      0.0000      0.0000      0.0000
742     B         A          121           THR            0.00           748      0      0     9.380     1.000     1.000     0.1161      0.0000      0.0000      0.0000
743     B         A          122           LEU            0.00           748      0      0     9.380     1.000     1.000     0.1140      0.0000      0.0000      0.0000
744     B         A          123           VAL            0.00           748      0      0     9.380     1.000     1.000     0.1151      0.0000      0.0000      0.0000
745     B         A          124           THR            0.00           748      0      0     9.380     1.000     1.000     0.1134      0.0000      0.0000      0.0000
746     B         A          125           VAL            0.00           748      0      0     9.380     1.000     1.000     0.1121      0.0000      0.0000      0.0000
747     B         A          126           SER            0.00           748      0      0     9.380     1.000     1.000     0.1018      0.0000      0.0000      0.0000
748     B         A          127           SER            0.00           748      0      0     9.380     1.000     1.000     0.0928      0.0000      0.0000      0.0000
