i   AlignChn ScoredChain  AlignResNum  AlignResType  AlignRespLDDT      n0chn  n0dom  n0res    d0chn     d0dom     d0res   ipTM_pae  ipSAE_d0chn ipSAE_d0dom    ipSAE 
1       A         B            1           LYS            0.00           325    316      0     6.592     6.510     1.000     0.0976      0.0000      0.0000      0.0000
2       A         B            2           VAL            0.00           325    316     74     6.592     6.510     3.027     0.3325      0.3783      0.3725      0.1154
3       A         B            3           CYS            0.00           325    316    100     6.592     6.510     3.652     0.3911      0.4153      0.4094      0.1823
4       A         B            4           ASN            0.00           325    316    101     6.592     6.510     3.673     0.3942      0.4176      0.4116      0.1860
5       A         B            5           GLY            0.00           325    316     88     6.592     6.510     3.382     0.3633      0.4020      0.3961      0.1533
6       A         B            6           ILE            0.00           325    316     72     6.592     6.510     2.972     0.3322      0.3898      0.3839      0.1176
7       A         B            7           GLY            0.00           325    316     35     6.592     6.510     1.566     0.2646      0.3655      0.3598      0.0319
8       A         B            8           ILE            0.00           325    316     33     6.592     6.510     1.450     0.2588      0.3752      0.3694      0.0286
9       A         B            9           GLY            0.00           325    316     23     6.592     6.510     1.000     0.2413      0.3493      0.3437      0.0123
10      A         B           10           GLU            0.00           325    316     35     6.592     6.510     1.566     0.2625      0.3521      0.3465      0.0300
11      A         B           11           PHE            0.00           325    316     54     6.592     6.510     2.405     0.3027      0.3767      0.3709      0.0757
12      A         B           12           LYS            0.00           325    316     43     6.592     6.510     1.965     0.2751      0.3652      0.3594      0.0491
13      A         B           13           ASP            0.00           325    316     44     6.592     6.510     2.010     0.2862      0.3815      0.3756      0.0550
14      A         B           14           SER            0.00           325    316     71     6.592     6.510     2.944     0.3479      0.4163      0.4104      0.1292
15      A         B           15           LEU            0.00           325    316     86     6.592     6.510     3.335     0.3667      0.4114      0.4056      0.1557
16      A         B           16           SER            0.00           325    316    101     6.592     6.510     3.673     0.4197      0.4493      0.4433      0.2086
17      A         B           17           ILE            0.00           325    316    102     6.592     6.510     3.694     0.4217      0.4492      0.4433      0.2110
18      A         B           18           ASN            0.00           325    316     99     6.592     6.510     3.631     0.4069      0.4367      0.4308      0.1950
19      A         B           19           ALA            0.00           325    316    100     6.592     6.510     3.652     0.4113      0.4406      0.4346      0.1998
20      A         B           20           THR            0.00           325    316     84     6.592     6.510     3.286     0.3593      0.4073      0.4014      0.1490
21      A         B           21           ASN            0.00           325    316     94     6.592     6.510     3.521     0.3729      0.4039      0.3980      0.1645
22      A         B           22           ILE            0.00           325    316     88     6.592     6.510     3.382     0.3682      0.4073      0.4014      0.1562
23      A         B           23           LYS            0.00           325    316     78     6.592     6.510     3.134     0.3469      0.3968      0.3909      0.1320
24      A         B           24           HIS            0.00           325    316     88     6.592     6.510     3.382     0.3591      0.3971      0.3913      0.1507
25      A         B           25           PHE            0.00           325    316     96     6.592     6.510     3.565     0.3822      0.4103      0.4044      0.1724
26      A         B           26           LYS            0.00           325    316     88     6.592     6.510     3.382     0.3584      0.3954      0.3896      0.1498
27      A         B           27           ASN            0.00           325    316     68     6.592     6.510     2.858     0.3257      0.3782      0.3725      0.1043
28      A         B           28           CYS            0.00           325    316     89     6.592     6.510     3.406     0.3578      0.3916      0.3858      0.1493
29      A         B           29           THR            0.00           325    316     93     6.592     6.510     3.498     0.3667      0.3961      0.3902      0.1587
30      A         B           30           SER            0.00           325    316    108     6.592     6.510     3.818     0.4140      0.4301      0.4242      0.2066
31      A         B           31           ILE            0.00           325    316    109     6.592     6.510     3.838     0.4250      0.4404      0.4345      0.2157
32      A         B           32           SER            0.00           325    316     99     6.592     6.510     3.631     0.3966      0.4241      0.4182      0.1872
33      A         B           33           GLY            0.00           325    316    107     6.592     6.510     3.798     0.4177      0.4357      0.4297      0.2093
34      A         B           34           ASP            0.00           325    316    113     6.592     6.510     3.917     0.4389      0.4498      0.4439      0.2305
35      A         B           35           LEU            0.00           325    316    118     6.592     6.510     4.013     0.4638      0.4685      0.4625      0.2540
36      A         B           36           HIS            0.00           325    316    108     6.592     6.510     3.818     0.4333      0.4512      0.4453      0.2226
37      A         B           37           ILE            0.00           325    316    115     6.592     6.510     3.956     0.4570      0.4662      0.4602      0.2475
38      A         B           38           LEU            0.00           325    316    109     6.592     6.510     3.838     0.4481      0.4665      0.4605      0.2369
39      A         B           39           PRO            0.00           325    316    101     6.592     6.510     3.673     0.4197      0.4493      0.4433      0.2092
40      A         B           40           VAL            0.00           325    316    108     6.592     6.510     3.818     0.4441      0.4643      0.4584      0.2333
41      A         B           41           ALA            0.00           325    316    106     6.592     6.510     3.777     0.4268      0.4483      0.4424      0.2178
42      A         B           42           PHE            0.00           325    316     94     6.592     6.510     3.521     0.3951      0.4310      0.4251      0.1835
43      A         B           43           ARG            0.00           325    316     67     6.592     6.510     2.828     0.3230      0.3897      0.3838      0.1077
44      A         B           44           GLY            0.00           325    316     41     6.592     6.510     1.873     0.2785      0.3788      0.3730      0.0479
45      A         B           45           ASP            0.00           325    316     16     6.592     6.510     1.000     0.2168      0.3495      0.3438      0.0123
46      A         B           46           SER            0.00           325    316     16     6.592     6.510     1.000     0.2067      0.3444      0.3388      0.0120
47      A         B           47           PHE            0.00           325    316     13     6.592     6.510     1.000     0.2053      0.3338      0.3283      0.0114
48      A         B           48           THR            0.00           325    316     18     6.592     6.510     1.000     0.2177      0.3460      0.3404      0.0121
49      A         B           49           HIS            0.00           325    316     15     6.592     6.510     1.000     0.2159      0.3360      0.3305      0.0115
50      A         B           50           THR            0.00           325    316     37     6.592     6.510     1.675     0.2722      0.3727      0.3669      0.0374
51      A         B           51           PRO            0.00           325    316     69     6.592     6.510     2.887     0.3286      0.3879      0.3821      0.1103
52      A         B           52           PRO            0.00           325    316     87     6.592     6.510     3.359     0.3638      0.4052      0.3993      0.1532
53      A         B           53           LEU            0.00           325    316     94     6.592     6.510     3.521     0.3866      0.4199      0.4140      0.1749
54      A         B           54           ASP            0.00           325    316     90     6.592     6.510     3.429     0.3759      0.4136      0.4077      0.1635
55      A         B           55           PRO            0.00           325    316     86     6.592     6.510     3.335     0.3580      0.3998      0.3939      0.1483
56      A         B           56           GLN            0.00           325    316     86     6.592     6.510     3.335     0.3594      0.4010      0.3951      0.1490
57      A         B           57           GLU            0.00           325    316     88     6.592     6.510     3.382     0.3582      0.3970      0.3911      0.1509
58      A         B           58           LEU            0.00           325    316    102     6.592     6.510     3.694     0.4042      0.4279      0.4219      0.1946
59      A         B           59           ASP            0.00           325    316    107     6.592     6.510     3.798     0.4187      0.4362      0.4302      0.2086
60      A         B           60           ILE            0.00           325    316    109     6.592     6.510     3.838     0.4188      0.4336      0.4277      0.2108
61      A         B           61           LEU            0.00           325    316    109     6.592     6.510     3.838     0.4191      0.4336      0.4276      0.2108
62      A         B           62           LYS            0.00           325    316    111     6.592     6.510     3.878     0.4251      0.4378      0.4319      0.2173
63      A         B           63           THR            0.00           325    316     96     6.592     6.510     3.565     0.3755      0.4018      0.3959      0.1669
64      A         B           64           VAL            0.00           325    316    112     6.592     6.510     3.897     0.4165      0.4271      0.4212      0.2113
65      A         B           65           LYS            0.00           325    316    106     6.592     6.510     3.777     0.4029      0.4203      0.4144      0.1964
66      A         B           66           GLU            0.00           325    316    111     6.592     6.510     3.878     0.4277      0.4409      0.4349      0.2197
67      A         B           67           ILE            0.00           325    316    116     6.592     6.510     3.975     0.4398      0.4464      0.4404      0.2326
68      A         B           68           THR            0.00           325    316    107     6.592     6.510     3.798     0.4135      0.4310      0.4250      0.2056
69      A         B           69           GLY            0.00           325    316    116     6.592     6.510     3.975     0.4418      0.4487      0.4427      0.2344
70      A         B           70           PHE            0.00           325    316    118     6.592     6.510     4.013     0.4649      0.4694      0.4634      0.2548
71      A         B           71           LEU            0.00           325    316    120     6.592     6.510     4.050     0.4936      0.4953      0.4893      0.2793
72      A         B           72           LEU            0.00           325    316    118     6.592     6.510     4.013     0.4777      0.4825      0.4766      0.2655
73      A         B           73           ILE            0.00           325    316    120     6.592     6.510     4.050     0.4900      0.4916      0.4857      0.2764
74      A         B           74           GLN            0.00           325    316    114     6.592     6.510     3.936     0.4673      0.4788      0.4729      0.2568
75      A         B           75           ALA            0.00           325    316    115     6.592     6.510     3.956     0.4613      0.4705      0.4645      0.2496
76      A         B           76           TRP            0.00           325    316    115     6.592     6.510     3.956     0.4470      0.4553      0.4494      0.2385
77      A         B           77           PRO            0.00           325    316     96     6.592     6.510     3.565     0.3946      0.4280      0.4221      0.1846
78      A         B           78           GLU            0.00           325    316     47     6.592     6.510     2.137     0.2945      0.3833      0.3775      0.0625
79      A         B           79           ASN            0.00           325    316     45     6.592     6.510     2.053     0.2826      0.3844      0.3786      0.0582
80      A         B           80           ARG            0.00           325    316     61     6.592     6.510     2.643     0.3177      0.3889      0.3831      0.0948
81      A         B           81           THR            0.00           325    316     55     6.592     6.510     2.441     0.3105      0.3831      0.3773      0.0801
82      A         B           82           ASP            0.00           325    316     94     6.592     6.510     3.521     0.3764      0.4067      0.4008      0.1675
83      A         B           83           LEU            0.00           325    316    113     6.592     6.510     3.917     0.4270      0.4369      0.4310      0.2209
84      A         B           84           HIS            0.00           325    316     91     6.592     6.510     3.452     0.3675      0.3988      0.3930      0.1570
85      A         B           85           ALA            0.00           325    316    103     6.592     6.510     3.715     0.4015      0.4228      0.4169      0.1930
86      A         B           86           PHE            0.00           325    316    117     6.592     6.510     3.994     0.4343      0.4394      0.4334      0.2290
87      A         B           87           GLU            0.00           325    316    105     6.592     6.510     3.757     0.4252      0.4477      0.4417      0.2139
88      A         B           88           ASN            0.00           325    316    110     6.592     6.510     3.858     0.4180      0.4313      0.4253      0.2107
89      A         B           89           LEU            0.00           325    316    118     6.592     6.510     4.013     0.4357      0.4395      0.4335      0.2306
90      A         B           90           GLU            0.00           325    316    113     6.592     6.510     3.917     0.4237      0.4337      0.4277      0.2177
91      A         B           91           ILE            0.00           325    316    106     6.592     6.510     3.777     0.4122      0.4313      0.4254      0.2039
92      A         B           92           ILE            0.00           325    316    119     6.592     6.510     4.031     0.4567      0.4595      0.4535      0.2474
93      A         B           93           ARG            0.00           325    316    113     6.592     6.510     3.917     0.4326      0.4432      0.4373      0.2249
94      A         B           94           GLY            0.00           325    316    103     6.592     6.510     3.715     0.4017      0.4238      0.4179      0.1936
95      A         B           95           ARG            0.00           325    316    109     6.592     6.510     3.838     0.4222      0.4377      0.4317      0.2136
96      A         B           96           THR            0.00           325    316    116     6.592     6.510     3.975     0.4517      0.4589      0.4529      0.2421
97      A         B           97           LYS            0.00           325    316    106     6.592     6.510     3.777     0.4203      0.4405      0.4345      0.2122
98      A         B           98           GLN            0.00           325    316     94     6.592     6.510     3.521     0.3927      0.4301      0.4242      0.1845
99      A         B           99           HIS            0.00           325    316     54     6.592     6.510     2.405     0.3188      0.4095      0.4037      0.0885
100     A         B          100           GLY            0.00           325    316     67     6.592     6.510     2.828     0.3255      0.3880      0.3822      0.1077
101     A         B          101           GLN            0.00           325    316     75     6.592     6.510     3.054     0.3394      0.3967      0.3909      0.1273
102     A         B          102           PHE            0.00           325    316    111     6.592     6.510     3.878     0.4524      0.4679      0.4619      0.2410
103     A         B          103           SER            0.00           325    316    103     6.592     6.510     3.715     0.4153      0.4403      0.4343      0.2061
104     A         B          104           LEU            0.00           325    316    120     6.592     6.510     4.050     0.5042      0.5060      0.5000      0.2884
105     A         B          105           ALA            0.00           325    316    120     6.592     6.510     4.050     0.5028      0.5045      0.4985      0.2861
106     A         B          106           VAL            0.00           325    316    121     6.592     6.510     4.068     0.5090      0.5090      0.5031      0.2926
107     A         B          107           VAL            0.00           325    316    119     6.592     6.510     4.031     0.5016      0.5052      0.4993      0.2876
108     A         B          108           SER            0.00           325    316    118     6.592     6.510     4.013     0.4748      0.4799      0.4739      0.2644
109     A         B          109           LEU            0.00           325    316    120     6.592     6.510     4.050     0.4919      0.4936      0.4876      0.2776
110     A         B          110           ASN            0.00           325    316    115     6.592     6.510     3.956     0.4589      0.4680      0.4621      0.2479
111     A         B          111           ILE            0.00           325    316    120     6.592     6.510     4.050     0.4706      0.4721      0.4661      0.2590
112     A         B          112           THR            0.00           325    316    119     6.592     6.510     4.031     0.4502      0.4531      0.4471      0.2424
113     A         B          113           SER            0.00           325    316    114     6.592     6.510     3.936     0.4270      0.4356      0.4296      0.2211
114     A         B          114           LEU            0.00           325    316    120     6.592     6.510     4.050     0.4603      0.4617      0.4557      0.2516
115     A         B          115           GLY            0.00           325    316    120     6.592     6.510     4.050     0.4437      0.4451      0.4391      0.2374
116     A         B          116           LEU            0.00           325    316    117     6.592     6.510     3.994     0.4319      0.4368      0.4308      0.2270
117     A         B          117           ARG            0.00           325    316     96     6.592     6.510     3.565     0.3881      0.4189      0.4130      0.1778
118     A         B          118           SER            0.00           325    316    106     6.592     6.510     3.777     0.4077      0.4252      0.4192      0.1997
119     A         B          119           LEU            0.00           325    316    107     6.592     6.510     3.798     0.4071      0.4230      0.4171      0.2007
120     A         B          120           LYS            0.00           325    316     79     6.592     6.510     3.160     0.3442      0.3900      0.3841      0.1308
121     A         B          121           GLU            0.00           325    316    109     6.592     6.510     3.838     0.4285      0.4443      0.4383      0.2190
122     A         B          122           ILE            0.00           325    316    119     6.592     6.510     4.031     0.4518      0.4546      0.4486      0.2438
123     A         B          123           SER            0.00           325    316    114     6.592     6.510     3.936     0.4366      0.4459      0.4399      0.2287
124     A         B          124           ASP            0.00           325    316    118     6.592     6.510     4.013     0.4531      0.4573      0.4513      0.2446
125     A         B          125           GLY            0.00           325    316    117     6.592     6.510     3.994     0.4430      0.4482      0.4422      0.2355
126     A         B          126           ASP            0.00           325    316    119     6.592     6.510     4.031     0.4750      0.4780      0.4720      0.2625
127     A         B          127           VAL            0.00           325    316    121     6.592     6.510     4.068     0.5037      0.5037      0.4977      0.2879
128     A         B          128           ILE            0.00           325    316    120     6.592     6.510     4.050     0.4911      0.4927      0.4867      0.2763
129     A         B          129           ILE            0.00           325    316    120     6.592     6.510     4.050     0.4942      0.4958      0.4899      0.2800
130     A         B          130           SER            0.00           325    316    117     6.592     6.510     3.994     0.4691      0.4753      0.4694      0.2592
131     A         B          131           GLY            0.00           325    316    118     6.592     6.510     4.013     0.4698      0.4745      0.4685      0.2589
132     A         B          132           ASN            0.00           325    316    120     6.592     6.510     4.050     0.4829      0.4846      0.4786      0.2702
133     A         B          133           LYS            0.00           325    316    103     6.592     6.510     3.715     0.4283      0.4539      0.4480      0.2174
134     A         B          134           ASN            0.00           325    316    120     6.592     6.510     4.050     0.4762      0.4778      0.4718      0.2639
135     A         B          135           LEU            0.00           325    316    120     6.592     6.510     4.050     0.4795      0.4811      0.4751      0.2669
136     A         B          136           CYS            0.00           325    316    116     6.592     6.510     3.975     0.4367      0.4431      0.4372      0.2299
137     A         B          137           TYR            0.00           325    316    117     6.592     6.510     3.994     0.4374      0.4425      0.4366      0.2311
138     A         B          138           ALA            0.00           325    316    118     6.592     6.510     4.013     0.4474      0.4515      0.4455      0.2399
139     A         B          139           ASN            0.00           325    316    104     6.592     6.510     3.736     0.4172      0.4393      0.4334      0.2068
140     A         B          140           THR            0.00           325    316    117     6.592     6.510     3.994     0.4518      0.4575      0.4515      0.2423
141     A         B          141           ILE            0.00           325    316    110     6.592     6.510     3.858     0.4134      0.4265      0.4205      0.2078
142     A         B          142           ASN            0.00           325    316    103     6.592     6.510     3.715     0.3977      0.4188      0.4129      0.1905
143     A         B          143           TRP            0.00           325    316    110     6.592     6.510     3.858     0.4217      0.4352      0.4293      0.2149
144     A         B          144           LYS            0.00           325    316    114     6.592     6.510     3.936     0.4297      0.4389      0.4329      0.2240
145     A         B          145           LYS            0.00           325    316    110     6.592     6.510     3.858     0.4075      0.4200      0.4141      0.2034
146     A         B          146           LEU            0.00           325    316    116     6.592     6.510     3.975     0.4258      0.4319      0.4259      0.2213
147     A         B          147           PHE            0.00           325    316    107     6.592     6.510     3.798     0.4044      0.4204      0.4145      0.1988
148     A         B          148           GLY            0.00           325    316     56     6.592     6.510     2.476     0.3161      0.3854      0.3796      0.0830
149     A         B          149           THR            0.00           325    316     33     6.592     6.510     1.450     0.2721      0.3573      0.3516      0.0266
150     A         B          150           SER            0.00           325    316     40     6.592     6.510     1.826     0.2795      0.3614      0.3557      0.0423
151     A         B          151           GLY            0.00           325    316     62     6.592     6.510     2.675     0.3344      0.4091      0.4032      0.1053
152     A         B          152           GLN            0.00           325    316    111     6.592     6.510     3.878     0.4149      0.4265      0.4205      0.2093
153     A         B          153           LYS            0.00           325    316    119     6.592     6.510     4.031     0.4689      0.4718      0.4658      0.2571
154     A         B          154           THR            0.00           325    316    118     6.592     6.510     4.013     0.4673      0.4717      0.4657      0.2558
155     A         B          155           LYS            0.00           325    316    121     6.592     6.510     4.068     0.4931      0.4931      0.4870      0.2773
156     A         B          156           ILE            0.00           325    316    120     6.592     6.510     4.050     0.4872      0.4887      0.4828      0.2736
157     A         B          157           ILE            0.00           325    316    117     6.592     6.510     3.994     0.4416      0.4468      0.4408      0.2349
158     A         B          158           SER            0.00           325    316    120     6.592     6.510     4.050     0.4828      0.4843      0.4783      0.2686
159     A         B          159           ASN            0.00           325    316    120     6.592     6.510     4.050     0.4765      0.4780      0.4721      0.2644
160     A         B          160           ARG            0.00           325    316    116     6.592     6.510     3.975     0.4425      0.4495      0.4436      0.2361
161     A         B          161           GLY            0.00           325    316     98     6.592     6.510     3.609     0.3898      0.4168      0.4109      0.1804
162     A         B          162           GLU            0.00           325    316    103     6.592     6.510     3.715     0.3981      0.4188      0.4129      0.1901
163     A         B          163           ASN            0.00           325    316    101     6.592     6.510     3.673     0.3905      0.4127      0.4068      0.1828
164     A         B          164           SER            0.00           325    316    112     6.592     6.510     3.897     0.4135      0.4242      0.4182      0.2090
165     A         B          165           CYS            0.00           325    316    114     6.592     6.510     3.936     0.4174      0.4258      0.4198      0.2133
166     A         B          166           LYS            0.00           325    316    107     6.592     6.510     3.798     0.4054      0.4218      0.4159      0.1994
167     A         B          167           ALA            0.00           325    316     83     6.592     6.510     3.261     0.3618      0.4024      0.3965      0.1446
168     A         B          168           THR            0.00           325    316     82     6.592     6.510     3.236     0.3535      0.3907      0.3849      0.1360
169     A         B          169           GLY            0.00           325    316     70     6.592     6.510     2.916     0.3334      0.3783      0.3725      0.1078
170     A         B          170           GLN            0.00           325    316     97     6.592     6.510     3.587     0.3660      0.3886      0.3828      0.1612
171     A         B          171           VAL            0.00           325    316     99     6.592     6.510     3.631     0.3718      0.3930      0.3872      0.1668
172     A         B          172           CYS            0.00           325    316    113     6.592     6.510     3.917     0.4079      0.4168      0.4109      0.2052
173     A         B          173           HIS            0.00           325    316    110     6.592     6.510     3.858     0.4018      0.4138      0.4079      0.1982
174     A         B          174           ALA            0.00           325    316     91     6.592     6.510     3.452     0.3570      0.3862      0.3804      0.1494
175     A         B          175           LEU            0.00           325    316     94     6.592     6.510     3.521     0.3618      0.3884      0.3825      0.1558
176     A         B          176           CYS            0.00           325    316     95     6.592     6.510     3.543     0.3621      0.3872      0.3814      0.1567
177     A         B          177           SER            0.00           325    316     77     6.592     6.510     3.108     0.3401      0.3809      0.3751      0.1220
178     A         B          178           PRO            0.00           325    316     74     6.592     6.510     3.027     0.3413      0.3901      0.3843      0.1212
179     A         B          179           GLU            0.00           325    316     68     6.592     6.510     2.858     0.3324      0.3886      0.3827      0.1086
180     A         B          180           GLY            0.00           325    316     60     6.592     6.510     2.611     0.3159      0.3739      0.3682      0.0868
181     A         B          181           CYS            0.00           325    316    100     6.592     6.510     3.652     0.3876      0.4105      0.4046      0.1797
182     A         B          182           TRP            0.00           325    316    116     6.592     6.510     3.975     0.4228      0.4288      0.4229      0.2193
183     A         B          183           GLY            0.00           325    316    108     6.592     6.510     3.818     0.3980      0.4122      0.4063      0.1944
184     A         B          184           PRO            0.00           325    316    105     6.592     6.510     3.757     0.4063      0.4256      0.4197      0.1988
185     A         B          185           GLU            0.00           325    316    110     6.592     6.510     3.858     0.4062      0.4186      0.4126      0.2015
186     A         B          186           PRO            0.00           325    316     90     6.592     6.510     3.429     0.3565      0.3859      0.3801      0.1477
187     A         B          187           ARG            0.00           325    316     91     6.592     6.510     3.452     0.3658      0.3988      0.3930      0.1572
188     A         B          188           ASP            0.00           325    316    103     6.592     6.510     3.715     0.3870      0.4066      0.4008      0.1824
189     A         B          189           CYS            0.00           325    316     99     6.592     6.510     3.631     0.3772      0.3999      0.3941      0.1713
190     A         B          190           VAL            0.00           325    316     98     6.592     6.510     3.609     0.3734      0.3974      0.3915      0.1680
191     A         B          191           SER            0.00           325    316     85     6.592     6.510     3.310     0.3509      0.3887      0.3829      0.1410
192     A         B          192           CYS            0.00           325    316     63     6.592     6.510     2.706     0.3230      0.3779      0.3721      0.0942
193     A         B          193           ARG            0.00           325    316     31     6.592     6.510     1.325     0.2627      0.3462      0.3406      0.0211
194     A         B          194           ASN            0.00           325    316      0     6.592     6.510     1.000     0.1959      0.0000      0.0000      0.0000
195     A         B          195           VAL            0.00           325    316      0     6.592     6.510     1.000     0.1874      0.0000      0.0000      0.0000
196     A         B          196           SER            0.00           325    316      0     6.592     6.510     1.000     0.1817      0.0000      0.0000      0.0000
197     A         B          197           ARG            0.00           325    316      0     6.592     6.510     1.000     0.1631      0.0000      0.0000      0.0000
198     A         B          198           GLY            0.00           325    316      0     6.592     6.510     1.000     0.1513      0.0000      0.0000      0.0000
199     A         B          199           ARG            0.00           325    316      0     6.592     6.510     1.000     0.1496      0.0000      0.0000      0.0000
200     A         B          200           GLU            0.00           325    316      3     6.592     6.510     1.000     0.2037      0.3138      0.3084      0.0104
201     A         B          201           CYS            0.00           325    316     32     6.592     6.510     1.388     0.2717      0.3504      0.3447      0.0235
202     A         B          202           VAL            0.00           325    316      7     6.592     6.510     1.000     0.2219      0.3275      0.3220      0.0111
203     A         B          203           ASP            0.00           325    316      0     6.592     6.510     1.000     0.0955      0.0000      0.0000      0.0000
204     A         B          204           LYS            0.00           325    316      0     6.592     6.510     1.000     0.0597      0.0000      0.0000      0.0000
1       A         C            1           LYS            0.00           311    297      0     6.464     6.332     1.000     0.0850      0.0000      0.0000      0.0000
2       A         C            2           VAL            0.00           311    297     49     6.464     6.332     2.217     0.2954      0.3458      0.3366      0.0590
3       A         C            3           CYS            0.00           311    297     96     6.464     6.332     3.565     0.3668      0.3772      0.3677      0.1572
4       A         C            4           ASN            0.00           311    297     92     6.464     6.332     3.475     0.3676      0.3823      0.3727      0.1537
5       A         C            5           GLY            0.00           311    297     59     6.464     6.332     2.578     0.3113      0.3543      0.3449      0.0810
6       A         C            6           ILE            0.00           311    297     49     6.464     6.332     2.217     0.2977      0.3533      0.3439      0.0610
7       A         C            7           GLY            0.00           311    297     10     6.464     6.332     1.000     0.2279      0.3210      0.3120      0.0112
8       A         C            8           ILE            0.00           311    297      7     6.464     6.332     1.000     0.2084      0.3272      0.3182      0.0115
9       A         C            9           GLY            0.00           311    297      9     6.464     6.332     1.000     0.2261      0.3139      0.3051      0.0109
10      A         C           10           GLU            0.00           311    297      4     6.464     6.332     1.000     0.2176      0.3068      0.2980      0.0105
11      A         C           11           PHE            0.00           311    297     19     6.464     6.332     1.000     0.2536      0.3219      0.3130      0.0113
12      A         C           12           LYS            0.00           311    297      4     6.464     6.332     1.000     0.2079      0.3049      0.2962      0.0104
13      A         C           13           ASP            0.00           311    297      4     6.464     6.332     1.000     0.2077      0.3063      0.2976      0.0105
14      A         C           14           SER            0.00           311    297     36     6.464     6.332     1.621     0.2800      0.3550      0.3457      0.0340
15      A         C           15           LEU            0.00           311    297     60     6.464     6.332     2.611     0.3170      0.3652      0.3557      0.0869
16      A         C           16           SER            0.00           311    297     92     6.464     6.332     3.475     0.3837      0.4013      0.3916      0.1656
17      A         C           17           ILE            0.00           311    297     96     6.464     6.332     3.565     0.3896      0.4026      0.3929      0.1737
18      A         C           18           ASN            0.00           311    297     93     6.464     6.332     3.498     0.3813      0.3972      0.3875      0.1645
19      A         C           19           ALA            0.00           311    297     82     6.464     6.332     3.236     0.3619      0.3898      0.3802      0.1402
20      A         C           20           THR            0.00           311    297     48     6.464     6.332     2.177     0.2880      0.3414      0.3322      0.0560
21      A         C           21           ASN            0.00           311    297     70     6.464     6.332     2.916     0.3230      0.3536      0.3442      0.1010
22      A         C           22           ILE            0.00           311    297     60     6.464     6.332     2.611     0.3136      0.3534      0.3441      0.0826
23      A         C           23           LYS            0.00           311    297     41     6.464     6.332     1.873     0.2813      0.3373      0.3282      0.0413
24      A         C           24           HIS            0.00           311    297     59     6.464     6.332     2.578     0.3133      0.3550      0.3457      0.0811
25      A         C           25           PHE            0.00           311    297     80     6.464     6.332     3.186     0.3418      0.3643      0.3549      0.1235
26      A         C           26           LYS            0.00           311    297     57     6.464     6.332     2.510     0.3060      0.3479      0.3387      0.0751
27      A         C           27           ASN            0.00           311    297     48     6.464     6.332     2.177     0.2988      0.3522      0.3429      0.0585
28      A         C           28           CYS            0.00           311    297     75     6.464     6.332     3.054     0.3427      0.3744      0.3649      0.1194
29      A         C           29           THR            0.00           311    297     86     6.464     6.332     3.335     0.3628      0.3838      0.3742      0.1443
30      A         C           30           SER            0.00           311    297    103     6.464     6.332     3.715     0.3977      0.4021      0.3924      0.1848
31      A         C           31           ILE            0.00           311    297    105     6.464     6.332     3.757     0.4189      0.4215      0.4117      0.2009
32      A         C           32           SER            0.00           311    297     97     6.464     6.332     3.587     0.3915      0.4029      0.3932      0.1751
33      A         C           33           GLY            0.00           311    297     87     6.464     6.332     3.359     0.3669      0.3888      0.3793      0.1494
34      A         C           34           ASP            0.00           311    297    101     6.464     6.332     3.673     0.4163      0.4244      0.4146      0.1970
35      A         C           35           LEU            0.00           311    297    106     6.464     6.332     3.777     0.4349      0.4365      0.4266      0.2144
36      A         C           36           HIS            0.00           311    297     95     6.464     6.332     3.543     0.4070      0.4226      0.4128      0.1845
37      A         C           37           ILE            0.00           311    297    101     6.464     6.332     3.673     0.4243      0.4326      0.4228      0.2031
38      A         C           38           LEU            0.00           311    297     97     6.464     6.332     3.587     0.4128      0.4263      0.4165      0.1911
39      A         C           39           PRO            0.00           311    297     90     6.464     6.332     3.429     0.3950      0.4172      0.4074      0.1717
40      A         C           40           VAL            0.00           311    297     97     6.464     6.332     3.587     0.4116      0.4250      0.4152      0.1899
41      A         C           41           ALA            0.00           311    297     96     6.464     6.332     3.565     0.3956      0.4088      0.3991      0.1772
42      A         C           42           PHE            0.00           311    297     77     6.464     6.332     3.108     0.3485      0.3793      0.3698      0.1260
43      A         C           43           ARG            0.00           311    297     39     6.464     6.332     1.777     0.2709      0.3434      0.3342      0.0384
44      A         C           44           GLY            0.00           311    297      5     6.464     6.332     1.000     0.2051      0.3224      0.3135      0.0113
45      A         C           45           ASP            0.00           311    297      0     6.464     6.332     1.000     0.1430      0.0000      0.0000      0.0000
46      A         C           46           SER            0.00           311    297      0     6.464     6.332     1.000     0.1352      0.0000      0.0000      0.0000
47      A         C           47           PHE            0.00           311    297      0     6.464     6.332     1.000     0.1347      0.0000      0.0000      0.0000
48      A         C           48           THR            0.00           311    297      0     6.464     6.332     1.000     0.1428      0.0000      0.0000      0.0000
49      A         C           49           HIS            0.00           311    297      0     6.464     6.332     1.000     0.1473      0.0000      0.0000      0.0000
50      A         C           50           THR            0.00           311    297      1     6.464     6.332     1.000     0.1946      0.3212      0.3123      0.0112
51      A         C           51           PRO            0.00           311    297     25     6.464     6.332     1.000     0.2581      0.3382      0.3290      0.0122
52      A         C           52           PRO            0.00           311    297     55     6.464     6.332     2.441     0.3035      0.3532      0.3439      0.0729
53      A         C           53           LEU            0.00           311    297     65     6.464     6.332     2.768     0.3243      0.3625      0.3531      0.0956
54      A         C           54           ASP            0.00           311    297     57     6.464     6.332     2.510     0.3122      0.3593      0.3499      0.0788
55      A         C           55           PRO            0.00           311    297     48     6.464     6.332     2.177     0.2933      0.3468      0.3376      0.0573
56      A         C           56           GLN            0.00           311    297     43     6.464     6.332     1.965     0.2866      0.3433      0.3341      0.0466
57      A         C           57           GLU            0.00           311    297     63     6.464     6.332     2.706     0.3231      0.3649      0.3555      0.0925
58      A         C           58           LEU            0.00           311    297     87     6.464     6.332     3.359     0.3574      0.3757      0.3662      0.1418
59      A         C           59           ASP            0.00           311    297     86     6.464     6.332     3.335     0.3599      0.3802      0.3706      0.1423
60      A         C           60           ILE            0.00           311    297     99     6.464     6.332     3.631     0.3842      0.3928      0.3831      0.1723
61      A         C           61           LEU            0.00           311    297    101     6.464     6.332     3.673     0.3874      0.3936      0.3840      0.1761
62      A         C           62           LYS            0.00           311    297    101     6.464     6.332     3.673     0.3892      0.3956      0.3859      0.1772
63      A         C           63           THR            0.00           311    297     80     6.464     6.332     3.186     0.3442      0.3680      0.3585      0.1253
64      A         C           64           VAL            0.00           311    297    105     6.464     6.332     3.757     0.4040      0.4063      0.3966      0.1912
65      A         C           65           LYS            0.00           311    297    104     6.464     6.332     3.736     0.3975      0.4009      0.3912      0.1857
66      A         C           66           GLU            0.00           311    297    105     6.464     6.332     3.757     0.4219      0.4246      0.4148      0.2033
67      A         C           67           ILE            0.00           311    297    105     6.464     6.332     3.757     0.4338      0.4368      0.4269      0.2120
68      A         C           68           THR            0.00           311    297    105     6.464     6.332     3.757     0.4246      0.4273      0.4175      0.2052
69      A         C           69           GLY            0.00           311    297    103     6.464     6.332     3.715     0.4186      0.4237      0.4139      0.2003
70      A         C           70           PHE            0.00           311    297    106     6.464     6.332     3.777     0.4638      0.4655      0.4556      0.2364
71      A         C           71           LEU            0.00           311    297    106     6.464     6.332     3.777     0.4800      0.4818      0.4719      0.2483
72      A         C           72           LEU            0.00           311    297    106     6.464     6.332     3.777     0.4613      0.4629      0.4530      0.2345
73      A         C           73           ILE            0.00           311    297    106     6.464     6.332     3.777     0.4666      0.4683      0.4584      0.2385
74      A         C           74           GLN            0.00           311    297     98     6.464     6.332     3.609     0.4148      0.4270      0.4173      0.1940
75      A         C           75           ALA            0.00           311    297    105     6.464     6.332     3.757     0.4306      0.4333      0.4235      0.2105
76      A         C           76           TRP            0.00           311    297    102     6.464     6.332     3.694     0.3975      0.4031      0.3934      0.1844
77      A         C           77           PRO            0.00           311    297     74     6.464     6.332     3.027     0.3395      0.3737      0.3642      0.1177
78      A         C           78           GLU            0.00           311    297     12     6.464     6.332     1.000     0.2166      0.3232      0.3143      0.0114
79      A         C           79           ASN            0.00           311    297      3     6.464     6.332     1.000     0.1826      0.3259      0.3169      0.0115
80      A         C           80           ARG            0.00           311    297     33     6.464     6.332     1.450     0.2660      0.3470      0.3377      0.0263
81      A         C           81           THR            0.00           311    297     44     6.464     6.332     2.010     0.2953      0.3734      0.3638      0.0553
82      A         C           82           ASP            0.00           311    297     74     6.464     6.332     3.027     0.3392      0.3714      0.3620      0.1166
83      A         C           83           LEU            0.00           311    297     98     6.464     6.332     3.609     0.3948      0.4049      0.3952      0.1791
84      A         C           84           HIS            0.00           311    297     60     6.464     6.332     2.611     0.3174      0.3642      0.3548      0.0869
85      A         C           85           ALA            0.00           311    297     81     6.464     6.332     3.211     0.3598      0.3869      0.3773      0.1371
86      A         C           86           PHE            0.00           311    297    104     6.464     6.332     3.736     0.4036      0.4072      0.3975      0.1905
87      A         C           87           GLU            0.00           311    297     83     6.464     6.332     3.261     0.3586      0.3836      0.3740      0.1390
88      A         C           88           ASN            0.00           311    297     99     6.464     6.332     3.631     0.3854      0.3936      0.3840      0.1729
89      A         C           89           LEU            0.00           311    297    105     6.464     6.332     3.757     0.4263      0.4291      0.4192      0.2067
90      A         C           90           GLU            0.00           311    297    105     6.464     6.332     3.757     0.4154      0.4181      0.4083      0.1992
91      A         C           91           ILE            0.00           311    297    100     6.464     6.332     3.652     0.3966      0.4047      0.3949      0.1814
92      A         C           92           ILE            0.00           311    297    105     6.464     6.332     3.757     0.4573      0.4607      0.4507      0.2291
93      A         C           93           ARG            0.00           311    297    105     6.464     6.332     3.757     0.4380      0.4410      0.4311      0.2148
94      A         C           94           GLY            0.00           311    297    105     6.464     6.332     3.757     0.4148      0.4177      0.4079      0.1989
95      A         C           95           ARG            0.00           311    297    105     6.464     6.332     3.757     0.4253      0.4281      0.4183      0.2059
96      A         C           96           THR            0.00           311    297    106     6.464     6.332     3.777     0.4510      0.4526      0.4427      0.2247
97      A         C           97           LYS            0.00           311    297    103     6.464     6.332     3.715     0.4227      0.4283      0.4185      0.2033
98      A         C           98           GLN            0.00           311    297     94     6.464     6.332     3.521     0.3955      0.4122      0.4026      0.1771
99      A         C           99           HIS            0.00           311    297     81     6.464     6.332     3.211     0.3622      0.3936      0.3840      0.1411
100     A         C          100           GLY            0.00           311    297     73     6.464     6.332     3.000     0.3448      0.3846      0.3750      0.1209
101     A         C          101           GLN            0.00           311    297     79     6.464     6.332     3.160     0.3534      0.3849      0.3753      0.1324
102     A         C          102           PHE            0.00           311    297    106     6.464     6.332     3.777     0.4824      0.4843      0.4743      0.2491
103     A         C          103           SER            0.00           311    297    105     6.464     6.332     3.757     0.4652      0.4690      0.4590      0.2345
104     A         C          104           LEU            0.00           311    297    106     6.464     6.332     3.777     0.5036      0.5056      0.4957      0.2670
105     A         C          105           ALA            0.00           311    297    106     6.464     6.332     3.777     0.4981      0.5001      0.4901      0.2616
106     A         C          106           VAL            0.00           311    297    106     6.464     6.332     3.777     0.4944      0.4963      0.4864      0.2597
107     A         C          107           VAL            0.00           311    297    104     6.464     6.332     3.736     0.4454      0.4499      0.4401      0.2215
108     A         C          108           SER            0.00           311    297    106     6.464     6.332     3.777     0.4554      0.4571      0.4472      0.2297
109     A         C          109           LEU            0.00           311    297    106     6.464     6.332     3.777     0.4597      0.4614      0.4515      0.2327
110     A         C          110           ASN            0.00           311    297     94     6.464     6.332     3.521     0.3943      0.4102      0.4005      0.1748
111     A         C          111           ILE            0.00           311    297    105     6.464     6.332     3.757     0.4196      0.4222      0.4124      0.2026
112     A         C          112           THR            0.00           311    297     91     6.464     6.332     3.452     0.3883      0.4069      0.3972      0.1673
113     A         C          113           SER            0.00           311    297     97     6.464     6.332     3.587     0.3958      0.4073      0.3976      0.1786
114     A         C          114           LEU            0.00           311    297    106     6.464     6.332     3.777     0.4456      0.4472      0.4374      0.2224
115     A         C          115           GLY            0.00           311    297    101     6.464     6.332     3.673     0.4063      0.4135      0.4038      0.1903
116     A         C          116           LEU            0.00           311    297    101     6.464     6.332     3.673     0.4103      0.4177      0.4079      0.1925
117     A         C          117           ARG            0.00           311    297     64     6.464     6.332     2.738     0.3210      0.3626      0.3532      0.0939
118     A         C          118           SER            0.00           311    297     99     6.464     6.332     3.631     0.3886      0.3973      0.3877      0.1755
119     A         C          119           LEU            0.00           311    297    103     6.464     6.332     3.715     0.4071      0.4121      0.4024      0.1923
120     A         C          120           LYS            0.00           311    297     67     6.464     6.332     2.828     0.3354      0.3766      0.3671      0.1053
121     A         C          121           GLU            0.00           311    297    105     6.464     6.332     3.757     0.4293      0.4324      0.4225      0.2093
122     A         C          122           ILE            0.00           311    297    105     6.464     6.332     3.757     0.4602      0.4637      0.4537      0.2315
123     A         C          123           SER            0.00           311    297    105     6.464     6.332     3.757     0.4475      0.4506      0.4407      0.2217
124     A         C          124           ASP            0.00           311    297    105     6.464     6.332     3.757     0.4542      0.4575      0.4475      0.2265
125     A         C          125           GLY            0.00           311    297    105     6.464     6.332     3.757     0.4418      0.4448      0.4350      0.2185
126     A         C          126           ASP            0.00           311    297    106     6.464     6.332     3.777     0.4754      0.4772      0.4672      0.2442
127     A         C          127           VAL            0.00           311    297    107     6.464     6.332     3.798     0.5095      0.5095      0.4996      0.2733
128     A         C          128           ILE            0.00           311    297    106     6.464     6.332     3.777     0.4829      0.4848      0.4748      0.2499
129     A         C          129           ILE            0.00           311    297    106     6.464     6.332     3.777     0.4883      0.4902      0.4803      0.2557
130     A         C          130           SER            0.00           311    297     97     6.464     6.332     3.587     0.4142      0.4277      0.4180      0.1937
131     A         C          131           GLY            0.00           311    297    105     6.464     6.332     3.757     0.4543      0.4576      0.4477      0.2277
132     A         C          132           ASN            0.00           311    297    105     6.464     6.332     3.757     0.4544      0.4578      0.4479      0.2282
133     A         C          133           LYS            0.00           311    297     81     6.464     6.332     3.211     0.3672      0.3983      0.3887      0.1447
134     A         C          134           ASN            0.00           311    297    100     6.464     6.332     3.652     0.4170      0.4264      0.4166      0.1973
135     A         C          135           LEU            0.00           311    297    105     6.464     6.332     3.757     0.4488      0.4518      0.4420      0.2244
136     A         C          136           CYS            0.00           311    297     92     6.464     6.332     3.475     0.3953      0.4142      0.4045      0.1742
137     A         C          137           TYR            0.00           311    297    102     6.464     6.332     3.694     0.4194      0.4260      0.4162      0.2001
138     A         C          138           ALA            0.00           311    297    106     6.464     6.332     3.777     0.4596      0.4612      0.4514      0.2341
139     A         C          139           ASN            0.00           311    297     89     6.464     6.332     3.406     0.4018      0.4270      0.4173      0.1773
140     A         C          140           THR            0.00           311    297    102     6.464     6.332     3.694     0.4363      0.4437      0.4339      0.2127
141     A         C          141           ILE            0.00           311    297    103     6.464     6.332     3.715     0.4246      0.4301      0.4204      0.2053
142     A         C          142           ASN            0.00           311    297    103     6.464     6.332     3.715     0.4254      0.4311      0.4213      0.2053
143     A         C          143           TRP            0.00           311    297    105     6.464     6.332     3.757     0.4462      0.4495      0.4396      0.2224
144     A         C          144           LYS            0.00           311    297    100     6.464     6.332     3.652     0.4173      0.4270      0.4173      0.1978
145     A         C          145           LYS            0.00           311    297    101     6.464     6.332     3.673     0.4270      0.4355      0.4257      0.2053
146     A         C          146           LEU            0.00           311    297    105     6.464     6.332     3.757     0.4451      0.4483      0.4384      0.2203
147     A         C          147           PHE            0.00           311    297    102     6.464     6.332     3.694     0.4237      0.4307      0.4209      0.2033
148     A         C          148           GLY            0.00           311    297     57     6.464     6.332     2.510     0.3286      0.3953      0.3856      0.0918
149     A         C          149           THR            0.00           311    297     77     6.464     6.332     3.108     0.3515      0.3862      0.3766      0.1286
150     A         C          150           SER            0.00           311    297     76     6.464     6.332     3.081     0.3575      0.3985      0.3888      0.1332
151     A         C          151           GLY            0.00           311    297     72     6.464     6.332     2.972     0.3507      0.3962      0.3866      0.1248
152     A         C          152           GLN            0.00           311    297    105     6.464     6.332     3.757     0.4270      0.4298      0.4200      0.2070
153     A         C          153           LYS            0.00           311    297    107     6.464     6.332     3.798     0.4654      0.4654      0.4555      0.2370
154     A         C          154           THR            0.00           311    297    107     6.464     6.332     3.798     0.4669      0.4669      0.4571      0.2405
155     A         C          155           LYS            0.00           311    297    106     6.464     6.332     3.777     0.4625      0.4641      0.4541      0.2332
156     A         C          156           ILE            0.00           311    297    107     6.464     6.332     3.798     0.4844      0.4844      0.4746      0.2536
157     A         C          157           ILE            0.00           311    297     95     6.464     6.332     3.543     0.4076      0.4235      0.4138      0.1862
158     A         C          158           SER            0.00           311    297    107     6.464     6.332     3.798     0.4652      0.4652      0.4553      0.2375
159     A         C          159           ASN            0.00           311    297    105     6.464     6.332     3.757     0.4540      0.4572      0.4473      0.2279
160     A         C          160           ARG            0.00           311    297     95     6.464     6.332     3.543     0.4079      0.4238      0.4141      0.1868
161     A         C          161           GLY            0.00           311    297     63     6.464     6.332     2.706     0.3309      0.3803      0.3708      0.0992
162     A         C          162           GLU            0.00           311    297     75     6.464     6.332     3.054     0.3502      0.3872      0.3776      0.1266
163     A         C          163           ASN            0.00           311    297     87     6.464     6.332     3.359     0.3866      0.4128      0.4031      0.1637
164     A         C          164           SER            0.00           311    297     92     6.464     6.332     3.475     0.3959      0.4146      0.4049      0.1745
165     A         C          165           CYS            0.00           311    297     92     6.464     6.332     3.475     0.3862      0.4035      0.3938      0.1672
166     A         C          166           LYS            0.00           311    297     82     6.464     6.332     3.236     0.3662      0.3961      0.3864      0.1444
167     A         C          167           ALA            0.00           311    297     71     6.464     6.332     2.944     0.3521      0.3987      0.3891      0.1242
168     A         C          168           THR            0.00           311    297     58     6.464     6.332     2.544     0.3250      0.3821      0.3725      0.0893
169     A         C          169           GLY            0.00           311    297     48     6.464     6.332     2.177     0.3019      0.3672      0.3578      0.0628
170     A         C          170           GLN            0.00           311    297     73     6.464     6.332     3.000     0.3497      0.3887      0.3791      0.1232
171     A         C          171           VAL            0.00           311    297     73     6.464     6.332     3.000     0.3451      0.3825      0.3729      0.1198
172     A         C          172           CYS            0.00           311    297     92     6.464     6.332     3.475     0.3847      0.4015      0.3918      0.1655
173     A         C          173           HIS            0.00           311    297     91     6.464     6.332     3.452     0.3786      0.3956      0.3859      0.1601
174     A         C          174           ALA            0.00           311    297     63     6.464     6.332     2.706     0.3222      0.3672      0.3578      0.0937
175     A         C          175           LEU            0.00           311    297     74     6.464     6.332     3.027     0.3485      0.3839      0.3743      0.1221
176     A         C          176           CYS            0.00           311    297     81     6.464     6.332     3.211     0.3525      0.3792      0.3697      0.1330
177     A         C          177           SER            0.00           311    297     70     6.464     6.332     2.916     0.3395      0.3830      0.3734      0.1144
178     A         C          178           PRO            0.00           311    297     63     6.464     6.332     2.706     0.3355      0.3935      0.3839      0.1046
179     A         C          179           GLU            0.00           311    297     56     6.464     6.332     2.476     0.3132      0.3725      0.3631      0.0815
180     A         C          180           GLY            0.00           311    297     54     6.464     6.332     2.405     0.3138      0.3758      0.3662      0.0781
181     A         C          181           CYS            0.00           311    297     83     6.464     6.332     3.261     0.3639      0.3905      0.3809      0.1429
182     A         C          182           TRP            0.00           311    297    105     6.464     6.332     3.757     0.4076      0.4103      0.4006      0.1943
183     A         C          183           GLY            0.00           311    297     97     6.464     6.332     3.587     0.3958      0.4074      0.3978      0.1789
184     A         C          184           PRO            0.00           311    297     89     6.464     6.332     3.406     0.3784      0.3985      0.3889      0.1585
185     A         C          185           GLU            0.00           311    297     79     6.464     6.332     3.160     0.3517      0.3800      0.3704      0.1300
186     A         C          186           PRO            0.00           311    297     62     6.464     6.332     2.675     0.3240      0.3694      0.3599      0.0925
187     A         C          187           ARG            0.00           311    297     80     6.464     6.332     3.186     0.3541      0.3826      0.3730      0.1330
188     A         C          188           ASP            0.00           311    297     93     6.464     6.332     3.498     0.3777      0.3920      0.3823      0.1617
189     A         C          189           CYS            0.00           311    297     84     6.464     6.332     3.286     0.3660      0.3912      0.3816      0.1452
190     A         C          190           VAL            0.00           311    297     78     6.464     6.332     3.134     0.3588      0.3919      0.3823      0.1342
191     A         C          191           SER            0.00           311    297     71     6.464     6.332     2.944     0.3400      0.3808      0.3712      0.1152
192     A         C          192           CYS            0.00           311    297     61     6.464     6.332     2.643     0.3187      0.3659      0.3565      0.0891
193     A         C          193           ARG            0.00           311    297     25     6.464     6.332     1.000     0.2495      0.3272      0.3181      0.0115
194     A         C          194           ASN            0.00           311    297      4     6.464     6.332     1.000     0.1944      0.3030      0.2944      0.0103
195     A         C          195           VAL            0.00           311    297      0     6.464     6.332     1.000     0.1843      0.0000      0.0000      0.0000
196     A         C          196           SER            0.00           311    297      0     6.464     6.332     1.000     0.1763      0.0000      0.0000      0.0000
197     A         C          197           ARG            0.00           311    297      0     6.464     6.332     1.000     0.1624      0.0000      0.0000      0.0000
198     A         C          198           GLY            0.00           311    297      0     6.464     6.332     1.000     0.1480      0.0000      0.0000      0.0000
199     A         C          199           ARG            0.00           311    297      0     6.464     6.332     1.000     0.1430      0.0000      0.0000      0.0000
200     A         C          200           GLU            0.00           311    297      0     6.464     6.332     1.000     0.1918      0.0000      0.0000      0.0000
201     A         C          201           CYS            0.00           311    297     30     6.464     6.332     1.258     0.2632      0.3338      0.3247      0.0187
202     A         C          202           VAL            0.00           311    297      7     6.464     6.332     1.000     0.2216      0.3150      0.3062      0.0109
203     A         C          203           ASP            0.00           311    297      0     6.464     6.332     1.000     0.0867      0.0000      0.0000      0.0000
204     A         C          204           LYS            0.00           311    297      0     6.464     6.332     1.000     0.0547      0.0000      0.0000      0.0000
205     B         A            1           GLN            0.00           325    318      0     6.592     6.529     1.000     0.0648      0.0000      0.0000      0.0000
206     B         A            2           VAL            0.00           325    318      0     6.592     6.529     1.000     0.1316      0.0000      0.0000      0.0000
207     B         A            3           GLN            0.00           325    318      3     6.592     6.529     1.000     0.1967      0.3213      0.3171      0.0108
208     B         A            4           LEU            0.00           325    318    182     6.592     6.529     5.029     0.4163      0.4338      0.4292      0.3116
209     B         A            5           VAL            0.00           325    318    197     6.592     6.529     5.227     0.4654      0.4721      0.4675      0.3636
210     B         A            6           GLN            0.00           325    318    193     6.592     6.529     5.175     0.4509      0.4607      0.4560      0.3485
211     B         A            7           SER            0.00           325    318    191     6.592     6.529     5.149     0.4386      0.4497      0.4450      0.3361
212     B         A            8           GLY            0.00           325    318    157     6.592     6.529     4.669     0.3569      0.3829      0.3784      0.2390
213     B         A            9           ALA            0.00           325    318    176     6.592     6.529     4.946     0.3816      0.3991      0.3945      0.2742
214     B         A           10           GLU            0.00           325    318    144     6.592     6.529     4.465     0.3435      0.3750      0.3705      0.2174
215     B         A           11           VAL            0.00           325    318    167     6.592     6.529     4.818     0.3730      0.3954      0.3909      0.2609
216     B         A           12           LYS            0.00           325    318    164     6.592     6.529     4.774     0.3631      0.3855      0.3810      0.2491
217     B         A           13           ARG            0.00           325    318    126     6.592     6.529     4.159     0.3311      0.3690      0.3645      0.1901
218     B         A           14           PRO            0.00           325    318    163     6.592     6.529     4.759     0.3673      0.3919      0.3873      0.2532
219     B         A           15           GLY            0.00           325    318    163     6.592     6.529     4.759     0.3612      0.3850      0.3805      0.2479
220     B         A           16           SER            0.00           325    318    183     6.592     6.529     5.042     0.4061      0.4220      0.4174      0.3019
221     B         A           17           SER            0.00           325    318    186     6.592     6.529     5.083     0.4103      0.4239      0.4193      0.3068
222     B         A           18           VAL            0.00           325    318    197     6.592     6.529     5.227     0.4674      0.4742      0.4695      0.3653
223     B         A           19           LYS            0.00           325    318    198     6.592     6.529     5.240     0.4852      0.4914      0.4868      0.3832
224     B         A           20           VAL            0.00           325    318    199     6.592     6.529     5.253     0.4919      0.4972      0.4925      0.3900
225     B         A           21           SER            0.00           325    318    195     6.592     6.529     5.201     0.4689      0.4777      0.4731      0.3669
226     B         A           22           CYS            0.00           325    318    195     6.592     6.529     5.201     0.4618      0.4703      0.4657      0.3600
227     B         A           23           LYS            0.00           325    318    181     6.592     6.529     5.015     0.4191      0.4382      0.4335      0.3143
228     B         A           24           ALA            0.00           325    318     95     6.592     6.529     3.543     0.3106      0.3811      0.3766      0.1528
229     B         A           25           SER            0.00           325    318      0     6.592     6.529     1.000     0.1586      0.0000      0.0000      0.0000
230     B         A           26           GLY            0.00           325    318      0     6.592     6.529     1.000     0.1119      0.0000      0.0000      0.0000
231     B         A           27           GLY            0.00           325    318      1     6.592     6.529     1.000     0.1241      0.3093      0.3052      0.0102
232     B         A           28           ILE            0.00           325    318      2     6.592     6.529     1.000     0.1339      0.3220      0.3178      0.0108
233     B         A           29           SER            0.00           325    318      2     6.592     6.529     1.000     0.1276      0.3168      0.3126      0.0106
234     B         A           30           ASP            0.00           325    318      1     6.592     6.529     1.000     0.1265      0.3249      0.3207      0.0110
235     B         A           31           GLY            0.00           325    318      4     6.592     6.529     1.000     0.1472      0.3312      0.3269      0.0113
236     B         A           32           SER            0.00           325    318     22     6.592     6.529     1.000     0.2103      0.3619      0.3575      0.0130
237     B         A           33           ALA            0.00           325    318    169     6.592     6.529     4.847     0.3957      0.4248      0.4202      0.2887
238     B         A           34           ILE            0.00           325    318    196     6.592     6.529     5.214     0.4800      0.4886      0.4839      0.3789
239     B         A           35           SER            0.00           325    318    198     6.592     6.529     5.240     0.4792      0.4853      0.4806      0.3776
240     B         A           36           TRP            0.00           325    318    202     6.592     6.529     5.291     0.5122      0.5146      0.5100      0.4116
241     B         A           37           VAL            0.00           325    318    200     6.592     6.529     5.266     0.5063      0.5108      0.5061      0.4053
242     B         A           38           ARG            0.00           325    318    196     6.592     6.529     5.214     0.4607      0.4682      0.4636      0.3595
243     B         A           39           GLN            0.00           325    318    196     6.592     6.529     5.214     0.4642      0.4718      0.4672      0.3628
244     B         A           40           ALA            0.00           325    318    185     6.592     6.529     5.069     0.4265      0.4425      0.4379      0.3233
245     B         A           41           PRO            0.00           325    318    131     6.592     6.529     4.247     0.3428      0.3848      0.3803      0.2083
246     B         A           42           GLY            0.00           325    318    116     6.592     6.529     3.975     0.3258      0.3740      0.3696      0.1801
247     B         A           43           GLN            0.00           325    318    170     6.592     6.529     4.861     0.3895      0.4129      0.4083      0.2795
248     B         A           44           GLY            0.00           325    318    171     6.592     6.529     4.875     0.3894      0.4127      0.4081      0.2807
249     B         A           45           LEU            0.00           325    318    194     6.592     6.529     5.188     0.4621      0.4715      0.4669      0.3608
250     B         A           46           GLU            0.00           325    318    196     6.592     6.529     5.214     0.4732      0.4809      0.4762      0.3710
251     B         A           47           TRP            0.00           325    318    203     6.592     6.529     5.304     0.5124      0.5135      0.5089      0.4112
252     B         A           48           MET            0.00           325    318    200     6.592     6.529     5.266     0.5128      0.5173      0.5128      0.4122
253     B         A           49           GLY            0.00           325    318    197     6.592     6.529     5.227     0.4704      0.4773      0.4727      0.3693
254     B         A           50           GLY            0.00           325    318    194     6.592     6.529     5.188     0.4559      0.4652      0.4606      0.3544
255     B         A           51           ILE            0.00           325    318    197     6.592     6.529     5.227     0.4787      0.4861      0.4815      0.3774
256     B         A           52           ARG            0.00           325    318    176     6.592     6.529     4.946     0.4086      0.4332      0.4286      0.3048
257     B         A           53           TRP            0.00           325    318    118     6.592     6.529     4.013     0.3406      0.4012      0.3966      0.2023
258     B         A           54           TRP            0.00           325    318     50     6.592     6.529     2.256     0.2577      0.3751      0.3706      0.0672
259     B         A           55           GLY            0.00           325    318     24     6.592     6.529     1.000     0.2156      0.3661      0.3616      0.0134
260     B         A           56           GLY            0.00           325    318     45     6.592     6.529     2.053     0.2629      0.3781      0.3736      0.0571
261     B         A           57           ILE            0.00           325    318    137     6.592     6.529     4.350     0.3522      0.3966      0.3921      0.2264
262     B         A           58           THR            0.00           325    318    187     6.592     6.529     5.096     0.4337      0.4483      0.4437      0.3311
263     B         A           59           ASN            0.00           325    318    196     6.592     6.529     5.214     0.4667      0.4741      0.4695      0.3646
264     B         A           60           TYR            0.00           325    318    197     6.592     6.529     5.227     0.4819      0.4888      0.4842      0.3803
265     B         A           61           ALA            0.00           325    318    201     6.592     6.529     5.278     0.5006      0.5038      0.4992      0.3992
266     B         A           62           GLN            0.00           325    318    193     6.592     6.529     5.175     0.4739      0.4852      0.4806      0.3727
267     B         A           63           LYS            0.00           325    318    192     6.592     6.529     5.162     0.4446      0.4551      0.4505      0.3427
268     B         A           64           PHE            0.00           325    318    194     6.592     6.529     5.188     0.4544      0.4632      0.4586      0.3523
269     B         A           65           GLN            0.00           325    318    139     6.592     6.529     4.383     0.3505      0.3922      0.3877      0.2245
270     B         A           66           GLY            0.00           325    318    142     6.592     6.529     4.433     0.3617      0.4058      0.4012      0.2393
271     B         A           67           ARG            0.00           325    318    133     6.592     6.529     4.282     0.3438      0.3853      0.3808      0.2111
272     B         A           68           VAL            0.00           325    318    191     6.592     6.529     5.149     0.4369      0.4480      0.4434      0.3345
273     B         A           69           THR            0.00           325    318    198     6.592     6.529     5.240     0.4838      0.4900      0.4854      0.3817
274     B         A           70           ILE            0.00           325    318    201     6.592     6.529     5.278     0.5098      0.5131      0.5085      0.4080
275     B         A           71           THR            0.00           325    318    198     6.592     6.529     5.240     0.4862      0.4925      0.4878      0.3840
276     B         A           72           ALA            0.00           325    318    184     6.592     6.529     5.056     0.4111      0.4271      0.4225      0.3079
277     B         A           73           ASP            0.00           325    318    157     6.592     6.529     4.669     0.3665      0.3984      0.3938      0.2522
278     B         A           74           GLU            0.00           325    318    117     6.592     6.529     3.994     0.3270      0.3792      0.3747      0.1850
279     B         A           75           SER            0.00           325    318    153     6.592     6.529     4.608     0.3603      0.3949      0.3904      0.2445
280     B         A           76           THR            0.00           325    318    152     6.592     6.529     4.592     0.3593      0.3942      0.3897      0.2425
281     B         A           77           SER            0.00           325    318    172     6.592     6.529     4.889     0.3932      0.4171      0.4125      0.2851
282     B         A           78           THR            0.00           325    318    187     6.592     6.529     5.096     0.4414      0.4569      0.4523      0.3383
283     B         A           79           ALA            0.00           325    318    197     6.592     6.529     5.227     0.4672      0.4741      0.4694      0.3656
284     B         A           80           TYR            0.00           325    318    198     6.592     6.529     5.240     0.4806      0.4868      0.4821      0.3789
285     B         A           81           MET            0.00           325    318    198     6.592     6.529     5.240     0.4778      0.4841      0.4794      0.3764
286     B         A           82           GLU            0.00           325    318    198     6.592     6.529     5.240     0.4863      0.4928      0.4881      0.3843
287     B         A           83           LEU            0.00           325    318    198     6.592     6.529     5.240     0.4807      0.4868      0.4822      0.3784
288     B         A           84           SER            0.00           325    318    183     6.592     6.529     5.042     0.4197      0.4367      0.4321      0.3152
289     B         A           85           SER            0.00           325    318    179     6.592     6.529     4.987     0.3887      0.4057      0.4011      0.2832
290     B         A           86           LEU            0.00           325    318    187     6.592     6.529     5.096     0.4266      0.4403      0.4357      0.3227
291     B         A           87           ARG            0.00           325    318    121     6.592     6.529     4.068     0.3337      0.3788      0.3743      0.1902
292     B         A           88           SER            0.00           325    318    131     6.592     6.529     4.247     0.3376      0.3769      0.3724      0.2024
293     B         A           89           GLU            0.00           325    318    166     6.592     6.529     4.803     0.3875      0.4149      0.4104      0.2769
294     B         A           90           ASP            0.00           325    318    188     6.592     6.529     5.109     0.4280      0.4410      0.4364      0.3247
295     B         A           91           THR            0.00           325    318    195     6.592     6.529     5.201     0.4487      0.4569      0.4523      0.3472
296     B         A           92           ALA            0.00           325    318    192     6.592     6.529     5.162     0.4382      0.4480      0.4434      0.3352
297     B         A           93           VAL            0.00           325    318    200     6.592     6.529     5.266     0.4978      0.5021      0.4975      0.3962
298     B         A           94           TYR            0.00           325    318    201     6.592     6.529     5.278     0.4995      0.5027      0.4981      0.3980
299     B         A           95           TYR            0.00           325    318    201     6.592     6.529     5.278     0.4972      0.5005      0.4958      0.3961
300     B         A           96           CYS            0.00           325    318    197     6.592     6.529     5.227     0.4831      0.4904      0.4858      0.3820
301     B         A           97           ALA            0.00           325    318    193     6.592     6.529     5.175     0.4766      0.4881      0.4835      0.3759
302     B         A           98           ARG            0.00           325    318    161     6.592     6.529     4.729     0.3966      0.4339      0.4293      0.2877
303     B         A           99           ASP            0.00           325    318     66     6.592     6.529     2.798     0.2722      0.3931      0.3886      0.1073
304     B         A          100           SER            0.00           325    318     17     6.592     6.529     1.000     0.1755      0.3698      0.3653      0.0135
305     B         A          101           SER            0.00           325    318      9     6.592     6.529     1.000     0.1446      0.3523      0.3479      0.0125
306     B         A          102           LEU            0.00           325    318     19     6.592     6.529     1.000     0.1694      0.3808      0.3763      0.0143
307     B         A          103           GLY            0.00           325    318     26     6.592     6.529     1.000     0.1970      0.3836      0.3791      0.0145
308     B         A          104           TYR            0.00           325    318     52     6.592     6.529     2.332     0.2572      0.4045      0.3999      0.0811
309     B         A          105           TYR            0.00           325    318    100     6.592     6.529     3.652     0.3314      0.4133      0.4088      0.1834
310     B         A          106           ASP            0.00           325    318    108     6.592     6.529     3.818     0.3299      0.4018      0.3973      0.1883
311     B         A          107           TYR            0.00           325    318    185     6.592     6.529     5.069     0.4299      0.4459      0.4413      0.3270
312     B         A          108           PHE            0.00           325    318    195     6.592     6.529     5.201     0.4744      0.4831      0.4785      0.3733
313     B         A          109           ASP            0.00           325    318    144     6.592     6.529     4.465     0.3706      0.4164      0.4118      0.2508
314     B         A          110           TYR            0.00           325    318    157     6.592     6.529     4.669     0.3876      0.4238      0.4192      0.2737
315     B         A          111           TRP            0.00           325    318    196     6.592     6.529     5.214     0.4708      0.4786      0.4740      0.3697
316     B         A          112           GLY            0.00           325    318    200     6.592     6.529     5.266     0.4866      0.4908      0.4861      0.3854
317     B         A          113           GLN            0.00           325    318    194     6.592     6.529     5.188     0.4503      0.4593      0.4546      0.3485
318     B         A          114           GLY            0.00           325    318    192     6.592     6.529     5.162     0.4463      0.4568      0.4522      0.3440
319     B         A          115           THR            0.00           325    318    197     6.592     6.529     5.227     0.4781      0.4850      0.4804      0.3762
320     B         A          116           LEU            0.00           325    318    198     6.592     6.529     5.240     0.4702      0.4761      0.4715      0.3690
321     B         A          117           VAL            0.00           325    318    197     6.592     6.529     5.227     0.4708      0.4777      0.4730      0.3691
322     B         A          118           THR            0.00           325    318    187     6.592     6.529     5.096     0.4273      0.4410      0.4364      0.3235
323     B         A          119           VAL            0.00           325    318     87     6.592     6.529     3.359     0.3003      0.3604      0.3560      0.1285
324     B         A          120           SER            0.00           325    318      0     6.592     6.529     1.000     0.1425      0.0000      0.0000      0.0000
325     B         A          121           SER            0.00           325    318      0     6.592     6.529     1.000     0.0664      0.0000      0.0000      0.0000
205     B         C            1           GLN            0.00           228    220      0     5.605     5.511     1.000     0.0609      0.0000      0.0000      0.0000
206     B         C            2           VAL            0.00           228    220     11     5.605     5.511     1.000     0.1600      0.3154      0.3082      0.0148
207     B         C            3           GLN            0.00           228    220     77     5.605     5.511     3.108     0.2945      0.3268      0.3196      0.1330
208     B         C            4           LEU            0.00           228    220    107     5.605     5.511     3.798     0.7879      0.7879      0.7825      0.6395
209     B         C            5           VAL            0.00           228    220    107     5.605     5.511     3.798     0.8173      0.8173      0.8124      0.6816
210     B         C            6           GLN            0.00           228    220    107     5.605     5.511     3.798     0.8385      0.8385      0.8341      0.7129
211     B         C            7           SER            0.00           228    220    107     5.605     5.511     3.798     0.7732      0.7732      0.7675      0.6190
212     B         C            8           GLY            0.00           228    220    107     5.605     5.511     3.798     0.6230      0.6230      0.6153      0.4387
213     B         C            9           ALA            0.00           228    220    107     5.605     5.511     3.798     0.7172      0.7172      0.7105      0.5452
214     B         C           10           GLU            0.00           228    220    107     5.605     5.511     3.798     0.6640      0.6640      0.6567      0.4843
215     B         C           11           VAL            0.00           228    220    107     5.605     5.511     3.798     0.7303      0.7303      0.7238      0.5616
216     B         C           12           LYS            0.00           228    220    107     5.605     5.511     3.798     0.6951      0.6951      0.6881      0.5185
217     B         C           13           ARG            0.00           228    220    107     5.605     5.511     3.798     0.5737      0.5737      0.5658      0.3890
218     B         C           14           PRO            0.00           228    220    107     5.605     5.511     3.798     0.6597      0.6597      0.6523      0.4775
219     B         C           15           GLY            0.00           228    220    107     5.605     5.511     3.798     0.6095      0.6095      0.6017      0.4234
220     B         C           16           SER            0.00           228    220    107     5.605     5.511     3.798     0.6423      0.6423      0.6348      0.4591
221     B         C           17           SER            0.00           228    220    107     5.605     5.511     3.798     0.7160      0.7160      0.7093      0.5440
222     B         C           18           VAL            0.00           228    220    107     5.605     5.511     3.798     0.7878      0.7878      0.7823      0.6379
223     B         C           19           LYS            0.00           228    220    107     5.605     5.511     3.798     0.8247      0.8247      0.8200      0.6911
224     B         C           20           VAL            0.00           228    220    107     5.605     5.511     3.798     0.8425      0.8425      0.8382      0.7184
225     B         C           21           SER            0.00           228    220    107     5.605     5.511     3.798     0.7976      0.7976      0.7924      0.6530
226     B         C           22           CYS            0.00           228    220    107     5.605     5.511     3.798     0.8405      0.8405      0.8361      0.7158
227     B         C           23           LYS            0.00           228    220    107     5.605     5.511     3.798     0.7569      0.7569      0.7509      0.5980
228     B         C           24           ALA            0.00           228    220    107     5.605     5.511     3.798     0.5138      0.5138      0.5058      0.3355
229     B         C           25           SER            0.00           228    220     40     5.605     5.511     1.826     0.2275      0.3134      0.3063      0.0475
230     B         C           26           GLY            0.00           228    220      0     5.605     5.511     1.000     0.0936      0.0000      0.0000      0.0000
231     B         C           27           GLY            0.00           228    220      0     5.605     5.511     1.000     0.0733      0.0000      0.0000      0.0000
232     B         C           28           ILE            0.00           228    220      0     5.605     5.511     1.000     0.0871      0.0000      0.0000      0.0000
233     B         C           29           SER            0.00           228    220      0     5.605     5.511     1.000     0.0707      0.0000      0.0000      0.0000
234     B         C           30           ASP            0.00           228    220      0     5.605     5.511     1.000     0.0779      0.0000      0.0000      0.0000
235     B         C           31           GLY            0.00           228    220      2     5.605     5.511     1.000     0.1303      0.3129      0.3057      0.0143
236     B         C           32           SER            0.00           228    220     23     5.605     5.511     1.000     0.2054      0.2996      0.2927      0.0138
237     B         C           33           ALA            0.00           228    220    107     5.605     5.511     3.798     0.6404      0.6404      0.6330      0.4611
238     B         C           34           ILE            0.00           228    220    107     5.605     5.511     3.798     0.8330      0.8330      0.8285      0.7056
239     B         C           35           SER            0.00           228    220    107     5.605     5.511     3.798     0.8649      0.8649      0.8611      0.7553
240     B         C           36           TRP            0.00           228    220    107     5.605     5.511     3.798     0.9238      0.9238      0.9215      0.8549
241     B         C           37           VAL            0.00           228    220    107     5.605     5.511     3.798     0.9232      0.9232      0.9209      0.8540
242     B         C           38           ARG            0.00           228    220    107     5.605     5.511     3.798     0.8666      0.8666      0.8629      0.7579
243     B         C           39           GLN            0.00           228    220    107     5.605     5.511     3.798     0.8963      0.8963      0.8933      0.8068
244     B         C           40           ALA            0.00           228    220    107     5.605     5.511     3.798     0.8289      0.8289      0.8243      0.7009
245     B         C           41           PRO            0.00           228    220    107     5.605     5.511     3.798     0.7155      0.7155      0.7090      0.5483
246     B         C           42           GLY            0.00           228    220    107     5.605     5.511     3.798     0.7407      0.7407      0.7345      0.5801
247     B         C           43           GLN            0.00           228    220    107     5.605     5.511     3.798     0.7978      0.7978      0.7927      0.6580
248     B         C           44           GLY            0.00           228    220    107     5.605     5.511     3.798     0.7824      0.7824      0.7770      0.6387
249     B         C           45           LEU            0.00           228    220    107     5.605     5.511     3.798     0.9199      0.9199      0.9175      0.8485
250     B         C           46           GLU            0.00           228    220    107     5.605     5.511     3.798     0.8854      0.8854      0.8821      0.7892
251     B         C           47           TRP            0.00           228    220    107     5.605     5.511     3.798     0.9294      0.9294      0.9274      0.8656
252     B         C           48           MET            0.00           228    220    107     5.605     5.511     3.798     0.9183      0.9183      0.9159      0.8451
253     B         C           49           GLY            0.00           228    220    107     5.605     5.511     3.798     0.8371      0.8371      0.8327      0.7130
254     B         C           50           GLY            0.00           228    220    107     5.605     5.511     3.798     0.7862      0.7862      0.7808      0.6401
255     B         C           51           ILE            0.00           228    220    107     5.605     5.511     3.798     0.8271      0.8271      0.8225      0.6968
256     B         C           52           ARG            0.00           228    220    107     5.605     5.511     3.798     0.5827      0.5827      0.5750      0.4028
257     B         C           53           TRP            0.00           228    220    102     5.605     5.511     3.694     0.4304      0.4403      0.4325      0.2633
258     B         C           54           TRP            0.00           228    220     49     5.605     5.511     2.217     0.2480      0.3138      0.3067      0.0679
259     B         C           55           GLY            0.00           228    220      5     5.605     5.511     1.000     0.1739      0.2910      0.2842      0.0130
260     B         C           56           GLY            0.00           228    220     54     5.605     5.511     2.405     0.2586      0.3140      0.3070      0.0816
261     B         C           57           ILE            0.00           228    220    107     5.605     5.511     3.798     0.5088      0.5088      0.5009      0.3340
262     B         C           58           THR            0.00           228    220    107     5.605     5.511     3.798     0.7321      0.7321      0.7257      0.5681
263     B         C           59           ASN            0.00           228    220    107     5.605     5.511     3.798     0.7648      0.7648      0.7590      0.6106
264     B         C           60           TYR            0.00           228    220    107     5.605     5.511     3.798     0.8539      0.8539      0.8498      0.7382
265     B         C           61           ALA            0.00           228    220    107     5.605     5.511     3.798     0.8425      0.8425      0.8382      0.7213
266     B         C           62           GLN            0.00           228    220    107     5.605     5.511     3.798     0.7765      0.7765      0.7710      0.6282
267     B         C           63           LYS            0.00           228    220    107     5.605     5.511     3.798     0.7238      0.7238      0.7176      0.5625
268     B         C           64           PHE            0.00           228    220    107     5.605     5.511     3.798     0.8030      0.8030      0.7979      0.6630
269     B         C           65           GLN            0.00           228    220    107     5.605     5.511     3.798     0.6571      0.6571      0.6499      0.4801
270     B         C           66           GLY            0.00           228    220    107     5.605     5.511     3.798     0.5083      0.5083      0.5004      0.3331
271     B         C           67           ARG            0.00           228    220    107     5.605     5.511     3.798     0.5428      0.5428      0.5348      0.3616
272     B         C           68           VAL            0.00           228    220    107     5.605     5.511     3.798     0.7144      0.7144      0.7078      0.5441
273     B         C           69           THR            0.00           228    220    107     5.605     5.511     3.798     0.7928      0.7928      0.7875      0.6459
274     B         C           70           ILE            0.00           228    220    107     5.605     5.511     3.798     0.8698      0.8698      0.8661      0.7617
275     B         C           71           THR            0.00           228    220    107     5.605     5.511     3.798     0.8115      0.8115      0.8065      0.6724
276     B         C           72           ALA            0.00           228    220    107     5.605     5.511     3.798     0.6265      0.6265      0.6189      0.4432
277     B         C           73           ASP            0.00           228    220    107     5.605     5.511     3.798     0.5489      0.5489      0.5409      0.3664
278     B         C           74           GLU            0.00           228    220    107     5.605     5.511     3.798     0.4184      0.4184      0.4105      0.2529
279     B         C           75           SER            0.00           228    220    107     5.605     5.511     3.798     0.4551      0.4551      0.4470      0.2823
280     B         C           76           THR            0.00           228    220    107     5.605     5.511     3.798     0.6008      0.6008      0.5930      0.4166
281     B         C           77           SER            0.00           228    220    107     5.605     5.511     3.798     0.7044      0.7044      0.6976      0.5322
282     B         C           78           THR            0.00           228    220    107     5.605     5.511     3.798     0.7887      0.7887      0.7833      0.6395
283     B         C           79           ALA            0.00           228    220    107     5.605     5.511     3.798     0.8158      0.8158      0.8108      0.6782
284     B         C           80           TYR            0.00           228    220    107     5.605     5.511     3.798     0.8543      0.8543      0.8503      0.7374
285     B         C           81           MET            0.00           228    220    107     5.605     5.511     3.798     0.8257      0.8257      0.8210      0.6936
286     B         C           82           GLU            0.00           228    220    107     5.605     5.511     3.798     0.8233      0.8233      0.8186      0.6901
287     B         C           83           LEU            0.00           228    220    107     5.605     5.511     3.798     0.8170      0.8170      0.8122      0.6802
288     B         C           84           SER            0.00           228    220    107     5.605     5.511     3.798     0.6965      0.6965      0.6896      0.5219
289     B         C           85           SER            0.00           228    220    107     5.605     5.511     3.798     0.6453      0.6453      0.6378      0.4617
290     B         C           86           LEU            0.00           228    220    107     5.605     5.511     3.798     0.7782      0.7782      0.7725      0.6242
291     B         C           87           ARG            0.00           228    220    107     5.605     5.511     3.798     0.6148      0.6148      0.6071      0.4306
292     B         C           88           SER            0.00           228    220    107     5.605     5.511     3.798     0.7076      0.7076      0.7009      0.5356
293     B         C           89           GLU            0.00           228    220    107     5.605     5.511     3.798     0.7393      0.7393      0.7331      0.5763
294     B         C           90           ASP            0.00           228    220    107     5.605     5.511     3.798     0.8425      0.8425      0.8382      0.7180
295     B         C           91           THR            0.00           228    220    107     5.605     5.511     3.798     0.8779      0.8779      0.8744      0.7747
296     B         C           92           ALA            0.00           228    220    107     5.605     5.511     3.798     0.8534      0.8534      0.8493      0.7361
297     B         C           93           VAL            0.00           228    220    107     5.605     5.511     3.798     0.9093      0.9093      0.9067      0.8291
298     B         C           94           TYR            0.00           228    220    107     5.605     5.511     3.798     0.9275      0.9275      0.9254      0.8617
299     B         C           95           TYR            0.00           228    220    107     5.605     5.511     3.798     0.9256      0.9256      0.9234      0.8583
300     B         C           96           CYS            0.00           228    220    107     5.605     5.511     3.798     0.8673      0.8673      0.8636      0.7593
301     B         C           97           ALA            0.00           228    220    107     5.605     5.511     3.798     0.8481      0.8481      0.8440      0.7300
302     B         C           98           ARG            0.00           228    220    107     5.605     5.511     3.798     0.6866      0.6866      0.6799      0.5181
303     B         C           99           ASP            0.00           228    220     89     5.605     5.511     3.406     0.3639      0.3947      0.3872      0.2040
304     B         C          100           SER            0.00           228    220     25     5.605     5.511     1.000     0.1861      0.3194      0.3122      0.0151
305     B         C          101           SER            0.00           228    220     12     5.605     5.511     1.000     0.1452      0.2847      0.2779      0.0127
306     B         C          102           LEU            0.00           228    220     15     5.605     5.511     1.000     0.1609      0.3028      0.2958      0.0139
307     B         C          103           GLY            0.00           228    220     21     5.605     5.511     1.000     0.1945      0.3564      0.3490      0.0188
308     B         C          104           TYR            0.00           228    220     68     5.605     5.511     2.858     0.3200      0.3897      0.3824      0.1569
309     B         C          105           TYR            0.00           228    220    107     5.605     5.511     3.798     0.5881      0.5881      0.5806      0.4126
310     B         C          106           ASP            0.00           228    220    107     5.605     5.511     3.798     0.6829      0.6829      0.6761      0.5146
311     B         C          107           TYR            0.00           228    220    107     5.605     5.511     3.798     0.8139      0.8139      0.8092      0.6839
312     B         C          108           PHE            0.00           228    220    107     5.605     5.511     3.798     0.8891      0.8891      0.8859      0.7961
313     B         C          109           ASP            0.00           228    220    107     5.605     5.511     3.798     0.6979      0.6979      0.6915      0.5395
314     B         C          110           TYR            0.00           228    220    107     5.605     5.511     3.798     0.7500      0.7500      0.7442      0.5972
315     B         C          111           TRP            0.00           228    220    107     5.605     5.511     3.798     0.9038      0.9038      0.9010      0.8203
316     B         C          112           GLY            0.00           228    220    107     5.605     5.511     3.798     0.8807      0.8807      0.8773      0.7811
317     B         C          113           GLN            0.00           228    220    107     5.605     5.511     3.798     0.8296      0.8296      0.8250      0.7011
318     B         C          114           GLY            0.00           228    220    107     5.605     5.511     3.798     0.8308      0.8308      0.8263      0.7032
319     B         C          115           THR            0.00           228    220    107     5.605     5.511     3.798     0.8857      0.8857      0.8824      0.7882
320     B         C          116           LEU            0.00           228    220    107     5.605     5.511     3.798     0.8861      0.8861      0.8828      0.7883
321     B         C          117           VAL            0.00           228    220    107     5.605     5.511     3.798     0.8881      0.8881      0.8849      0.7916
322     B         C          118           THR            0.00           228    220    107     5.605     5.511     3.798     0.8267      0.8267      0.8220      0.6941
323     B         C          119           VAL            0.00           228    220    107     5.605     5.511     3.798     0.6438      0.6438      0.6363      0.4623
324     B         C          120           SER            0.00           228    220      0     5.605     5.511     1.000     0.1238      0.0000      0.0000      0.0000
325     B         C          121           SER            0.00           228    220      0     5.605     5.511     1.000     0.0698      0.0000      0.0000      0.0000
326     C         A            1           GLN            0.00           311    307      0     6.464     6.427     1.000     0.0516      0.0000      0.0000      0.0000
327     C         A            2           PRO            0.00           311    307      0     6.464     6.427     1.000     0.0585      0.0000      0.0000      0.0000
328     C         A            3           VAL            0.00           311    307      0     6.464     6.427     1.000     0.0738      0.0000      0.0000      0.0000
329     C         A            4           LEU            0.00           311    307    158     6.464     6.427     4.684     0.3707      0.4019      0.3991      0.2633
330     C         A            5           THR            0.00           311    307    197     6.464     6.427     5.227     0.4505      0.4568      0.4540      0.3581
331     C         A            6           GLN            0.00           311    307    199     6.464     6.427     5.253     0.4663      0.4710      0.4683      0.3740
332     C         A            7           PRO            0.00           311    307    197     6.464     6.427     5.227     0.4561      0.4625      0.4597      0.3636
333     C         A            8           PRO            0.00           311    307    180     6.464     6.427     5.001     0.3882      0.4033      0.4006      0.2902
334     C         A            9           SER            0.00           311    307    116     6.464     6.427     3.975     0.3166      0.3590      0.3564      0.1760
335     C         A           10           VAL            0.00           311    307    176     6.464     6.427     4.946     0.3925      0.4117      0.4090      0.2931
336     C         A           11           SER            0.00           311    307    146     6.464     6.427     4.498     0.3390      0.3704      0.3677      0.2233
337     C         A           12           ALA            0.00           311    307    132     6.464     6.427     4.265     0.3305      0.3687      0.3660      0.2039
338     C         A           13           ALA            0.00           311    307    138     6.464     6.427     4.367     0.3326      0.3675      0.3649      0.2109
339     C         A           14           PRO            0.00           311    307    140     6.464     6.427     4.400     0.3375      0.3729      0.3702      0.2175
340     C         A           15           GLY            0.00           311    307    139     6.464     6.427     4.383     0.3451      0.3841      0.3814      0.2248
341     C         A           16           GLN            0.00           311    307    164     6.464     6.427     4.774     0.3798      0.4072      0.4045      0.2752
342     C         A           17           THR            0.00           311    307    179     6.464     6.427     4.987     0.4031      0.4219      0.4192      0.3060
343     C         A           18           ALA            0.00           311    307    193     6.464     6.427     5.175     0.4429      0.4526      0.4498      0.3495
344     C         A           19           ARG            0.00           311    307    194     6.464     6.427     5.188     0.4592      0.4688      0.4660      0.3664
345     C         A           20           ILE            0.00           311    307    202     6.464     6.427     5.291     0.4995      0.5018      0.4990      0.4073
346     C         A           21           THR            0.00           311    307    200     6.464     6.427     5.266     0.4853      0.4894      0.4866      0.3927
347     C         A           22           CYS            0.00           311    307    200     6.464     6.427     5.266     0.4738      0.4776      0.4748      0.3810
348     C         A           23           GLY            0.00           311    307    158     6.464     6.427     4.684     0.3665      0.3967      0.3940      0.2592
349     C         A           24           GLY            0.00           311    307    148     6.464     6.427     4.530     0.3593      0.3980      0.3952      0.2475
350     C         A           25           ASN            0.00           311    307    145     6.464     6.427     4.482     0.3676      0.4136      0.4109      0.2570
351     C         A           26           ASN            0.00           311    307    176     6.464     6.427     4.946     0.4050      0.4264      0.4237      0.3074
352     C         A           27           ILE            0.00           311    307    201     6.464     6.427     5.278     0.4698      0.4726      0.4698      0.3777
353     C         A           28           GLY            0.00           311    307    199     6.464     6.427     5.253     0.4746      0.4794      0.4766      0.3830
354     C         A           29           GLU            0.00           311    307    202     6.464     6.427     5.291     0.4791      0.4811      0.4783      0.3877
355     C         A           30           LYS            0.00           311    307    202     6.464     6.427     5.291     0.4726      0.4745      0.4717      0.3809
356     C         A           31           HIS            0.00           311    307    199     6.464     6.427     5.253     0.4785      0.4835      0.4807      0.3862
357     C         A           32           VAL            0.00           311    307    202     6.464     6.427     5.291     0.5172      0.5195      0.5168      0.4256
358     C         A           33           GLN            0.00           311    307    202     6.464     6.427     5.291     0.5032      0.5055      0.5027      0.4114
359     C         A           34           TRP            0.00           311    307    203     6.464     6.427     5.304     0.5119      0.5131      0.5104      0.4204
360     C         A           35           TYR            0.00           311    307    202     6.464     6.427     5.291     0.4930      0.4952      0.4925      0.4014
361     C         A           36           GLN            0.00           311    307    201     6.464     6.427     5.278     0.5012      0.5046      0.5019      0.4100
362     C         A           37           GLN            0.00           311    307    199     6.464     6.427     5.253     0.4728      0.4777      0.4749      0.3809
363     C         A           38           ARG            0.00           311    307    189     6.464     6.427     5.123     0.4303      0.4432      0.4404      0.3373
364     C         A           39           PRO            0.00           311    307    129     6.464     6.427     4.213     0.3354      0.3819      0.3792      0.2101
365     C         A           40           GLY            0.00           311    307    126     6.464     6.427     4.159     0.3267      0.3691      0.3665      0.1969
366     C         A           41           GLN            0.00           311    307    190     6.464     6.427     5.136     0.4179      0.4293      0.4265      0.3254
367     C         A           42           ALA            0.00           311    307    192     6.464     6.427     5.162     0.4371      0.4475      0.4447      0.3445
368     C         A           43           PRO            0.00           311    307    193     6.464     6.427     5.175     0.4424      0.4523      0.4495      0.3501
369     C         A           44           VAL            0.00           311    307    196     6.464     6.427     5.214     0.4719      0.4801      0.4773      0.3804
370     C         A           45           LEU            0.00           311    307    199     6.464     6.427     5.253     0.4908      0.4962      0.4935      0.3993
371     C         A           46           VAL            0.00           311    307    195     6.464     6.427     5.201     0.4704      0.4797      0.4770      0.3789
372     C         A           47           ILE            0.00           311    307    201     6.464     6.427     5.278     0.5100      0.5135      0.5108      0.4192
373     C         A           48           TYR            0.00           311    307    202     6.464     6.427     5.291     0.4869      0.4890      0.4862      0.3951
374     C         A           49           TYR            0.00           311    307    201     6.464     6.427     5.278     0.4723      0.4751      0.4724      0.3802
375     C         A           50           ASP            0.00           311    307    200     6.464     6.427     5.266     0.4789      0.4828      0.4801      0.3868
376     C         A           51           SER            0.00           311    307    197     6.464     6.427     5.227     0.4620      0.4689      0.4662      0.3707
377     C         A           52           THR            0.00           311    307    199     6.464     6.427     5.253     0.4850      0.4902      0.4874      0.3925
378     C         A           53           ARG            0.00           311    307    193     6.464     6.427     5.175     0.4624      0.4733      0.4706      0.3707
379     C         A           54           PRO            0.00           311    307    191     6.464     6.427     5.149     0.4450      0.4567      0.4540      0.3520
380     C         A           55           SER            0.00           311    307    177     6.464     6.427     4.960     0.4133      0.4357      0.4329      0.3166
381     C         A           56           GLY            0.00           311    307    160     6.464     6.427     4.714     0.3801      0.4142      0.4115      0.2769
382     C         A           57           ILE            0.00           311    307    189     6.464     6.427     5.123     0.4259      0.4386      0.4358      0.3327
383     C         A           58           PRO            0.00           311    307    159     6.464     6.427     4.699     0.3741      0.4059      0.4032      0.2682
384     C         A           59           GLU            0.00           311    307    153     6.464     6.427     4.608     0.3654      0.4005      0.3978      0.2564
385     C         A           60           ARG            0.00           311    307    146     6.464     6.427     4.498     0.3545      0.3925      0.3898      0.2408
386     C         A           61           PHE            0.00           311    307    198     6.464     6.427     5.240     0.4670      0.4729      0.4702      0.3750
387     C         A           62           SER            0.00           311    307    195     6.464     6.427     5.201     0.4508      0.4591      0.4563      0.3586
388     C         A           63           GLY            0.00           311    307    196     6.464     6.427     5.214     0.4463      0.4535      0.4507      0.3547
389     C         A           64           SER            0.00           311    307    197     6.464     6.427     5.227     0.4369      0.4430      0.4403      0.3457
390     C         A           65           ASN            0.00           311    307    193     6.464     6.427     5.175     0.4355      0.4447      0.4420      0.3430
391     C         A           66           SER            0.00           311    307    182     6.464     6.427     5.029     0.3979      0.4130      0.4102      0.3014
392     C         A           67           GLY            0.00           311    307    185     6.464     6.427     5.069     0.4035      0.4172      0.4145      0.3086
393     C         A           68           ASN            0.00           311    307    189     6.464     6.427     5.123     0.4137      0.4248      0.4220      0.3193
394     C         A           69           THR            0.00           311    307    194     6.464     6.427     5.188     0.4405      0.4490      0.4462      0.3477
395     C         A           70           ALA            0.00           311    307    201     6.464     6.427     5.278     0.4866      0.4896      0.4869      0.3944
396     C         A           71           ALA            0.00           311    307    197     6.464     6.427     5.227     0.4622      0.4689      0.4661      0.3699
397     C         A           72           LEU            0.00           311    307    202     6.464     6.427     5.291     0.5069      0.5093      0.5065      0.4150
398     C         A           73           THR            0.00           311    307    199     6.464     6.427     5.253     0.4972      0.5027      0.4999      0.4049
399     C         A           74           ILE            0.00           311    307    198     6.464     6.427     5.240     0.4769      0.4830      0.4802      0.3841
400     C         A           75           ASN            0.00           311    307    166     6.464     6.427     4.803     0.3880      0.4162      0.4134      0.2858
401     C         A           76           SER            0.00           311    307    155     6.464     6.427     4.639     0.3617      0.3927      0.3900      0.2523
402     C         A           77           VAL            0.00           311    307    171     6.464     6.427     4.875     0.3849      0.4077      0.4050      0.2840
403     C         A           78           GLU            0.00           311    307    135     6.464     6.427     4.316     0.3446      0.3876      0.3849      0.2222
404     C         A           79           ALA            0.00           311    307    140     6.464     6.427     4.400     0.3395      0.3751      0.3724      0.2193
405     C         A           80           GLY            0.00           311    307    163     6.464     6.427     4.759     0.3800      0.4086      0.4059      0.2755
406     C         A           81           ASP            0.00           311    307    188     6.464     6.427     5.109     0.4097      0.4219      0.4192      0.3159
407     C         A           82           GLU            0.00           311    307    180     6.464     6.427     5.001     0.3945      0.4116      0.4089      0.2980
408     C         A           83           ALA            0.00           311    307    189     6.464     6.427     5.123     0.4078      0.4189      0.4162      0.3141
409     C         A           84           ASP            0.00           311    307    201     6.464     6.427     5.278     0.4952      0.4985      0.4957      0.4030
410     C         A           85           TYR            0.00           311    307    201     6.464     6.427     5.278     0.4934      0.4966      0.4939      0.4015
411     C         A           86           TYR            0.00           311    307    203     6.464     6.427     5.304     0.5065      0.5077      0.5049      0.4144
412     C         A           87           CYS            0.00           311    307    202     6.464     6.427     5.291     0.5144      0.5167      0.5140      0.4222
413     C         A           88           GLN            0.00           311    307    203     6.464     6.427     5.304     0.5149      0.5161      0.5133      0.4229
414     C         A           89           ALA            0.00           311    307    200     6.464     6.427     5.266     0.4790      0.4830      0.4802      0.3871
415     C         A           90           TRP            0.00           311    307    188     6.464     6.427     5.109     0.4252      0.4377      0.4349      0.3308
416     C         A           91           ASP            0.00           311    307    164     6.464     6.427     4.774     0.3853      0.4147      0.4119      0.2821
417     C         A           92           ASP            0.00           311    307    147     6.464     6.427     4.514     0.3653      0.4090      0.4063      0.2560
418     C         A           93           TYR            0.00           311    307    147     6.464     6.427     4.514     0.3631      0.4049      0.4022      0.2527
419     C         A           94           ASP            0.00           311    307    192     6.464     6.427     5.162     0.4454      0.4560      0.4533      0.3529
420     C         A           95           PRO            0.00           311    307    195     6.464     6.427     5.201     0.4499      0.4578      0.4550      0.3567
421     C         A           96           VAL            0.00           311    307    203     6.464     6.427     5.304     0.4977      0.4988      0.4960      0.4049
422     C         A           97           VAL            0.00           311    307    203     6.464     6.427     5.304     0.4995      0.5006      0.4979      0.4075
423     C         A           98           PHE            0.00           311    307    203     6.464     6.427     5.304     0.5210      0.5222      0.5195      0.4288
424     C         A           99           GLY            0.00           311    307    202     6.464     6.427     5.291     0.4977      0.4998      0.4971      0.4055
425     C         A          100           GLY            0.00           311    307    200     6.464     6.427     5.266     0.4741      0.4781      0.4753      0.3819
426     C         A          101           GLY            0.00           311    307    198     6.464     6.427     5.240     0.4598      0.4653      0.4625      0.3672
427     C         A          102           THR            0.00           311    307    198     6.464     6.427     5.240     0.4742      0.4801      0.4773      0.3816
428     C         A          103           GLN            0.00           311    307    195     6.464     6.427     5.201     0.4456      0.4535      0.4508      0.3530
429     C         A          104           LEU            0.00           311    307    192     6.464     6.427     5.162     0.4290      0.4389      0.4362      0.3359
430     C         A          105           THR            0.00           311    307    172     6.464     6.427     4.889     0.3843      0.4059      0.4032      0.2835
431     C         A          106           VAL            0.00           311    307     81     6.464     6.427     3.211     0.2852      0.3458      0.3432      0.1160
432     C         A          107           LEU            0.00           311    307      0     6.464     6.427     1.000     0.0892      0.0000      0.0000      0.0000
326     C         B            1           GLN            0.00           228    225      0     5.605     5.570     1.000     0.0499      0.0000      0.0000      0.0000
327     C         B            2           PRO            0.00           228    225      0     5.605     5.570     1.000     0.0619      0.0000      0.0000      0.0000
328     C         B            3           VAL            0.00           228    225      0     5.605     5.570     1.000     0.0823      0.0000      0.0000      0.0000
329     C         B            4           LEU            0.00           228    225    121     5.605     5.570     4.068     0.6500      0.6500      0.6473      0.5028
330     C         B            5           THR            0.00           228    225    121     5.605     5.570     4.068     0.7568      0.7568      0.7546      0.6302
331     C         B            6           GLN            0.00           228    225    121     5.605     5.570     4.068     0.8467      0.8467      0.8451      0.7512
332     C         B            7           PRO            0.00           228    225    121     5.605     5.570     4.068     0.7881      0.7881      0.7861      0.6692
333     C         B            8           PRO            0.00           228    225    121     5.605     5.570     4.068     0.7137      0.7137      0.7113      0.5759
334     C         B            9           SER            0.00           228    225    121     5.605     5.570     4.068     0.6718      0.6718      0.6692      0.5294
335     C         B           10           VAL            0.00           228    225    121     5.605     5.570     4.068     0.7491      0.7491      0.7468      0.6190
336     C         B           11           SER            0.00           228    225    121     5.605     5.570     4.068     0.6469      0.6469      0.6442      0.4984
337     C         B           12           ALA            0.00           228    225    121     5.605     5.570     4.068     0.6062      0.6062      0.6033      0.4548
338     C         B           13           ALA            0.00           228    225    121     5.605     5.570     4.068     0.5199      0.5199      0.5168      0.3681
339     C         B           14           PRO            0.00           228    225    121     5.605     5.570     4.068     0.5755      0.5755      0.5725      0.4220
340     C         B           15           GLY            0.00           228    225    121     5.605     5.570     4.068     0.5434      0.5434      0.5404      0.3899
341     C         B           16           GLN            0.00           228    225    121     5.605     5.570     4.068     0.5735      0.5735      0.5705      0.4201
342     C         B           17           THR            0.00           228    225    121     5.605     5.570     4.068     0.7277      0.7277      0.7253      0.5908
343     C         B           18           ALA            0.00           228    225    121     5.605     5.570     4.068     0.7321      0.7321      0.7297      0.5965
344     C         B           19           ARG            0.00           228    225    121     5.605     5.570     4.068     0.7843      0.7843      0.7823      0.6639
345     C         B           20           ILE            0.00           228    225    121     5.605     5.570     4.068     0.8471      0.8471      0.8456      0.7512
346     C         B           21           THR            0.00           228    225    121     5.605     5.570     4.068     0.8240      0.8240      0.8222      0.7186
347     C         B           22           CYS            0.00           228    225    121     5.605     5.570     4.068     0.8225      0.8225      0.8208      0.7163
348     C         B           23           GLY            0.00           228    225    121     5.605     5.570     4.068     0.6380      0.6380      0.6353      0.4895
349     C         B           24           GLY            0.00           228    225    121     5.605     5.570     4.068     0.4761      0.4761      0.4731      0.3300
350     C         B           25           ASN            0.00           228    225    121     5.605     5.570     4.068     0.4579      0.4579      0.4549      0.3143
351     C         B           26           ASN            0.00           228    225    121     5.605     5.570     4.068     0.5338      0.5338      0.5309      0.3844
352     C         B           27           ILE            0.00           228    225    121     5.605     5.570     4.068     0.7200      0.7200      0.7176      0.5823
353     C         B           28           GLY            0.00           228    225    121     5.605     5.570     4.068     0.7051      0.7051      0.7025      0.5645
354     C         B           29           GLU            0.00           228    225    121     5.605     5.570     4.068     0.6912      0.6912      0.6887      0.5490
355     C         B           30           LYS            0.00           228    225    121     5.605     5.570     4.068     0.7583      0.7583      0.7561      0.6314
356     C         B           31           HIS            0.00           228    225    121     5.605     5.570     4.068     0.7456      0.7456      0.7434      0.6169
357     C         B           32           VAL            0.00           228    225    121     5.605     5.570     4.068     0.8666      0.8666      0.8652      0.7807
358     C         B           33           GLN            0.00           228    225    121     5.605     5.570     4.068     0.8725      0.8725      0.8712      0.7899
359     C         B           34           TRP            0.00           228    225    121     5.605     5.570     4.068     0.9156      0.9156      0.9147      0.8571
360     C         B           35           TYR            0.00           228    225    121     5.605     5.570     4.068     0.9194      0.9194      0.9186      0.8632
361     C         B           36           GLN            0.00           228    225    121     5.605     5.570     4.068     0.9097      0.9097      0.9087      0.8475
362     C         B           37           GLN            0.00           228    225    121     5.605     5.570     4.068     0.8891      0.8891      0.8880      0.8151
363     C         B           38           ARG            0.00           228    225    121     5.605     5.570     4.068     0.8227      0.8227      0.8210      0.7183
364     C         B           39           PRO            0.00           228    225    121     5.605     5.570     4.068     0.7097      0.7097      0.7073      0.5747
365     C         B           40           GLY            0.00           228    225    121     5.605     5.570     4.068     0.7560      0.7560      0.7538      0.6313
366     C         B           41           GLN            0.00           228    225    121     5.605     5.570     4.068     0.8299      0.8299      0.8283      0.7287
367     C         B           42           ALA            0.00           228    225    121     5.605     5.570     4.068     0.8590      0.8590      0.8576      0.7710
368     C         B           43           PRO            0.00           228    225    121     5.605     5.570     4.068     0.8958      0.8958      0.8947      0.8264
369     C         B           44           VAL            0.00           228    225    121     5.605     5.570     4.068     0.8902      0.8902      0.8891      0.8173
370     C         B           45           LEU            0.00           228    225    121     5.605     5.570     4.068     0.9127      0.9127      0.9117      0.8524
371     C         B           46           VAL            0.00           228    225    121     5.605     5.570     4.068     0.8891      0.8891      0.8880      0.8157
372     C         B           47           ILE            0.00           228    225    121     5.605     5.570     4.068     0.8845      0.8845      0.8833      0.8075
373     C         B           48           TYR            0.00           228    225    121     5.605     5.570     4.068     0.8576      0.8576      0.8562      0.7669
374     C         B           49           TYR            0.00           228    225    121     5.605     5.570     4.068     0.8500      0.8500      0.8485      0.7561
375     C         B           50           ASP            0.00           228    225    121     5.605     5.570     4.068     0.8286      0.8286      0.8269      0.7247
376     C         B           51           SER            0.00           228    225    121     5.605     5.570     4.068     0.7367      0.7367      0.7344      0.6036
377     C         B           52           THR            0.00           228    225    121     5.605     5.570     4.068     0.8298      0.8298      0.8281      0.7262
378     C         B           53           ARG            0.00           228    225    121     5.605     5.570     4.068     0.7737      0.7737      0.7716      0.6504
379     C         B           54           PRO            0.00           228    225    121     5.605     5.570     4.068     0.7298      0.7298      0.7274      0.5956
380     C         B           55           SER            0.00           228    225    121     5.605     5.570     4.068     0.6268      0.6268      0.6241      0.4799
381     C         B           56           GLY            0.00           228    225    121     5.605     5.570     4.068     0.5911      0.5911      0.5883      0.4410
382     C         B           57           ILE            0.00           228    225    121     5.605     5.570     4.068     0.7634      0.7634      0.7613      0.6369
383     C         B           58           PRO            0.00           228    225    121     5.605     5.570     4.068     0.7078      0.7078      0.7053      0.5695
384     C         B           59           GLU            0.00           228    225    121     5.605     5.570     4.068     0.6245      0.6245      0.6216      0.4745
385     C         B           60           ARG            0.00           228    225    121     5.605     5.570     4.068     0.5984      0.5984      0.5955      0.4460
386     C         B           61           PHE            0.00           228    225    121     5.605     5.570     4.068     0.8031      0.8031      0.8012      0.6887
387     C         B           62           SER            0.00           228    225    121     5.605     5.570     4.068     0.6827      0.6827      0.6801      0.5381
388     C         B           63           GLY            0.00           228    225    121     5.605     5.570     4.068     0.6847      0.6847      0.6821      0.5404
389     C         B           64           SER            0.00           228    225    121     5.605     5.570     4.068     0.6877      0.6877      0.6851      0.5438
390     C         B           65           ASN            0.00           228    225    121     5.605     5.570     4.068     0.7516      0.7516      0.7494      0.6212
391     C         B           66           SER            0.00           228    225    121     5.605     5.570     4.068     0.5954      0.5954      0.5925      0.4449
392     C         B           67           GLY            0.00           228    225    121     5.605     5.570     4.068     0.5807      0.5807      0.5777      0.4272
393     C         B           68           ASN            0.00           228    225    121     5.605     5.570     4.068     0.6881      0.6881      0.6855      0.5448
394     C         B           69           THR            0.00           228    225    121     5.605     5.570     4.068     0.7494      0.7494      0.7471      0.6184
395     C         B           70           ALA            0.00           228    225    121     5.605     5.570     4.068     0.8030      0.8030      0.8011      0.6889
396     C         B           71           ALA            0.00           228    225    121     5.605     5.570     4.068     0.7659      0.7659      0.7638      0.6396
397     C         B           72           LEU            0.00           228    225    121     5.605     5.570     4.068     0.8686      0.8686      0.8672      0.7827
398     C         B           73           THR            0.00           228    225    121     5.605     5.570     4.068     0.8267      0.8267      0.8249      0.7214
399     C         B           74           ILE            0.00           228    225    121     5.605     5.570     4.068     0.8109      0.8109      0.8091      0.6991
400     C         B           75           ASN            0.00           228    225    121     5.605     5.570     4.068     0.6846      0.6846      0.6820      0.5404
401     C         B           76           SER            0.00           228    225    121     5.605     5.570     4.068     0.5969      0.5969      0.5940      0.4431
402     C         B           77           VAL            0.00           228    225    121     5.605     5.570     4.068     0.6897      0.6897      0.6871      0.5452
403     C         B           78           GLU            0.00           228    225    121     5.605     5.570     4.068     0.6089      0.6089      0.6060      0.4568
404     C         B           79           ALA            0.00           228    225    121     5.605     5.570     4.068     0.6875      0.6875      0.6849      0.5443
405     C         B           80           GLY            0.00           228    225    121     5.605     5.570     4.068     0.7224      0.7224      0.7200      0.5858
406     C         B           81           ASP            0.00           228    225    121     5.605     5.570     4.068     0.7924      0.7924      0.7904      0.6747
407     C         B           82           GLU            0.00           228    225    121     5.605     5.570     4.068     0.7934      0.7934      0.7914      0.6771
408     C         B           83           ALA            0.00           228    225    121     5.605     5.570     4.068     0.8118      0.8118      0.8100      0.7036
409     C         B           84           ASP            0.00           228    225    121     5.605     5.570     4.068     0.8820      0.8820      0.8807      0.8041
410     C         B           85           TYR            0.00           228    225    121     5.605     5.570     4.068     0.9115      0.9115      0.9106      0.8507
411     C         B           86           TYR            0.00           228    225    121     5.605     5.570     4.068     0.9167      0.9167      0.9158      0.8591
412     C         B           87           CYS            0.00           228    225    121     5.605     5.570     4.068     0.8899      0.8899      0.8887      0.8166
413     C         B           88           GLN            0.00           228    225    121     5.605     5.570     4.068     0.8775      0.8775      0.8762      0.7977
414     C         B           89           ALA            0.00           228    225    121     5.605     5.570     4.068     0.8261      0.8261      0.8244      0.7235
415     C         B           90           TRP            0.00           228    225    121     5.605     5.570     4.068     0.7620      0.7620      0.7599      0.6386
416     C         B           91           ASP            0.00           228    225    121     5.605     5.570     4.068     0.6530      0.6530      0.6504      0.5098
417     C         B           92           ASP            0.00           228    225    121     5.605     5.570     4.068     0.5557      0.5557      0.5529      0.4085
418     C         B           93           TYR            0.00           228    225    121     5.605     5.570     4.068     0.6756      0.6756      0.6730      0.5358
419     C         B           94           ASP            0.00           228    225    121     5.605     5.570     4.068     0.7882      0.7882      0.7863      0.6727
420     C         B           95           PRO            0.00           228    225    121     5.605     5.570     4.068     0.8438      0.8438      0.8423      0.7487
421     C         B           96           VAL            0.00           228    225    121     5.605     5.570     4.068     0.8909      0.8909      0.8897      0.8189
422     C         B           97           VAL            0.00           228    225    121     5.605     5.570     4.068     0.8890      0.8890      0.8878      0.8161
423     C         B           98           PHE            0.00           228    225    121     5.605     5.570     4.068     0.9208      0.9208      0.9200      0.8659
424     C         B           99           GLY            0.00           228    225    121     5.605     5.570     4.068     0.8742      0.8742      0.8729      0.7930
425     C         B          100           GLY            0.00           228    225    121     5.605     5.570     4.068     0.8161      0.8161      0.8143      0.7101
426     C         B          101           GLY            0.00           228    225    121     5.605     5.570     4.068     0.8365      0.8365      0.8349      0.7384
427     C         B          102           THR            0.00           228    225    121     5.605     5.570     4.068     0.8734      0.8734      0.8721      0.7913
428     C         B          103           GLN            0.00           228    225    121     5.605     5.570     4.068     0.8436      0.8436      0.8420      0.7470
429     C         B          104           LEU            0.00           228    225    121     5.605     5.570     4.068     0.8521      0.8521      0.8506      0.7593
430     C         B          105           THR            0.00           228    225    121     5.605     5.570     4.068     0.7142      0.7142      0.7118      0.5762
431     C         B          106           VAL            0.00           228    225    121     5.605     5.570     4.068     0.5406      0.5406      0.5376      0.3896
432     C         B          107           LEU            0.00           228    225      3     5.605     5.570     1.000     0.0989      0.2556      0.2532      0.0108
